 [1] "Age"      "Sex"      "Cp"       "Trestbps" "Chol"     "Fbs"      "Restecq" 
 [8] "Tahlach"  "Exang"    "Oldpeak"  "Slope"    "Ca"       "Thal"     "Num"     
      Age             Sex               Cp           Trestbps          Chol      
 Min.   :28.00   Min.   :0.0000   Min.   :1.000   Min.   : -9.0   Min.   : -9.0  
 1st Qu.:42.00   1st Qu.:0.0000   1st Qu.:2.000   1st Qu.:120.0   1st Qu.:198.0  
 Median :49.00   Median :1.0000   Median :3.000   Median :130.0   Median :237.0  
 Mean   :47.83   Mean   :0.7245   Mean   :2.983   Mean   :132.1   Mean   :230.5  
 3rd Qu.:54.00   3rd Qu.:1.0000   3rd Qu.:4.000   3rd Qu.:140.0   3rd Qu.:277.0  
 Max.   :66.00   Max.   :1.0000   Max.   :4.000   Max.   :200.0   Max.   :603.0  
      Fbs             Restecq           Tahlach          Exang        
 Min.   :-9.0000   Min.   :-9.0000   Min.   : -9.0   Min.   :-9.0000  
 1st Qu.: 0.0000   1st Qu.: 0.0000   1st Qu.:122.0   1st Qu.: 0.0000  
 Median : 0.0000   Median : 0.0000   Median :140.0   Median : 0.0000  
 Mean   :-0.1769   Mean   : 0.1871   Mean   :138.6   Mean   : 0.2721  
 3rd Qu.: 0.0000   3rd Qu.: 0.0000   3rd Qu.:155.0   3rd Qu.: 1.0000  
 Max.   : 1.0000   Max.   : 2.0000   Max.   :190.0   Max.   : 1.0000  
    Oldpeak           Slope              Ca              Thal       
 Min.   :0.0000   Min.   :-9.000   Min.   :-9.000   Min.   :-9.000  
 1st Qu.:0.0000   1st Qu.:-9.000   1st Qu.:-9.000   1st Qu.:-9.000  
 Median :0.0000   Median :-9.000   Median :-9.000   Median :-9.000  
 Mean   :0.5861   Mean   :-5.146   Mean   :-8.847   Mean   :-7.605  
 3rd Qu.:1.0000   3rd Qu.: 2.000   3rd Qu.:-9.000   3rd Qu.:-9.000  
 Max.   :5.0000   Max.   : 3.000   Max.   : 9.000   Max.   : 7.000  
      Num        
 Min.   :0.0000  
 1st Qu.:0.0000  
 Median :0.0000  
 Mean   :0.7925  
 3rd Qu.:1.0000  
 Max.   :4.0000  
List of 2

 $ trainset:'data.frame':	147 obs. of  14 variables:
  ..$ Age     : int [1:147] 52 31 48 33 42 38 42 48 49 65 ...
  ..$ Sex     : int [1:147] 1 1 0 1 1 1 0 0 1 1 ...
  ..$ Cp      : int [1:147] 4 4 4 3 4 4 3 2 4 4 ...
  ..$ Trestbps: int [1:147] 130 120 120 120 140 120 115 -9 130 170 ...
  ..$ Chol    : int [1:147] 298 270 254 298 358 282 211 308 206 263 ...
  ..$ Fbs     : int [1:147] 0 0 0 0 0 0 0 0 0 1 ...
  ..$ Restecq : int [1:147] 0 0 1 0 0 0 1 1 0 0 ...
  ..$ Tahlach : int [1:147] 110 153 110 185 170 170 137 -9 170 112 ...
  ..$ Exang   : int [1:147] 1 1 0 0 0 0 0 -9 0 1 ...
  ..$ Oldpeak : num [1:147] 1 1.5 0 0 0 0 0 2 0 2 ...
  ..$ Slope   : int [1:147] 2 2 -9 -9 -9 -9 -9 1 -9 2 ...
  ..$ Ca      : int [1:147] -9 -9 -9 -9 -9 -9 -9 -9 -9 -9 ...
  ..$ Thal    : int [1:147] -9 -9 -9 -9 -9 -9 -9 -9 -9 -9 ...
  ..$ Num     : int [1:147] 3 1 0 0 0 1 0 0 1 3 ...
 $ testset :'data.frame':	147 obs. of  14 variables:
  ..$ Age     : int [1:147] 40 48 48 37 58 54 38 36 43 44 ...
  ..$ Sex     : int [1:147] 1 0 0 0 1 0 1 1 0 1 ...
  ..$ Cp      : int [1:147] 2 4 2 3 2 2 4 2 1 2 ...
  ..$ Trestbps: int [1:147] 140 138 120 130 136 120 110 120 100 120 ...
  ..$ Chol    : int [1:147] 289 214 284 211 164 273 196 267 223 184 ...
  ..$ Fbs     : int [1:147] 0 0 0 0 0 0 0 0 0 0 ...
  ..$ Restecq : int [1:147] 0 0 0 0 1 0 0 0 0 0 ...
  ..$ Tahlach : int [1:147] 172 108 120 142 99 150 166 160 142 142 ...
  ..$ Exang   : int [1:147] 0 1 0 0 1 0 0 0 0 0 ...
  ..$ Oldpeak : num [1:147] 0 1.5 0 0 2 1.5 0 3 0 1 ...
  ..$ Slope   : int [1:147] -9 2 -9 -9 2 2 -9 2 -9 2 ...
  ..$ Ca      : int [1:147] -9 -9 -9 -9 -9 -9 -9 -9 -9 -9 ...
  ..$ Thal    : int [1:147] -9 -9 -9 -9 -9 -9 -9 -9 -9 -9 ...
  ..$ Num     : int [1:147] 0 3 0 0 3 0 1 1 0 0 ...
$trainset
[1] 147

$testset
[1] 147

$trainset
    Age Sex Cp Trestbps Chol Fbs Restecq Tahlach Exang Oldpeak Slope Ca Thal Num
268  52   1  4      130  298   0       0     110     1     1.0     2 -9   -9   3
57   31   1  4      120  270   0       0     153     1     1.5     2 -9   -9   1
107  48   0  4      120  254   0       1     110     0     0.0    -9 -9   -9   0
225  33   1  3      120  298   0       0     185     0     0.0    -9 -9   -9   0
286  42   1  4      140  358   0       0     170     0     0.0    -9 -9   -9   0
117  38   1  4      120  282   0       0     170     0     0.0    -9 -9   -9   1

$testset
   Age Sex Cp Trestbps Chol Fbs Restecq Tahlach Exang Oldpeak Slope Ca Thal Num
1   40   1  2      140  289   0       0     172     0     0.0    -9 -9   -9   0
4   48   0  4      138  214   0       0     108     1     1.5     2 -9   -9   3
10  48   0  2      120  284   0       0     120     0     0.0    -9 -9   -9   0
11  37   0  3      130  211   0       0     142     0     0.0    -9 -9   -9   0
12  58   1  2      136  164   0       1      99     1     2.0     2 -9   -9   3
16  54   0  2      120  273   0       0     150     0     1.5     2 -9   -9   0

# weights:  285
initial  value 234.040395 
iter  10 value 164.631836
iter  20 value 162.213779
iter  30 value 160.272266
iter  40 value 158.457000
iter  50 value 157.238527
iter  60 value 157.170866
iter  70 value 157.169327
final  value 157.169320 
converged

a 14-14-5 network with 285 weights
options were - softmax modelling 
  b->h1  i1->h1  i2->h1  i3->h1  i4->h1  i5->h1  i6->h1  i7->h1  i8->h1  i9->h1 
  -0.68    0.45   -0.65    0.42   -0.74    0.23    0.30    0.31   -0.52   -0.62 
i10->h1 i11->h1 i12->h1 i13->h1 i14->h1 
   0.24    0.54    0.10    0.07    0.14 
  b->h2  i1->h2  i2->h2  i3->h2  i4->h2  i5->h2  i6->h2  i7->h2  i8->h2  i9->h2 
  -0.49   -0.35   -0.08    0.35   -0.43    0.13    0.63    0.64   -0.48   -0.38 
i10->h2 i11->h2 i12->h2 i13->h2 i14->h2 
  -0.63    0.64   -0.65    0.38   -0.52 
  b->h3  i1->h3  i2->h3  i3->h3  i4->h3  i5->h3  i6->h3  i7->h3  i8->h3  i9->h3 
  -0.09   16.65   11.77  -32.66   16.58    8.58   -0.28  -12.65  -22.28    2.32 
i10->h3 i11->h3 i12->h3 i13->h3 i14->h3 
   5.85   19.60   -5.12   -4.63   26.58 
  b->h4  i1->h4  i2->h4  i3->h4  i4->h4  i5->h4  i6->h4  i7->h4  i8->h4  i9->h4 
   0.31   -0.02    0.07   -0.01    1.72    2.44    0.39   -0.69    1.12   -0.15 
i10->h4 i11->h4 i12->h4 i13->h4 i14->h4 
   0.44   -0.20   -0.46    0.41   -0.40 
  b->h5  i1->h5  i2->h5  i3->h5  i4->h5  i5->h5  i6->h5  i7->h5  i8->h5  i9->h5 
  -0.68    0.67   -0.11    0.19   -0.32    0.58    0.45   -0.22    0.47   -0.48 
i10->h5 i11->h5 i12->h5 i13->h5 i14->h5 
   0.02    0.33    0.56   -0.33    0.11 
  b->h6  i1->h6  i2->h6  i3->h6  i4->h6  i5->h6  i6->h6  i7->h6  i8->h6  i9->h6 
   0.50   -0.66    0.48    0.43   -0.51   -0.01    0.46    0.68   -0.52    0.31 
i10->h6 i11->h6 i12->h6 i13->h6 i14->h6 
  -0.67   -0.06    0.09   -0.47   -0.07 
  b->h7  i1->h7  i2->h7  i3->h7  i4->h7  i5->h7  i6->h7  i7->h7  i8->h7  i9->h7 
   0.59    0.43    0.18    0.26   -0.45   -1.54   -0.37    0.30   -0.10    0.45 
i10->h7 i11->h7 i12->h7 i13->h7 i14->h7 
   0.06   -0.56   -0.45   -0.04    0.61 
  b->h8  i1->h8  i2->h8  i3->h8  i4->h8  i5->h8  i6->h8  i7->h8  i8->h8  i9->h8 
  -0.48    0.25    0.00    0.51    0.03   -0.64    0.55   -0.62   -0.57    0.12 
i10->h8 i11->h8 i12->h8 i13->h8 i14->h8 
   0.48    0.26   -0.59    0.62    0.38 
  b->h9  i1->h9  i2->h9  i3->h9  i4->h9  i5->h9  i6->h9  i7->h9  i8->h9  i9->h9 
   0.25    0.19    0.16   -0.36    0.09    0.66   -0.14   -0.21   -0.39   -0.09 
i10->h9 i11->h9 i12->h9 i13->h9 i14->h9 
   0.04    0.31    0.28   -0.06    0.26 
  b->h10  i1->h10  i2->h10  i3->h10  i4->h10  i5->h10  i6->h10  i7->h10  i8->h10 
    0.60    -0.03     0.38     0.17     0.74    -0.41     0.43    -0.49     0.60 
 i9->h10 i10->h10 i11->h10 i12->h10 i13->h10 i14->h10 
   -0.39     0.25     0.56     0.04     0.31     0.13 
  b->h11  i1->h11  i2->h11  i3->h11  i4->h11  i5->h11  i6->h11  i7->h11  i8->h11 
   -0.24    -0.10     0.35     0.49    -0.34    -0.17    -0.17     0.08    -0.81 
 i9->h11 i10->h11 i11->h11 i12->h11 i13->h11 i14->h11 
   -0.46     0.02    -0.62    -0.44    -0.07     0.12 
  b->h12  i1->h12  i2->h12  i3->h12  i4->h12  i5->h12  i6->h12  i7->h12  i8->h12 
    0.01    -0.23     0.26     0.48     0.20     0.57     0.19     0.69     0.61 
 i9->h12 i10->h12 i11->h12 i12->h12 i13->h12 i14->h12 
   -0.27     0.01     0.53     0.06    -0.41     0.49 
  b->h13  i1->h13  i2->h13  i3->h13  i4->h13  i5->h13  i6->h13  i7->h13  i8->h13 
   -0.58    -0.08     0.27    -0.41     0.27     0.40    -0.26    -0.07     0.59 
 i9->h13 i10->h13 i11->h13 i12->h13 i13->h13 i14->h13 
    0.47     0.17    -0.54     0.59    -0.29    -0.04 
  b->h14  i1->h14  i2->h14  i3->h14  i4->h14  i5->h14  i6->h14  i7->h14  i8->h14 
   -0.51     0.28     0.19    -0.66    -0.26     0.42     0.48     0.47     0.01 
 i9->h14 i10->h14 i11->h14 i12->h14 i13->h14 i14->h14 
    0.46    -0.42    -0.61    -0.20     0.41    -0.52 
  b->o1  h1->o1  h2->o1  h3->o1  h4->o1  h5->o1  h6->o1  h7->o1  h8->o1  h9->o1 
  12.87    5.56    5.60  -47.28   12.85   12.92   -0.12    0.56    0.57   -4.97 
h10->o1 h11->o1 h12->o1 h13->o1 h14->o1 
  -4.29   -0.42   12.61   12.65   -6.09 
  b->o2  h1->o2  h2->o2  h3->o2  h4->o2  h5->o2  h6->o2  h7->o2  h8->o2  h9->o2 
  -2.90   -1.93   -1.60    4.97   -3.91   -3.62   -0.22   -0.50   -0.67    9.37 
h10->o2 h11->o2 h12->o2 h13->o2 h14->o2 
  -5.60   -0.38   -3.75   -3.54    8.93 
  b->o3  h1->o3  h2->o3  h3->o3  h4->o3  h5->o3  h6->o3  h7->o3  h8->o3  h9->o3 
   6.82    0.15    0.08  -46.90    7.12    7.29    0.29   -0.50   -0.48   -6.30 
h10->o3 h11->o3 h12->o3 h13->o3 h14->o3 
  22.80   -0.01    6.62    6.61   -5.57 
  b->o4  h1->o4  h2->o4  h3->o4  h4->o4  h5->o4  h6->o4  h7->o4  h8->o4  h9->o4 
 -13.64   -2.35   -1.50   84.87  -12.88  -13.20   -0.56    0.04   -0.53   -6.87 
h10->o4 h11->o4 h12->o4 h13->o4 h14->o4 
  -6.00   -0.30  -12.50  -13.50   -6.72 
  b->o5  h1->o5  h2->o5  h3->o5  h4->o5  h5->o5  h6->o5  h7->o5  h8->o5  h9->o5 
  -3.74   -1.74   -1.83    5.14   -3.11   -2.79   -0.22    0.16    0.48    7.88 
h10->o5 h11->o5 h12->o5 h13->o5 h14->o5 
  -6.44    0.10   -2.86   -2.50    7.53 


# weights:  285
initial  value 434.772742 
iter  10 value 165.399153
iter  20 value 161.493607
iter  30 value 160.174513
iter  40 value 159.724234
iter  50 value 158.387131
iter  60 value 158.041994
iter  70 value 157.851818
iter  80 value 157.785567
iter  90 value 157.784205
iter 100 value 157.727507
final  value 157.727507 
stopped after 100 iterations


       [,1] [,2] [,3] [,4] [,5] [,6] [,7] [,8] [,9] [,10] [,11] [,12] [,13] [,14]
  [1,]    0    0    0    0    0    0    0    0    0     0     0     0     0     0
  [2,]    0    0    0    0    0    0    0    0    0     0     0     0     0     0
  [3,]    0    0    0    0    0    0    0    0    0     0     0     0     0     0
  [4,]    0    0    0    0    0    0    0    0    0     0     0     0     0     0
  [5,]    0    0    0    0    0    0    0    0    0     0     0     0     0     0
  [6,]    0    0    0    0    0    0    0    0    0     0     0     0     0     0
  [7,]    0    0    0    0    0    0    0    0    0     0     0     0     0     0
  [8,]    0    0    0    0    0    0    0    0    0     0     0     0     0     0
  [9,]    0    0    0    0    0    0    0    0    0     0     0     0     0     0
 [10,]    0    0    0    0    0    0    0    0    0     0     0     0     0     0
 [11,]    0    0    0    0    0    0    0    0    0     0     0     0     0     0
 [12,]    0    0    0    0    0    0    0    0    0     0     0     0     0     0
 [13,]    0    0    0    0    0    0    0    0    0     0     0     0     0     0
 [14,]    0    0    0    0    0    0    0    0    0     0     0     0     0     0
 [15,]    0    0    0    0    0    0    0    0    0     0     0     0     0     0
 [16,]    0    0    0    0    0    0    0    0    0     0     0     0     0     0
 [17,]    0    0    0    0    0    0    0    0    0     0     0     0     0     0
 [18,]    0    0    0    0    0    0    0    0    0     0     0     0     0     0
 [19,]    0    0    0    0    0    0    0    0    0     0     0     0     0     0
 [20,]    0    0    0    0    0    0    0    0    0     0     0     0     0     0
 [21,]    0    0    0    0    0    0    0    0    0     0     0     0     0     0
 [22,]    0    0    0    0    0    0    0    0    0     0     0     0     0     0
 [23,]    0    0    0    0    0    0    0    0    0     0     0     0     0     0
 [24,]    0    0    0    0    0    0    0    0    0     0     0     0     0     0
 [25,]    0    0    0    0    0    0    0    0    0     0     0     0     0     0
 [26,]    0    0    0    0    0    0    0    0    0     0     0     0     0     0
 [27,]    0    0    0    0    0    0    0    0    0     0     0     0     0     0
 [28,]    0    0    0    0    0    0    0    0    0     0     0     0     0     0
 [29,]    0    0    0    0    0    0    0    0    0     0     0     0     0     0
 [30,]    0    0    0    0    0    0    0    0    0     0     0     0     0     0
 [31,]    0    0    0    0    0    0    0    0    0     0     0     0     0     0
 [32,]    0    0    0    0    0    0    0    0    0     0     0     0     0     0
 [33,]    0    0    0    0    0    0    0    0    0     0     0     0     0     0
 [34,]    0    0    0    0    0    0    0    0    0     0     0     0     0     0
 [35,]    0    0    0    0    0    0    0    0    0     0     0     0     0     0
       [,15] [,16] [,17] [,18] [,19] [,20] [,21] [,22] [,23] [,24] [,25] [,26]
  [1,]     0     0     0     0     0     0     0     0     0     0     0     0
  [2,]     0     0     0     0     0     0     0     0     0     0     0     0
  [3,]     0     0     0     0     0     0     0     0     0     0     0     0
  [4,]     0     0     0     0     0     0     0     0     0     0     0     0
  [5,]     0     0     0     0     0     0     0     0     0     0     0     0
  [6,]     0     0     0     0     0     0     0     0     0     0     0     0
  [7,]     0     0     0     0     0     0     0     0     0     0     0     0
  [8,]     0     0     0     0     0     0     0     0     0     0     0     0
  [9,]     0     0     0     0     0     0     0     0     0     0     0     0
 [10,]     0     0     0     0     0     0     0     0     0     0     0     0
 [11,]     0     0     0     0     0     0     0     0     0     0     0     0
 [12,]     0     0     0     0     0     0     0     0     0     0     0     0
 [13,]     0     0     0     0     0     0     0     0     0     0     0     0
 [14,]     0     0     0     0     0     0     0     0     0     0     0     0
 [15,]     0     0     0     0     0     0     0     0     0     0     0     0
 [16,]     0     0     0     0     0     0     0     0     0     0     0     0
 [17,]     0     0     0     0     0     0     0     0     0     0     0     0
 [18,]     0     0     0     0     0     0     0     0     0     0     0     0
 [19,]     0     0     0     0     0     0     0     0     0     0     0     0
 [20,]     0     0     0     0     0     0     0     0     0     0     0     0
 [21,]     0     0     0     0     0     0     0     0     0     0     0     0
 [22,]     0     0     0     0     0     0     0     0     0     0     0     0
 [23,]     0     0     0     0     0     0     0     0     0     0     0     0
 [24,]     0     0     0     0     0     0     0     0     0     0     0     0
 [25,]     0     0     0     0     0     0     0     0     0     0     0     0
 [26,]     0     0     0     0     0     0     0     0     0     0     0     0
 [27,]     0     0     0     0     0     0     0     0     0     0     0     0
 [28,]     0     0     0     0     0     0     0     0     0     0     0     0
 [29,]     0     0     0     0     0     0     0     0     0     0     0     0
 [30,]     0     0     0     0     0     0     0     0     0     0     0     0
 [31,]     0     0     0     0     0     0     0     0     0     0     0     0
 [32,]     0     0     0     0     0     0     0     0     0     0     0     0
 [33,]     0     0     0     0     0     0     0     0     0     0     0     0
 [34,]     0     0     0     0     0     0     0     0     0     0     0     0
 [35,]     0     0     0     0     0     0     0     0     0     0     0     0
       [,27] [,28] [,29] [,30] [,31] [,32] [,33] [,34] [,35] [,36] [,37] [,38]
  [1,]     0     0     0     0     0     0     0     0     0     0     0     0
  [2,]     0     0     0     0     0     0     0     0     0     0     0     0
  [3,]     0     0     0     0     0     0     0     0     0     0     0     0
  [4,]     0     0     0     0     0     0     0     0     0     0     0     0
  [5,]     0     0     0     0     0     0     0     0     0     0     0     0
  [6,]     0     0     0     0     0     0     0     0     0     0     0     0
  [7,]     0     0     0     0     0     0     0     0     0     0     0     0
  [8,]     0     0     0     0     0     0     0     0     0     0     0     0
  [9,]     0     0     0     0     0     0     0     0     0     0     0     0
 [10,]     0     0     0     0     0     0     0     0     0     0     0     0
 [11,]     0     0     0     0     0     0     0     0     0     0     0     0
 [12,]     0     0     0     0     0     0     0     0     0     0     0     0
 [13,]     0     0     0     0     0     0     0     0     0     0     0     0
 [14,]     0     0     0     0     0     0     0     0     0     0     0     0
 [15,]     0     0     0     0     0     0     0     0     0     0     0     0
 [16,]     0     0     0     0     0     0     0     0     0     0     0     0
 [17,]     0     0     0     0     0     0     0     0     0     0     0     0
 [18,]     0     0     0     0     0     0     0     0     0     0     0     0
 [19,]     0     0     0     0     0     0     0     0     0     0     0     0
 [20,]     0     0     0     0     0     0     0     0     0     0     0     0
 [21,]     0     0     0     0     0     0     0     0     0     0     0     0
 [22,]     0     0     0     0     0     0     0     0     0     0     0     0
 [23,]     0     0     0     0     0     0     0     0     0     0     0     0
 [24,]     0     0     0     0     0     0     0     0     0     0     0     0
 [25,]     0     0     0     0     0     0     0     0     0     0     0     0
 [26,]     0     0     0     0     0     0     0     0     0     0     0     0
 [27,]     0     0     0     0     0     0     0     0     0     0     0     0
 [28,]     0     0     0     0     0     0     0     0     0     0     0     0
 [29,]     0     0     0     0     0     0     0     0     0     0     0     0
 [30,]     0     0     0     0     0     0     0     0     0     0     0     0
 [31,]     0     0     0     0     0     0     0     0     0     0     0     0
 [32,]     0     0     0     0     0     0     0     0     0     0     0     0
 [33,]     0     0     0     0     0     0     0     0     0     0     0     0
 [34,]     0     0     0     0     0     0     0     0     0     0     0     0
 [35,]     0     0     0     0     0     0     0     0     0     0     0     0
       [,39] [,40] [,41] [,42] [,43] [,44] [,45] [,46] [,47] [,48] [,49] [,50]
  [1,]     0     0     0     0     0     0     0     0     0     0     0     0
  [2,]     0     0     0     0     0     0     0     0     0     0     0     0
  [3,]     0     0     0     0     0     0     0     0     0     0     0     0
  [4,]     0     0     0     0     0     0     0     0     0     0     0     0
  [5,]     0     0     0     0     0     0     0     0     0     0     0     0
  [6,]     0     0     0     0     0     0     0     0     0     0     0     0
  [7,]     0     0     0     0     0     0     0     0     0     0     0     0
  [8,]     0     0     0     0     0     0     0     0     0     0     0     0
  [9,]     0     0     0     0     0     0     0     0     0     0     0     0
 [10,]     0     0     0     0     0     0     0     0     0     0     0     0
 [11,]     0     0     0     0     0     0     0     0     0     0     0     0
 [12,]     0     0     0     0     0     0     0     0     0     0     0     0
 [13,]     0     0     0     0     0     0     0     0     0     0     0     0
 [14,]     0     0     0     0     0     0     0     0     0     0     0     0
 [15,]     0     0     0     0     0     0     0     0     0     0     0     0
 [16,]     0     0     0     0     0     0     0     0     0     0     0     0
 [17,]     0     0     0     0     0     0     0     0     0     0     0     0
 [18,]     0     0     0     0     0     0     0     0     0     0     0     0
 [19,]     0     0     0     0     0     0     0     0     0     0     0     0
 [20,]     0     0     0     0     0     0     0     0     0     0     0     0
 [21,]     0     0     0     0     0     0     0     0     0     0     0     0
 [22,]     0     0     0     0     0     0     0     0     0     0     0     0
 [23,]     0     0     0     0     0     0     0     0     0     0     0     0
 [24,]     0     0     0     0     0     0     0     0     0     0     0     0
 [25,]     0     0     0     0     0     0     0     0     0     0     0     0
 [26,]     0     0     0     0     0     0     0     0     0     0     0     0
 [27,]     0     0     0     0     0     0     0     0     0     0     0     0
 [28,]     0     0     0     0     0     0     0     0     0     0     0     0
 [29,]     0     0     0     0     0     0     0     0     0     0     0     0
 [30,]     0     0     0     0     0     0     0     0     0     0     0     0
 [31,]     0     0     0     0     0     0     0     0     0     0     0     0
 [32,]     0     0     0     0     0     0     0     0     0     0     0     0
 [33,]     0     0     0     0     0     0     0     0     0     0     0     0
 [34,]     0     0     0     0     0     0     0     0     0     0     0     0
 [35,]     0     0     0     0     0     0     0     0     0     0     0     0
       [,51] [,52] [,53] [,54] [,55] [,56] [,57] [,58] [,59] [,60] [,61] [,62]
  [1,]     0     0     0     0     0     0     0     0     0     0     0     0
  [2,]     0     0     0     0     0     0     0     0     0     0     0     0
  [3,]     0     0     0     0     0     0     0     0     0     0     0     0
  [4,]     0     0     0     0     0     0     0     0     0     0     0     0
  [5,]     0     0     0     0     0     0     0     0     0     0     0     0
  [6,]     0     0     0     0     0     0     0     0     0     0     0     0
  [7,]     0     0     0     0     0     0     0     0     0     0     0     0
  [8,]     0     0     0     0     0     0     0     0     0     0     0     0
  [9,]     0     0     0     0     0     0     0     0     0     0     0     0
 [10,]     0     0     0     0     0     0     0     0     0     0     0     0
 [11,]     0     0     0     0     0     0     0     0     0     0     0     0
 [12,]     0     0     0     0     0     0     0     0     0     0     0     0
 [13,]     0     0     0     0     0     0     0     0     0     0     0     0
 [14,]     0     0     0     0     0     0     0     0     0     0     0     0
 [15,]     0     0     0     0     0     0     0     0     0     0     0     0
 [16,]     0     0     0     0     0     0     0     0     0     0     0     0
 [17,]     0     0     0     0     0     0     0     0     0     0     0     0
 [18,]     0     0     0     0     0     0     0     0     0     0     0     0
 [19,]     0     0     0     0     0     0     0     0     0     0     0     0
 [20,]     0     0     0     0     0     0     0     0     0     0     0     0
 [21,]     0     0     0     0     0     0     0     0     0     0     0     0
 [22,]     0     0     0     0     0     0     0     0     0     0     0     0
 [23,]     0     0     0     0     0     0     0     0     0     0     0     0
 [24,]     0     0     0     0     0     0     0     0     0     0     0     0
 [25,]     0     0     0     0     0     0     0     0     0     0     0     0
 [26,]     0     0     0     0     0     0     0     0     0     0     0     0
 [27,]     0     0     0     0     0     0     0     0     0     0     0     0
 [28,]     0     0     0     0     0     0     0     0     0     0     0     0
 [29,]     0     0     0     0     0     0     0     0     0     0     0     0
 [30,]     0     0     0     0     0     0     0     0     0     0     0     0
 [31,]     0     0     0     0     0     0     0     0     0     0     0     0
 [32,]     0     0     0     0     0     0     0     0     0     0     0     0
 [33,]     0     0     0     0     0     0     0     0     0     0     0     0
 [34,]     0     0     0     0     0     0     0     0     0     0     0     0
 [35,]     0     0     0     0     0     0     0     0     0     0     0     0
       [,63] [,64] [,65] [,66] [,67] [,68] [,69] [,70] [,71] [,72] [,73] [,74]
  [1,]     0     0     0     0     0     0     0     0     0     0     0     0
  [2,]     0     0     0     0     0     0     0     0     0     0     0     0
  [3,]     0     0     0     0     0     0     0     0     0     0     0     0
  [4,]     0     0     0     0     0     0     0     0     0     0     0     0
  [5,]     0     0     0     0     0     0     0     0     0     0     0     0
  [6,]     0     0     0     0     0     0     0     0     0     0     0     0
  [7,]     0     0     0     0     0     0     0     0     0     0     0     0
  [8,]     0     0     0     0     0     0     0     0     0     0     0     0
  [9,]     0     0     0     0     0     0     0     0     0     0     0     0
 [10,]     0     0     0     0     0     0     0     0     0     0     0     0
 [11,]     0     0     0     0     0     0     0     0     0     0     0     0
 [12,]     0     0     0     0     0     0     0     0     0     0     0     0
 [13,]     0     0     0     0     0     0     0     0     0     0     0     0
 [14,]     0     0     0     0     0     0     0     0     0     0     0     0
 [15,]     0     0     0     0     0     0     0     0     0     0     0     0
 [16,]     0     0     0     0     0     0     0     0     0     0     0     0
 [17,]     0     0     0     0     0     0     0     0     0     0     0     0
 [18,]     0     0     0     0     0     0     0     0     0     0     0     0
 [19,]     0     0     0     0     0     0     0     0     0     0     0     0
 [20,]     0     0     0     0     0     0     0     0     0     0     0     0
 [21,]     0     0     0     0     0     0     0     0     0     0     0     0
 [22,]     0     0     0     0     0     0     0     0     0     0     0     0
 [23,]     0     0     0     0     0     0     0     0     0     0     0     0
 [24,]     0     0     0     0     0     0     0     0     0     0     0     0
 [25,]     0     0     0     0     0     0     0     0     0     0     0     0
 [26,]     0     0     0     0     0     0     0     0     0     0     0     0
 [27,]     0     0     0     0     0     0     0     0     0     0     0     0
 [28,]     0     0     0     0     0     0     0     0     0     0     0     0
 [29,]     0     0     0     0     0     0     0     0     0     0     0     0
 [30,]     0     0     0     0     0     0     0     0     0     0     0     0
 [31,]     0     0     0     0     0     0     0     0     0     0     0     0
 [32,]     0     0     0     0     0     0     0     0     0     0     0     0
 [33,]     0     0     0     0     0     0     0     0     0     0     0     0
 [34,]     0     0     0     0     0     0     0     0     0     0     0     0
 [35,]     0     0     0     0     0     0     0     0     0     0     0     0
       [,75] [,76] [,77] [,78] [,79] [,80] [,81] [,82] [,83] [,84] [,85] [,86]
  [1,]     0     0     0     0     0     0     0     0     0     0     0     0
  [2,]     0     0     0     0     0     0     0     0     0     0     0     0
  [3,]     0     0     0     0     0     0     0     0     0     0     0     0
  [4,]     0     0     0     0     0     0     0     0     0     0     0     0
  [5,]     0     0     0     0     0     0     0     0     0     0     0     0
  [6,]     0     0     0     0     0     0     0     0     0     0     0     0
  [7,]     0     0     0     0     0     0     0     0     0     0     0     0
  [8,]     0     0     0     0     0     0     0     0     0     0     0     0
  [9,]     0     0     0     0     0     0     0     0     0     0     0     0
 [10,]     0     0     0     0     0     0     0     0     0     0     0     0
 [11,]     0     0     0     0     0     0     0     0     0     0     0     0
 [12,]     0     0     0     0     0     0     0     0     0     0     0     0
 [13,]     0     0     0     0     0     0     0     0     0     0     0     0
 [14,]     0     0     0     0     0     0     0     0     0     0     0     0
 [15,]     0     0     0     0     0     0     0     0     0     0     0     0
 [16,]     0     0     0     0     0     0     0     0     0     0     0     0
 [17,]     0     0     0     0     0     0     0     0     0     0     0     0
 [18,]     0     0     0     0     0     0     0     0     0     0     0     0
 [19,]     0     0     0     0     0     0     0     0     0     0     0     0
 [20,]     0     0     0     0     0     0     0     0     0     0     0     0
 [21,]     0     0     0     0     0     0     0     0     0     0     0     0
 [22,]     0     0     0     0     0     0     0     0     0     0     0     0
 [23,]     0     0     0     0     0     0     0     0     0     0     0     0
 [24,]     0     0     0     0     0     0     0     0     0     0     0     0
 [25,]     0     0     0     0     0     0     0     0     0     0     0     0
 [26,]     0     0     0     0     0     0     0     0     0     0     0     0
 [27,]     0     0     0     0     0     0     0     0     0     0     0     0
 [28,]     0     0     0     0     0     0     0     0     0     0     0     0
 [29,]     0     0     0     0     0     0     0     0     0     0     0     0
 [30,]     0     0     0     0     0     0     0     0     0     0     0     0
 [31,]     0     0     0     0     0     0     0     0     0     0     0     0
 [32,]     0     0     0     0     0     0     0     0     0     0     0     0
 [33,]     0     0     0     0     0     0     0     0     0     0     0     0
 [34,]     0     0     0     0     0     0     0     0     0     0     0     0
 [35,]     0     0     0     0     0     0     0     0     0     0     0     0
       [,87] [,88] [,89] [,90] [,91] [,92] [,93] [,94] [,95] [,96] [,97] [,98]
  [1,]     0     0     0     0     0     0     0     0     0     0     0     0
  [2,]     0     0     0     0     0     0     0     0     0     0     0     0
  [3,]     0     0     0     0     0     0     0     0     0     0     0     0
  [4,]     0     0     0     0     0     0     0     0     0     0     0     0
  [5,]     0     0     0     0     0     0     0     0     0     0     0     0
  [6,]     0     0     0     0     0     0     0     0     0     0     0     0
  [7,]     0     0     0     0     0     0     0     0     0     0     0     0
  [8,]     0     0     0     0     0     0     0     0     0     0     0     0
  [9,]     0     0     0     0     0     0     0     0     0     0     0     0
 [10,]     0     0     0     0     0     0     0     0     0     0     0     0
 [11,]     0     0     0     0     0     0     0     0     0     0     0     0
 [12,]     0     0     0     0     0     0     0     0     0     0     0     0
 [13,]     0     0     0     0     0     0     0     0     0     0     0     0
 [14,]     0     0     0     0     0     0     0     0     0     0     0     0
 [15,]     0     0     0     0     0     0     0     0     0     0     0     0
 [16,]     0     0     0     0     0     0     0     0     0     0     0     0
 [17,]     0     0     0     0     0     0     0     0     0     0     0     0
 [18,]     0     0     0     0     0     0     0     0     0     0     0     0
 [19,]     0     0     0     0     0     0     0     0     0     0     0     0
 [20,]     0     0     0     0     0     0     0     0     0     0     0     0
 [21,]     0     0     0     0     0     0     0     0     0     0     0     0
 [22,]     0     0     0     0     0     0     0     0     0     0     0     0
 [23,]     0     0     0     0     0     0     0     0     0     0     0     0
 [24,]     0     0     0     0     0     0     0     0     0     0     0     0
 [25,]     0     0     0     0     0     0     0     0     0     0     0     0
 [26,]     0     0     0     0     0     0     0     0     0     0     0     0
 [27,]     0     0     0     0     0     0     0     0     0     0     0     0
 [28,]     0     0     0     0     0     0     0     0     0     0     0     0
 [29,]     0     0     0     0     0     0     0     0     0     0     0     0
 [30,]     0     0     0     0     0     0     0     0     0     0     0     0
 [31,]     0     0     0     0     0     0     0     0     0     0     0     0
 [32,]     0     0     0     0     0     0     0     0     0     0     0     0
 [33,]     0     0     0     0     0     0     0     0     0     0     0     0
 [34,]     0     0     0     0     0     0     0     0     0     0     0     0
 [35,]     0     0     0     0     0     0     0     0     0     0     0     0
       [,99] [,100] [,101] [,102] [,103] [,104] [,105] [,106] [,107] [,108]
  [1,]     0      0      0      0      0      0      0      0      0      0
  [2,]     0      0      0      0      0      0      0      0      0      0
  [3,]     0      0      0      0      0      0      0      0      0      0
  [4,]     0      0      0      0      0      0      0      0      0      0
  [5,]     0      0      0      0      0      0      0      0      0      0
  [6,]     0      0      0      0      0      0      0      0      0      0
  [7,]     0      0      0      0      0      0      0      0      0      0
  [8,]     0      0      0      0      0      0      0      0      0      0
  [9,]     0      0      0      0      0      0      0      0      0      0
 [10,]     0      0      0      0      0      0      0      0      0      0
 [11,]     0      0      0      0      0      0      0      0      0      0
 [12,]     0      0      0      0      0      0      0      0      0      0
 [13,]     0      0      0      0      0      0      0      0      0      0
 [14,]     0      0      0      0      0      0      0      0      0      0
 [15,]     0      0      0      0      0      0      0      0      0      0
 [16,]     0      0      0      0      0      0      0      0      0      0
 [17,]     0      0      0      0      0      0      0      0      0      0
 [18,]     0      0      0      0      0      0      0      0      0      0
 [19,]     0      0      0      0      0      0      0      0      0      0
 [20,]     0      0      0      0      0      0      0      0      0      0
 [21,]     0      0      0      0      0      0      0      0      0      0
 [22,]     0      0      0      0      0      0      0      0      0      0
 [23,]     0      0      0      0      0      0      0      0      0      0
 [24,]     0      0      0      0      0      0      0      0      0      0
 [25,]     0      0      0      0      0      0      0      0      0      0
 [26,]     0      0      0      0      0      0      0      0      0      0
 [27,]     0      0      0      0      0      0      0      0      0      0
 [28,]     0      0      0      0      0      0      0      0      0      0
 [29,]     0      0      0      0      0      0      0      0      0      0
 [30,]     0      0      0      0      0      0      0      0      0      0
 [31,]     0      0      0      0      0      0      0      0      0      0
 [32,]     0      0      0      0      0      0      0      0      0      0
 [33,]     0      0      0      0      0      0      0      0      0      0
 [34,]     0      0      0      0      0      0      0      0      0      0
 [35,]     0      0      0      0      0      0      0      0      0      0
       [,109] [,110] [,111] [,112] [,113] [,114] [,115] [,116] [,117] [,118]
  [1,]      0      0      0      0      0      0      0      0      0      0
  [2,]      0      0      0      0      0      0      0      0      0      0
  [3,]      0      0      0      0      0      0      0      0      0      0
  [4,]      0      0      0      0      0      0      0      0      0      0
  [5,]      0      0      0      0      0      0      0      0      0      0
  [6,]      0      0      0      0      0      0      0      0      0      0
  [7,]      0      0      0      0      0      0      0      0      0      0
  [8,]      0      0      0      0      0      0      0      0      0      0
  [9,]      0      0      0      0      0      0      0      0      0      0
 [10,]      0      0      0      0      0      0      0      0      0      0
 [11,]      0      0      0      0      0      0      0      0      0      0
 [12,]      0      0      0      0      0      0      0      0      0      0
 [13,]      0      0      0      0      0      0      0      0      0      0
 [14,]      0      0      0      0      0      0      0      0      0      0
 [15,]      0      0      0      0      0      0      0      0      0      0
 [16,]      0      0      0      0      0      0      0      0      0      0
 [17,]      0      0      0      0      0      0      0      0      0      0
 [18,]      0      0      0      0      0      0      0      0      0      0
 [19,]      0      0      0      0      0      0      0      0      0      0
 [20,]      0      0      0      0      0      0      0      0      0      0
 [21,]      0      0      0      0      0      0      0      0      0      0
 [22,]      0      0      0      0      0      0      0      0      0      0
 [23,]      0      0      0      0      0      0      0      0      0      0
 [24,]      0      0      0      0      0      0      0      0      0      0
 [25,]      0      0      0      0      0      0      0      0      0      0
 [26,]      0      0      0      0      0      0      0      0      0      0
 [27,]      0      0      0      0      0      0      0      0      0      0
 [28,]      0      0      0      0      0      0      0      0      0      0
 [29,]      0      0      0      0      0      0      0      0      0      0
 [30,]      0      0      0      0      0      0      0      0      0      0
 [31,]      0      0      0      0      0      0      0      0      0      0
 [32,]      0      0      0      0      0      0      0      0      0      0
 [33,]      0      0      0      0      0      0      0      0      0      0
 [34,]      0      0      0      0      0      0      0      0      0      0
 [35,]      0      0      0      0      0      0      0      0      0      0
       [,119] [,120] [,121] [,122] [,123] [,124] [,125] [,126] [,127] [,128]
  [1,]      0      0      0      0      0      0      0      0      0      0
  [2,]      0      0      0      0      0      0      0      0      0      0
  [3,]      0      0      0      0      0      0      0      0      0      0
  [4,]      0      0      0      0      0      0      0      0      0      0
  [5,]      0      0      0      0      0      0      0      0      0      0
  [6,]      0      0      0      0      0      0      0      0      0      0
  [7,]      0      0      0      0      0      0      0      0      0      0
  [8,]      0      0      0      0      0      0      0      0      0      0
  [9,]      0      0      0      0      0      0      0      0      0      0
 [10,]      0      0      0      0      0      0      0      0      0      0
 [11,]      0      0      0      0      0      0      0      0      0      0
 [12,]      0      0      0      0      0      0      0      0      0      0
 [13,]      0      0      0      0      0      0      0      0      0      0
 [14,]      0      0      0      0      0      0      0      0      0      0
 [15,]      0      0      0      0      0      0      0      0      0      0
 [16,]      0      0      0      0      0      0      0      0      0      0
 [17,]      0      0      0      0      0      0      0      0      0      0
 [18,]      0      0      0      0      0      0      0      0      0      0
 [19,]      0      0      0      0      0      0      0      0      0      0
 [20,]      0      0      0      0      0      0      0      0      0      0
 [21,]      0      0      0      0      0      0      0      0      0      0
 [22,]      0      0      0      0      0      0      0      0      0      0
 [23,]      0      0      0      0      0      0      0      0      0      0
 [24,]      0      0      0      0      0      0      0      0      0      0
 [25,]      0      0      0      0      0      0      0      0      0      0
 [26,]      0      0      0      0      0      0      0      0      0      0
 [27,]      0      0      0      0      0      0      0      0      0      0
 [28,]      0      0      0      0      0      0      0      0      0      0
 [29,]      0      0      0      0      0      0      0      0      0      0
 [30,]      0      0      0      0      0      0      0      0      0      0
 [31,]      0      0      0      0      0      0      0      0      0      0
 [32,]      0      0      0      0      0      0      0      0      0      0
 [33,]      0      0      0      0      0      0      0      0      0      0
 [34,]      0      0      0      0      0      0      0      0      0      0
 [35,]      0      0      0      0      0      0      0      0      0      0
       [,129] [,130] [,131] [,132] [,133] [,134] [,135] [,136] [,137] [,138]
  [1,]      0      0      0      0      0      0      0      0      0      0
  [2,]      0      0      0      0      0      0      0      0      0      0
  [3,]      0      0      0      0      0      0      0      0      0      0
  [4,]      0      0      0      0      0      0      0      0      0      0
  [5,]      0      0      0      0      0      0      0      0      0      0
  [6,]      0      0      0      0      0      0      0      0      0      0
  [7,]      0      0      0      0      0      0      0      0      0      0
  [8,]      0      0      0      0      0      0      0      0      0      0
  [9,]      0      0      0      0      0      0      0      0      0      0
 [10,]      0      0      0      0      0      0      0      0      0      0
 [11,]      0      0      0      0      0      0      0      0      0      0
 [12,]      0      0      0      0      0      0      0      0      0      0
 [13,]      0      0      0      0      0      0      0      0      0      0
 [14,]      0      0      0      0      0      0      0      0      0      0
 [15,]      0      0      0      0      0      0      0      0      0      0
 [16,]      0      0      0      0      0      0      0      0      0      0
 [17,]      0      0      0      0      0      0      0      0      0      0
 [18,]      0      0      0      0      0      0      0      0      0      0
 [19,]      0      0      0      0      0      0      0      0      0      0
 [20,]      0      0      0      0      0      0      0      0      0      0
 [21,]      0      0      0      0      0      0      0      0      0      0
 [22,]      0      0      0      0      0      0      0      0      0      0
 [23,]      0      0      0      0      0      0      0      0      0      0
 [24,]      0      0      0      0      0      0      0      0      0      0
 [25,]      0      0      0      0      0      0      0      0      0      0
 [26,]      0      0      0      0      0      0      0      0      0      0
 [27,]      0      0      0      0      0      0      0      0      0      0
 [28,]      0      0      0      0      0      0      0      0      0      0
 [29,]      0      0      0      0      0      0      0      0      0      0
 [30,]      0      0      0      0      0      0      0      0      0      0
 [31,]      0      0      0      0      0      0      0      0      0      0
 [32,]      0      0      0      0      0      0      0      0      0      0
 [33,]      0      0      0      0      0      0      0      0      0      0
 [34,]      0      0      0      0      0      0      0      0      0      0
 [35,]      0      0      0      0      0      0      0      0      0      0
       [,139] [,140] [,141] [,142] [,143] [,144] [,145] [,146] [,147] [,148]
  [1,]      0      0      0      0      0      0      0      0      0      0
  [2,]      0      0      0      0      0      0      0      0      0      0
  [3,]      0      0      0      0      0      0      0      0      0      0
  [4,]      0      0      0      0      0      0      0      0      0      0
  [5,]      0      0      0      0      0      0      0      0      0      0
  [6,]      0      0      0      0      0      0      0      0      0      0
  [7,]      0      0      0      0      0      0      0      0      0      0
  [8,]      0      0      0      0      0      0      0      0      0      0
  [9,]      0      0      0      0      0      0      0      0      0      0
 [10,]      0      0      0      0      0      0      0      0      0      0
 [11,]      0      0      0      0      0      0      0      0      0      0
 [12,]      0      0      0      0      0      0      0      0      0      0
 [13,]      0      0      0      0      0      0      0      0      0      0
 [14,]      0      0      0      0      0      0      0      0      0      0
 [15,]      0      0      0      0      0      0      0      0      0      0
 [16,]      0      0      0      0      0      0      0      0      0      0
 [17,]      0      0      0      0      0      0      0      0      0      0
 [18,]      0      0      0      0      0      0      0      0      0      0
 [19,]      0      0      0      0      0      0      0      0      0      0
 [20,]      0      0      0      0      0      0      0      0      0      0
 [21,]      0      0      0      0      0      0      0      0      0      0
 [22,]      0      0      0      0      0      0      0      0      0      0
 [23,]      0      0      0      0      0      0      0      0      0      0
 [24,]      0      0      0      0      0      0      0      0      0      0
 [25,]      0      0      0      0      0      0      0      0      0      0
 [26,]      0      0      0      0      0      0      0      0      0      0
 [27,]      0      0      0      0      0      0      0      0      0      0
 [28,]      0      0      0      0      0      0      0      0      0      0
 [29,]      0      0      0      0      0      0      0      0      0      0
 [30,]      0      0      0      0      0      0      0      0      0      0
 [31,]      0      0      0      0      0      0      0      0      0      0
 [32,]      0      0      0      0      0      0      0      0      0      0
 [33,]      0      0      0      0      0      0      0      0      0      0
 [34,]      0      0      0      0      0      0      0      0      0      0
 [35,]      0      0      0      0      0      0      0      0      0      0
       [,149] [,150]        [,151]        [,152]        [,153]        [,154]
  [1,]      0      0  0.0000000000    0.00000000  0.000000e+00  0.000000e+00
  [2,]      0      0  0.0000000000    0.00000000  0.000000e+00  0.000000e+00
  [3,]      0      0  0.0000000000    0.00000000  0.000000e+00  0.000000e+00
  [4,]      0      0  0.0000000000    0.00000000  0.000000e+00  0.000000e+00
  [5,]      0      0  0.0000000000    0.00000000  0.000000e+00  0.000000e+00
  [6,]      0      0  0.0000000000    0.00000000  0.000000e+00  0.000000e+00
  [7,]      0      0  0.0000000000    0.00000000  0.000000e+00  0.000000e+00
  [8,]      0      0  0.0000000000    0.00000000  0.000000e+00  0.000000e+00
  [9,]      0      0  0.0000000000    0.00000000  0.000000e+00  0.000000e+00
 [10,]      0      0  0.0000000000    0.00000000  0.000000e+00  0.000000e+00
 [11,]      0      0  0.0000000000    0.00000000  0.000000e+00  0.000000e+00
 [12,]      0      0  0.0000000000    0.00000000  0.000000e+00  0.000000e+00
 [13,]      0      0  0.0000000000    0.00000000  0.000000e+00  0.000000e+00
 [14,]      0      0  0.0000000000    0.00000000  0.000000e+00  0.000000e+00
 [15,]      0      0  0.0000000000    0.00000000  0.000000e+00  0.000000e+00
 [16,]      0      0  0.0000000000    0.00000000  0.000000e+00  0.000000e+00
 [17,]      0      0  0.0000000000    0.00000000  0.000000e+00  0.000000e+00
 [18,]      0      0  0.0000000000    0.00000000  0.000000e+00  0.000000e+00
 [19,]      0      0  0.0000000000    0.00000000  0.000000e+00  0.000000e+00
 [20,]      0      0  0.0000000000    0.00000000  0.000000e+00  0.000000e+00
 [21,]      0      0  0.0000000000    0.00000000  0.000000e+00  0.000000e+00
 [22,]      0      0  0.0000000000    0.00000000  0.000000e+00  0.000000e+00
 [23,]      0      0  0.0000000000    0.00000000  0.000000e+00  0.000000e+00
 [24,]      0      0  0.0000000000    0.00000000  0.000000e+00  0.000000e+00
 [25,]      0      0  0.0000000000    0.00000000  0.000000e+00  0.000000e+00
 [26,]      0      0  0.0000000000    0.00000000  0.000000e+00  0.000000e+00
 [27,]      0      0  0.0000000000    0.00000000  0.000000e+00  0.000000e+00
 [28,]      0      0  0.0000000000    0.00000000  0.000000e+00  0.000000e+00
 [29,]      0      0  0.0000000000    0.00000000  0.000000e+00  0.000000e+00
 [30,]      0      0  0.0000000000    0.00000000  0.000000e+00  0.000000e+00
 [31,]      0      0  0.0000000000    0.00000000  0.000000e+00  0.000000e+00
 [32,]      0      0  0.0000000000    0.00000000  0.000000e+00  0.000000e+00
 [33,]      0      0  0.0000000000    0.00000000  0.000000e+00  0.000000e+00
 [34,]      0      0  0.0000000000    0.00000000  0.000000e+00  0.000000e+00
 [35,]      0      0  0.0000000000    0.00000000  0.000000e+00  0.000000e+00
              [,155]        [,156] [,157] [,158]        [,159]        [,160]
  [1,]    0.00000000  0.000000e+00      0      0    0.00000000  0.0000000000
  [2,]    0.00000000  0.000000e+00      0      0    0.00000000  0.0000000000
  [3,]    0.00000000  0.000000e+00      0      0    0.00000000  0.0000000000
  [4,]    0.00000000  0.000000e+00      0      0    0.00000000  0.0000000000
  [5,]    0.00000000  0.000000e+00      0      0    0.00000000  0.0000000000
  [6,]    0.00000000  0.000000e+00      0      0    0.00000000  0.0000000000
  [7,]    0.00000000  0.000000e+00      0      0    0.00000000  0.0000000000
  [8,]    0.00000000  0.000000e+00      0      0    0.00000000  0.0000000000
  [9,]    0.00000000  0.000000e+00      0      0    0.00000000  0.0000000000
 [10,]    0.00000000  0.000000e+00      0      0    0.00000000  0.0000000000
 [11,]    0.00000000  0.000000e+00      0      0    0.00000000  0.0000000000
 [12,]    0.00000000  0.000000e+00      0      0    0.00000000  0.0000000000
 [13,]    0.00000000  0.000000e+00      0      0    0.00000000  0.0000000000
 [14,]    0.00000000  0.000000e+00      0      0    0.00000000  0.0000000000
 [15,]    0.00000000  0.000000e+00      0      0    0.00000000  0.0000000000
 [16,]    0.00000000  0.000000e+00      0      0    0.00000000  0.0000000000
 [17,]    0.00000000  0.000000e+00      0      0    0.00000000  0.0000000000
 [18,]    0.00000000  0.000000e+00      0      0    0.00000000  0.0000000000
 [19,]    0.00000000  0.000000e+00      0      0    0.00000000  0.0000000000
 [20,]    0.00000000  0.000000e+00      0      0    0.00000000  0.0000000000
 [21,]    0.00000000  0.000000e+00      0      0    0.00000000  0.0000000000
 [22,]    0.00000000  0.000000e+00      0      0    0.00000000  0.0000000000
 [23,]    0.00000000  0.000000e+00      0      0    0.00000000  0.0000000000
 [24,]    0.00000000  0.000000e+00      0      0    0.00000000  0.0000000000
 [25,]    0.00000000  0.000000e+00      0      0    0.00000000  0.0000000000
 [26,]    0.00000000  0.000000e+00      0      0    0.00000000  0.0000000000
 [27,]    0.00000000  0.000000e+00      0      0    0.00000000  0.0000000000
 [28,]    0.00000000  0.000000e+00      0      0    0.00000000  0.0000000000
 [29,]    0.00000000  0.000000e+00      0      0    0.00000000  0.0000000000
 [30,]    0.00000000  0.000000e+00      0      0    0.00000000  0.0000000000
 [31,]    0.00000000  0.000000e+00      0      0    0.00000000  0.0000000000
 [32,]    0.00000000  0.000000e+00      0      0    0.00000000  0.0000000000
 [33,]    0.00000000  0.000000e+00      0      0    0.00000000  0.0000000000
 [34,]    0.00000000  0.000000e+00      0      0    0.00000000  0.0000000000
 [35,]    0.00000000  0.000000e+00      0      0    0.00000000  0.0000000000
              [,161]        [,162]        [,163]        [,164]        [,165]
  [1,]  0.000000e+00  0.000000e+00  0.000000e+00   0.000000000  0.000000e+00
  [2,]  0.000000e+00  0.000000e+00  0.000000e+00   0.000000000  0.000000e+00
  [3,]  0.000000e+00  0.000000e+00  0.000000e+00   0.000000000  0.000000e+00
  [4,]  0.000000e+00  0.000000e+00  0.000000e+00   0.000000000  0.000000e+00
  [5,]  0.000000e+00  0.000000e+00  0.000000e+00   0.000000000  0.000000e+00
  [6,]  0.000000e+00  0.000000e+00  0.000000e+00   0.000000000  0.000000e+00
  [7,]  0.000000e+00  0.000000e+00  0.000000e+00   0.000000000  0.000000e+00
  [8,]  0.000000e+00  0.000000e+00  0.000000e+00   0.000000000  0.000000e+00
  [9,]  0.000000e+00  0.000000e+00  0.000000e+00   0.000000000  0.000000e+00
 [10,]  0.000000e+00  0.000000e+00  0.000000e+00   0.000000000  0.000000e+00
 [11,]  0.000000e+00  0.000000e+00  0.000000e+00   0.000000000  0.000000e+00
 [12,]  0.000000e+00  0.000000e+00  0.000000e+00   0.000000000  0.000000e+00
 [13,]  0.000000e+00  0.000000e+00  0.000000e+00   0.000000000  0.000000e+00
 [14,]  0.000000e+00  0.000000e+00  0.000000e+00   0.000000000  0.000000e+00
 [15,]  0.000000e+00  0.000000e+00  0.000000e+00   0.000000000  0.000000e+00
 [16,]  0.000000e+00  0.000000e+00  0.000000e+00   0.000000000  0.000000e+00
 [17,]  0.000000e+00  0.000000e+00  0.000000e+00   0.000000000  0.000000e+00
 [18,]  0.000000e+00  0.000000e+00  0.000000e+00   0.000000000  0.000000e+00
 [19,]  0.000000e+00  0.000000e+00  0.000000e+00   0.000000000  0.000000e+00
 [20,]  0.000000e+00  0.000000e+00  0.000000e+00   0.000000000  0.000000e+00
 [21,]  0.000000e+00  0.000000e+00  0.000000e+00   0.000000000  0.000000e+00
 [22,]  0.000000e+00  0.000000e+00  0.000000e+00   0.000000000  0.000000e+00
 [23,]  0.000000e+00  0.000000e+00  0.000000e+00   0.000000000  0.000000e+00
 [24,]  0.000000e+00  0.000000e+00  0.000000e+00   0.000000000  0.000000e+00
 [25,]  0.000000e+00  0.000000e+00  0.000000e+00   0.000000000  0.000000e+00
 [26,]  0.000000e+00  0.000000e+00  0.000000e+00   0.000000000  0.000000e+00
 [27,]  0.000000e+00  0.000000e+00  0.000000e+00   0.000000000  0.000000e+00
 [28,]  0.000000e+00  0.000000e+00  0.000000e+00   0.000000000  0.000000e+00
 [29,]  0.000000e+00  0.000000e+00  0.000000e+00   0.000000000  0.000000e+00
 [30,]  0.000000e+00  0.000000e+00  0.000000e+00   0.000000000  0.000000e+00
 [31,]  0.000000e+00  0.000000e+00  0.000000e+00   0.000000000  0.000000e+00
 [32,]  0.000000e+00  0.000000e+00  0.000000e+00   0.000000000  0.000000e+00
 [33,]  0.000000e+00  0.000000e+00  0.000000e+00   0.000000000  0.000000e+00
 [34,]  0.000000e+00  0.000000e+00  0.000000e+00   0.000000000  0.000000e+00
 [35,]  0.000000e+00  0.000000e+00  0.000000e+00   0.000000000  0.000000e+00
       [,166] [,167] [,168] [,169] [,170] [,171] [,172] [,173] [,174] [,175]
  [1,]      0      0      0      0      0      0      0      0      0      0
  [2,]      0      0      0      0      0      0      0      0      0      0
  [3,]      0      0      0      0      0      0      0      0      0      0
  [4,]      0      0      0      0      0      0      0      0      0      0
  [5,]      0      0      0      0      0      0      0      0      0      0
  [6,]      0      0      0      0      0      0      0      0      0      0
  [7,]      0      0      0      0      0      0      0      0      0      0
  [8,]      0      0      0      0      0      0      0      0      0      0
  [9,]      0      0      0      0      0      0      0      0      0      0
 [10,]      0      0      0      0      0      0      0      0      0      0
 [11,]      0      0      0      0      0      0      0      0      0      0
 [12,]      0      0      0      0      0      0      0      0      0      0
 [13,]      0      0      0      0      0      0      0      0      0      0
 [14,]      0      0      0      0      0      0      0      0      0      0
 [15,]      0      0      0      0      0      0      0      0      0      0
 [16,]      0      0      0      0      0      0      0      0      0      0
 [17,]      0      0      0      0      0      0      0      0      0      0
 [18,]      0      0      0      0      0      0      0      0      0      0
 [19,]      0      0      0      0      0      0      0      0      0      0
 [20,]      0      0      0      0      0      0      0      0      0      0
 [21,]      0      0      0      0      0      0      0      0      0      0
 [22,]      0      0      0      0      0      0      0      0      0      0
 [23,]      0      0      0      0      0      0      0      0      0      0
 [24,]      0      0      0      0      0      0      0      0      0      0
 [25,]      0      0      0      0      0      0      0      0      0      0
 [26,]      0      0      0      0      0      0      0      0      0      0
 [27,]      0      0      0      0      0      0      0      0      0      0
 [28,]      0      0      0      0      0      0      0      0      0      0
 [29,]      0      0      0      0      0      0      0      0      0      0
 [30,]      0      0      0      0      0      0      0      0      0      0
 [31,]      0      0      0      0      0      0      0      0      0      0
 [32,]      0      0      0      0      0      0      0      0      0      0
 [33,]      0      0      0      0      0      0      0      0      0      0
 [34,]      0      0      0      0      0      0      0      0      0      0
 [35,]      0      0      0      0      0      0      0      0      0      0
       [,176] [,177] [,178] [,179] [,180] [,181] [,182] [,183] [,184] [,185]
  [1,]      0      0      0      0      0      0      0      0      0      0
  [2,]      0      0      0      0      0      0      0      0      0      0
  [3,]      0      0      0      0      0      0      0      0      0      0
  [4,]      0      0      0      0      0      0      0      0      0      0
  [5,]      0      0      0      0      0      0      0      0      0      0
  [6,]      0      0      0      0      0      0      0      0      0      0
  [7,]      0      0      0      0      0      0      0      0      0      0
  [8,]      0      0      0      0      0      0      0      0      0      0
  [9,]      0      0      0      0      0      0      0      0      0      0
 [10,]      0      0      0      0      0      0      0      0      0      0
 [11,]      0      0      0      0      0      0      0      0      0      0
 [12,]      0      0      0      0      0      0      0      0      0      0
 [13,]      0      0      0      0      0      0      0      0      0      0
 [14,]      0      0      0      0      0      0      0      0      0      0
 [15,]      0      0      0      0      0      0      0      0      0      0
 [16,]      0      0      0      0      0      0      0      0      0      0
 [17,]      0      0      0      0      0      0      0      0      0      0
 [18,]      0      0      0      0      0      0      0      0      0      0
 [19,]      0      0      0      0      0      0      0      0      0      0
 [20,]      0      0      0      0      0      0      0      0      0      0
 [21,]      0      0      0      0      0      0      0      0      0      0
 [22,]      0      0      0      0      0      0      0      0      0      0
 [23,]      0      0      0      0      0      0      0      0      0      0
 [24,]      0      0      0      0      0      0      0      0      0      0
 [25,]      0      0      0      0      0      0      0      0      0      0
 [26,]      0      0      0      0      0      0      0      0      0      0
 [27,]      0      0      0      0      0      0      0      0      0      0
 [28,]      0      0      0      0      0      0      0      0      0      0
 [29,]      0      0      0      0      0      0      0      0      0      0
 [30,]      0      0      0      0      0      0      0      0      0      0
 [31,]      0      0      0      0      0      0      0      0      0      0
 [32,]      0      0      0      0      0      0      0      0      0      0
 [33,]      0      0      0      0      0      0      0      0      0      0
 [34,]      0      0      0      0      0      0      0      0      0      0
 [35,]      0      0      0      0      0      0      0      0      0      0
       [,186] [,187] [,188] [,189] [,190] [,191] [,192] [,193] [,194] [,195]
  [1,]      0      0      0      0      0      0      0      0      0      0
  [2,]      0      0      0      0      0      0      0      0      0      0
  [3,]      0      0      0      0      0      0      0      0      0      0
  [4,]      0      0      0      0      0      0      0      0      0      0
  [5,]      0      0      0      0      0      0      0      0      0      0
  [6,]      0      0      0      0      0      0      0      0      0      0
  [7,]      0      0      0      0      0      0      0      0      0      0
  [8,]      0      0      0      0      0      0      0      0      0      0
  [9,]      0      0      0      0      0      0      0      0      0      0
 [10,]      0      0      0      0      0      0      0      0      0      0
 [11,]      0      0      0      0      0      0      0      0      0      0
 [12,]      0      0      0      0      0      0      0      0      0      0
 [13,]      0      0      0      0      0      0      0      0      0      0
 [14,]      0      0      0      0      0      0      0      0      0      0
 [15,]      0      0      0      0      0      0      0      0      0      0
 [16,]      0      0      0      0      0      0      0      0      0      0
 [17,]      0      0      0      0      0      0      0      0      0      0
 [18,]      0      0      0      0      0      0      0      0      0      0
 [19,]      0      0      0      0      0      0      0      0      0      0
 [20,]      0      0      0      0      0      0      0      0      0      0
 [21,]      0      0      0      0      0      0      0      0      0      0
 [22,]      0      0      0      0      0      0      0      0      0      0
 [23,]      0      0      0      0      0      0      0      0      0      0
 [24,]      0      0      0      0      0      0      0      0      0      0
 [25,]      0      0      0      0      0      0      0      0      0      0
 [26,]      0      0      0      0      0      0      0      0      0      0
 [27,]      0      0      0      0      0      0      0      0      0      0
 [28,]      0      0      0      0      0      0      0      0      0      0
 [29,]      0      0      0      0      0      0      0      0      0      0
 [30,]      0      0      0      0      0      0      0      0      0      0
 [31,]      0      0      0      0      0      0      0      0      0      0
 [32,]      0      0      0      0      0      0      0      0      0      0
 [33,]      0      0      0      0      0      0      0      0      0      0
 [34,]      0      0      0      0      0      0      0      0      0      0
 [35,]      0      0      0      0      0      0      0      0      0      0
       [,196] [,197] [,198] [,199] [,200] [,201] [,202] [,203] [,204] [,205]
  [1,]      0      0      0      0      0      0      0      0      0      0
  [2,]      0      0      0      0      0      0      0      0      0      0
  [3,]      0      0      0      0      0      0      0      0      0      0
  [4,]      0      0      0      0      0      0      0      0      0      0
  [5,]      0      0      0      0      0      0      0      0      0      0
  [6,]      0      0      0      0      0      0      0      0      0      0
  [7,]      0      0      0      0      0      0      0      0      0      0
  [8,]      0      0      0      0      0      0      0      0      0      0
  [9,]      0      0      0      0      0      0      0      0      0      0
 [10,]      0      0      0      0      0      0      0      0      0      0
 [11,]      0      0      0      0      0      0      0      0      0      0
 [12,]      0      0      0      0      0      0      0      0      0      0
 [13,]      0      0      0      0      0      0      0      0      0      0
 [14,]      0      0      0      0      0      0      0      0      0      0
 [15,]      0      0      0      0      0      0      0      0      0      0
 [16,]      0      0      0      0      0      0      0      0      0      0
 [17,]      0      0      0      0      0      0      0      0      0      0
 [18,]      0      0      0      0      0      0      0      0      0      0
 [19,]      0      0      0      0      0      0      0      0      0      0
 [20,]      0      0      0      0      0      0      0      0      0      0
 [21,]      0      0      0      0      0      0      0      0      0      0
 [22,]      0      0      0      0      0      0      0      0      0      0
 [23,]      0      0      0      0      0      0      0      0      0      0
 [24,]      0      0      0      0      0      0      0      0      0      0
 [25,]      0      0      0      0      0      0      0      0      0      0
 [26,]      0      0      0      0      0      0      0      0      0      0
 [27,]      0      0      0      0      0      0      0      0      0      0
 [28,]      0      0      0      0      0      0      0      0      0      0
 [29,]      0      0      0      0      0      0      0      0      0      0
 [30,]      0      0      0      0      0      0      0      0      0      0
 [31,]      0      0      0      0      0      0      0      0      0      0
 [32,]      0      0      0      0      0      0      0      0      0      0
 [33,]      0      0      0      0      0      0      0      0      0      0
 [34,]      0      0      0      0      0      0      0      0      0      0
 [35,]      0      0      0      0      0      0      0      0      0      0
       [,206] [,207] [,208] [,209] [,210]        [,211]        [,212]
  [1,]      0      0      0      0      0  0.000000e+00  0.000000e+00
  [2,]      0      0      0      0      0  0.000000e+00  0.000000e+00
  [3,]      0      0      0      0      0  0.000000e+00  0.000000e+00
  [4,]      0      0      0      0      0  0.000000e+00  0.000000e+00
  [5,]      0      0      0      0      0  0.000000e+00  0.000000e+00
  [6,]      0      0      0      0      0  0.000000e+00  0.000000e+00
  [7,]      0      0      0      0      0  0.000000e+00  0.000000e+00
  [8,]      0      0      0      0      0  0.000000e+00  0.000000e+00
  [9,]      0      0      0      0      0  0.000000e+00  0.000000e+00
 [10,]      0      0      0      0      0  0.000000e+00  0.000000e+00
 [11,]      0      0      0      0      0  0.000000e+00  0.000000e+00
 [12,]      0      0      0      0      0  0.000000e+00  0.000000e+00
 [13,]      0      0      0      0      0  0.000000e+00  0.000000e+00
 [14,]      0      0      0      0      0  0.000000e+00  0.000000e+00
 [15,]      0      0      0      0      0  0.000000e+00  0.000000e+00
 [16,]      0      0      0      0      0  0.000000e+00  0.000000e+00
 [17,]      0      0      0      0      0  0.000000e+00  0.000000e+00
 [18,]      0      0      0      0      0  0.000000e+00  0.000000e+00
 [19,]      0      0      0      0      0  0.000000e+00  0.000000e+00
 [20,]      0      0      0      0      0  0.000000e+00  0.000000e+00
 [21,]      0      0      0      0      0  0.000000e+00  0.000000e+00
 [22,]      0      0      0      0      0  0.000000e+00  0.000000e+00
 [23,]      0      0      0      0      0  0.000000e+00  0.000000e+00
 [24,]      0      0      0      0      0  0.000000e+00  0.000000e+00
 [25,]      0      0      0      0      0  0.000000e+00  0.000000e+00
 [26,]      0      0      0      0      0  0.000000e+00  0.000000e+00
 [27,]      0      0      0      0      0  0.000000e+00  0.000000e+00
 [28,]      0      0      0      0      0  0.000000e+00  0.000000e+00
 [29,]      0      0      0      0      0  0.000000e+00  0.000000e+00
 [30,]      0      0      0      0      0  0.000000e+00  0.000000e+00
 [31,]      0      0      0      0      0  0.000000e+00  0.000000e+00
 [32,]      0      0      0      0      0  0.000000e+00  0.000000e+00
 [33,]      0      0      0      0      0  0.000000e+00  0.000000e+00
 [34,]      0      0      0      0      0  0.000000e+00  0.000000e+00
 [35,]      0      0      0      0      0  0.000000e+00  0.000000e+00
              [,213]        [,214]        [,215] [,216] [,217] [,218]
  [1,]  0.000000e+00  0.000000e+00  0.000000e+00      0      0      0
  [2,]  0.000000e+00  0.000000e+00  0.000000e+00      0      0      0
  [3,]  0.000000e+00  0.000000e+00  0.000000e+00      0      0      0
  [4,]  0.000000e+00  0.000000e+00  0.000000e+00      0      0      0
  [5,]  0.000000e+00  0.000000e+00  0.000000e+00      0      0      0
  [6,]  0.000000e+00  0.000000e+00  0.000000e+00      0      0      0
  [7,]  0.000000e+00  0.000000e+00  0.000000e+00      0      0      0
  [8,]  0.000000e+00  0.000000e+00  0.000000e+00      0      0      0
  [9,]  0.000000e+00  0.000000e+00  0.000000e+00      0      0      0
 [10,]  0.000000e+00  0.000000e+00  0.000000e+00      0      0      0
 [11,]  0.000000e+00  0.000000e+00  0.000000e+00      0      0      0
 [12,]  0.000000e+00  0.000000e+00  0.000000e+00      0      0      0
 [13,]  0.000000e+00  0.000000e+00  0.000000e+00      0      0      0
 [14,]  0.000000e+00  0.000000e+00  0.000000e+00      0      0      0
 [15,]  0.000000e+00  0.000000e+00  0.000000e+00      0      0      0
 [16,]  0.000000e+00  0.000000e+00  0.000000e+00      0      0      0
 [17,]  0.000000e+00  0.000000e+00  0.000000e+00      0      0      0
 [18,]  0.000000e+00  0.000000e+00  0.000000e+00      0      0      0
 [19,]  0.000000e+00  0.000000e+00  0.000000e+00      0      0      0
 [20,]  0.000000e+00  0.000000e+00  0.000000e+00      0      0      0
 [21,]  0.000000e+00  0.000000e+00  0.000000e+00      0      0      0
 [22,]  0.000000e+00  0.000000e+00  0.000000e+00      0      0      0
 [23,]  0.000000e+00  0.000000e+00  0.000000e+00      0      0      0
 [24,]  0.000000e+00  0.000000e+00  0.000000e+00      0      0      0
 [25,]  0.000000e+00  0.000000e+00  0.000000e+00      0      0      0
 [26,]  0.000000e+00  0.000000e+00  0.000000e+00      0      0      0
 [27,]  0.000000e+00  0.000000e+00  0.000000e+00      0      0      0
 [28,]  0.000000e+00  0.000000e+00  0.000000e+00      0      0      0
 [29,]  0.000000e+00  0.000000e+00  0.000000e+00      0      0      0
 [30,]  0.000000e+00  0.000000e+00  0.000000e+00      0      0      0
 [31,]  0.000000e+00  0.000000e+00  0.000000e+00      0      0      0
 [32,]  0.000000e+00  0.000000e+00  0.000000e+00      0      0      0
 [33,]  0.000000e+00  0.000000e+00  0.000000e+00      0      0      0
 [34,]  0.000000e+00  0.000000e+00  0.000000e+00      0      0      0
 [35,]  0.000000e+00  0.000000e+00  0.000000e+00      0      0      0
              [,219]        [,220] [,221]        [,222] [,223] [,224] [,225]
  [1,]  0.000000e+00  0.000000e+00      0  0.000000e+00      0      0      0
  [2,]  0.000000e+00  0.000000e+00      0  0.000000e+00      0      0      0
  [3,]  0.000000e+00  0.000000e+00      0  0.000000e+00      0      0      0
  [4,]  0.000000e+00  0.000000e+00      0  0.000000e+00      0      0      0
  [5,]  0.000000e+00  0.000000e+00      0  0.000000e+00      0      0      0
  [6,]  0.000000e+00  0.000000e+00      0  0.000000e+00      0      0      0
  [7,]  0.000000e+00  0.000000e+00      0  0.000000e+00      0      0      0
  [8,]  0.000000e+00  0.000000e+00      0  0.000000e+00      0      0      0
  [9,]  0.000000e+00  0.000000e+00      0  0.000000e+00      0      0      0
 [10,]  0.000000e+00  0.000000e+00      0  0.000000e+00      0      0      0
 [11,]  0.000000e+00  0.000000e+00      0  0.000000e+00      0      0      0
 [12,]  0.000000e+00  0.000000e+00      0  0.000000e+00      0      0      0
 [13,]  0.000000e+00  0.000000e+00      0  0.000000e+00      0      0      0
 [14,]  0.000000e+00  0.000000e+00      0  0.000000e+00      0      0      0
 [15,]  0.000000e+00  0.000000e+00      0  0.000000e+00      0      0      0
 [16,]  0.000000e+00  0.000000e+00      0  0.000000e+00      0      0      0
 [17,]  0.000000e+00  0.000000e+00      0  0.000000e+00      0      0      0
 [18,]  0.000000e+00  0.000000e+00      0  0.000000e+00      0      0      0
 [19,]  0.000000e+00  0.000000e+00      0  0.000000e+00      0      0      0
 [20,]  0.000000e+00  0.000000e+00      0  0.000000e+00      0      0      0
 [21,]  0.000000e+00  0.000000e+00      0  0.000000e+00      0      0      0
 [22,]  0.000000e+00  0.000000e+00      0  0.000000e+00      0      0      0
 [23,]  0.000000e+00  0.000000e+00      0  0.000000e+00      0      0      0
 [24,]  0.000000e+00  0.000000e+00      0  0.000000e+00      0      0      0
 [25,]  0.000000e+00  0.000000e+00      0  0.000000e+00      0      0      0
 [26,]  0.000000e+00  0.000000e+00      0  0.000000e+00      0      0      0
 [27,]  0.000000e+00  0.000000e+00      0  0.000000e+00      0      0      0
 [28,]  0.000000e+00  0.000000e+00      0  0.000000e+00      0      0      0
 [29,]  0.000000e+00  0.000000e+00      0  0.000000e+00      0      0      0
 [30,]  0.000000e+00  0.000000e+00      0  0.000000e+00      0      0      0
 [31,]  0.000000e+00  0.000000e+00      0  0.000000e+00      0      0      0
 [32,]  0.000000e+00  0.000000e+00      0  0.000000e+00      0      0      0
 [33,]  0.000000e+00  0.000000e+00      0  0.000000e+00      0      0      0
 [34,]  0.000000e+00  0.000000e+00      0  0.000000e+00      0      0      0
 [35,]  0.000000e+00  0.000000e+00      0  0.000000e+00      0      0      0
              [,226]        [,227]        [,228]        [,229]        [,230]
  [1,]  0.000000e+00  0.000000e+00  0.000000e+00  0.000000e+00  0.000000e+00
  [2,]  0.000000e+00  0.000000e+00  0.000000e+00  0.000000e+00  0.000000e+00
  [3,]  0.000000e+00  0.000000e+00  0.000000e+00  0.000000e+00  0.000000e+00
  [4,]  0.000000e+00  0.000000e+00  0.000000e+00  0.000000e+00  0.000000e+00
  [5,]  0.000000e+00  0.000000e+00  0.000000e+00  0.000000e+00  0.000000e+00
  [6,]  0.000000e+00  0.000000e+00  0.000000e+00  0.000000e+00  0.000000e+00
  [7,]  0.000000e+00  0.000000e+00  0.000000e+00  0.000000e+00  0.000000e+00
  [8,]  0.000000e+00  0.000000e+00  0.000000e+00  0.000000e+00  0.000000e+00
  [9,]  0.000000e+00  0.000000e+00  0.000000e+00  0.000000e+00  0.000000e+00
 [10,]  0.000000e+00  0.000000e+00  0.000000e+00  0.000000e+00  0.000000e+00
 [11,]  0.000000e+00  0.000000e+00  0.000000e+00  0.000000e+00  0.000000e+00
 [12,]  0.000000e+00  0.000000e+00  0.000000e+00  0.000000e+00  0.000000e+00
 [13,]  0.000000e+00  0.000000e+00  0.000000e+00  0.000000e+00  0.000000e+00
 [14,]  0.000000e+00  0.000000e+00  0.000000e+00  0.000000e+00  0.000000e+00
 [15,]  0.000000e+00  0.000000e+00  0.000000e+00  0.000000e+00  0.000000e+00
 [16,]  0.000000e+00  0.000000e+00  0.000000e+00  0.000000e+00  0.000000e+00
 [17,]  0.000000e+00  0.000000e+00  0.000000e+00  0.000000e+00  0.000000e+00
 [18,]  0.000000e+00  0.000000e+00  0.000000e+00  0.000000e+00  0.000000e+00
 [19,]  0.000000e+00  0.000000e+00  0.000000e+00  0.000000e+00  0.000000e+00
 [20,]  0.000000e+00  0.000000e+00  0.000000e+00  0.000000e+00  0.000000e+00
 [21,]  0.000000e+00  0.000000e+00  0.000000e+00  0.000000e+00  0.000000e+00
 [22,]  0.000000e+00  0.000000e+00  0.000000e+00  0.000000e+00  0.000000e+00
 [23,]  0.000000e+00  0.000000e+00  0.000000e+00  0.000000e+00  0.000000e+00
 [24,]  0.000000e+00  0.000000e+00  0.000000e+00  0.000000e+00  0.000000e+00
 [25,]  0.000000e+00  0.000000e+00  0.000000e+00  0.000000e+00  0.000000e+00
 [26,]  0.000000e+00  0.000000e+00  0.000000e+00  0.000000e+00  0.000000e+00
 [27,]  0.000000e+00  0.000000e+00  0.000000e+00  0.000000e+00  0.000000e+00
 [28,]  0.000000e+00  0.000000e+00  0.000000e+00  0.000000e+00  0.000000e+00
 [29,]  0.000000e+00  0.000000e+00  0.000000e+00  0.000000e+00  0.000000e+00
 [30,]  0.000000e+00  0.000000e+00  0.000000e+00  0.000000e+00  0.000000e+00
 [31,]  0.000000e+00  0.000000e+00  0.000000e+00  0.000000e+00  0.000000e+00
 [32,]  0.000000e+00  0.000000e+00  0.000000e+00  0.000000e+00  0.000000e+00
 [33,]  0.000000e+00  0.000000e+00  0.000000e+00  0.000000e+00  0.000000e+00
 [34,]  0.000000e+00  0.000000e+00  0.000000e+00  0.000000e+00  0.000000e+00
 [35,]  0.000000e+00  0.000000e+00  0.000000e+00  0.000000e+00  0.000000e+00
       [,231] [,232] [,233]        [,234]        [,235] [,236]        [,237]
  [1,]      0      0      0  0.000000e+00  0.000000e+00      0  0.000000e+00
  [2,]      0      0      0  0.000000e+00  0.000000e+00      0  0.000000e+00
  [3,]      0      0      0  0.000000e+00  0.000000e+00      0  0.000000e+00
  [4,]      0      0      0  0.000000e+00  0.000000e+00      0  0.000000e+00
  [5,]      0      0      0  0.000000e+00  0.000000e+00      0  0.000000e+00
  [6,]      0      0      0  0.000000e+00  0.000000e+00      0  0.000000e+00
  [7,]      0      0      0  0.000000e+00  0.000000e+00      0  0.000000e+00
  [8,]      0      0      0  0.000000e+00  0.000000e+00      0  0.000000e+00
  [9,]      0      0      0  0.000000e+00  0.000000e+00      0  0.000000e+00
 [10,]      0      0      0  0.000000e+00  0.000000e+00      0  0.000000e+00
 [11,]      0      0      0  0.000000e+00  0.000000e+00      0  0.000000e+00
 [12,]      0      0      0  0.000000e+00  0.000000e+00      0  0.000000e+00
 [13,]      0      0      0  0.000000e+00  0.000000e+00      0  0.000000e+00
 [14,]      0      0      0  0.000000e+00  0.000000e+00      0  0.000000e+00
 [15,]      0      0      0  0.000000e+00  0.000000e+00      0  0.000000e+00
 [16,]      0      0      0  0.000000e+00  0.000000e+00      0  0.000000e+00
 [17,]      0      0      0  0.000000e+00  0.000000e+00      0  0.000000e+00
 [18,]      0      0      0  0.000000e+00  0.000000e+00      0  0.000000e+00
 [19,]      0      0      0  0.000000e+00  0.000000e+00      0  0.000000e+00
 [20,]      0      0      0  0.000000e+00  0.000000e+00      0  0.000000e+00
 [21,]      0      0      0  0.000000e+00  0.000000e+00      0  0.000000e+00
 [22,]      0      0      0  0.000000e+00  0.000000e+00      0  0.000000e+00
 [23,]      0      0      0  0.000000e+00  0.000000e+00      0  0.000000e+00
 [24,]      0      0      0  0.000000e+00  0.000000e+00      0  0.000000e+00
 [25,]      0      0      0  0.000000e+00  0.000000e+00      0  0.000000e+00
 [26,]      0      0      0  0.000000e+00  0.000000e+00      0  0.000000e+00
 [27,]      0      0      0  0.000000e+00  0.000000e+00      0  0.000000e+00
 [28,]      0      0      0  0.000000e+00  0.000000e+00      0  0.000000e+00
 [29,]      0      0      0  0.000000e+00  0.000000e+00      0  0.000000e+00
 [30,]      0      0      0  0.000000e+00  0.000000e+00      0  0.000000e+00
 [31,]      0      0      0  0.000000e+00  0.000000e+00      0  0.000000e+00
 [32,]      0      0      0  0.000000e+00  0.000000e+00      0  0.000000e+00
 [33,]      0      0      0  0.000000e+00  0.000000e+00      0  0.000000e+00
 [34,]      0      0      0  0.000000e+00  0.000000e+00      0  0.000000e+00
 [35,]      0      0      0  0.000000e+00  0.000000e+00      0  0.000000e+00
       [,238] [,239] [,240]        [,241]        [,242]        [,243]
  [1,]      0      0      0  0.000000e+00  0.000000e+00  0.000000e+00
  [2,]      0      0      0  0.000000e+00  0.000000e+00  0.000000e+00
  [3,]      0      0      0  0.000000e+00  0.000000e+00  0.000000e+00
  [4,]      0      0      0  0.000000e+00  0.000000e+00  0.000000e+00
  [5,]      0      0      0  0.000000e+00  0.000000e+00  0.000000e+00
  [6,]      0      0      0  0.000000e+00  0.000000e+00  0.000000e+00
  [7,]      0      0      0  0.000000e+00  0.000000e+00  0.000000e+00
  [8,]      0      0      0  0.000000e+00  0.000000e+00  0.000000e+00
  [9,]      0      0      0  0.000000e+00  0.000000e+00  0.000000e+00
 [10,]      0      0      0  0.000000e+00  0.000000e+00  0.000000e+00
 [11,]      0      0      0  0.000000e+00  0.000000e+00  0.000000e+00
 [12,]      0      0      0  0.000000e+00  0.000000e+00  0.000000e+00
 [13,]      0      0      0  0.000000e+00  0.000000e+00  0.000000e+00
 [14,]      0      0      0  0.000000e+00  0.000000e+00  0.000000e+00
 [15,]      0      0      0  0.000000e+00  0.000000e+00  0.000000e+00
 [16,]      0      0      0  0.000000e+00  0.000000e+00  0.000000e+00
 [17,]      0      0      0  0.000000e+00  0.000000e+00  0.000000e+00
 [18,]      0      0      0  0.000000e+00  0.000000e+00  0.000000e+00
 [19,]      0      0      0  0.000000e+00  0.000000e+00  0.000000e+00
 [20,]      0      0      0  0.000000e+00  0.000000e+00  0.000000e+00
 [21,]      0      0      0  0.000000e+00  0.000000e+00  0.000000e+00
 [22,]      0      0      0  0.000000e+00  0.000000e+00  0.000000e+00
 [23,]      0      0      0  0.000000e+00  0.000000e+00  0.000000e+00
 [24,]      0      0      0  0.000000e+00  0.000000e+00  0.000000e+00
 [25,]      0      0      0  0.000000e+00  0.000000e+00  0.000000e+00
 [26,]      0      0      0  0.000000e+00  0.000000e+00  0.000000e+00
 [27,]      0      0      0  0.000000e+00  0.000000e+00  0.000000e+00
 [28,]      0      0      0  0.000000e+00  0.000000e+00  0.000000e+00
 [29,]      0      0      0  0.000000e+00  0.000000e+00  0.000000e+00
 [30,]      0      0      0  0.000000e+00  0.000000e+00  0.000000e+00
 [31,]      0      0      0  0.000000e+00  0.000000e+00  0.000000e+00
 [32,]      0      0      0  0.000000e+00  0.000000e+00  0.000000e+00
 [33,]      0      0      0  0.000000e+00  0.000000e+00  0.000000e+00
 [34,]      0      0      0  0.000000e+00  0.000000e+00  0.000000e+00
 [35,]      0      0      0  0.000000e+00  0.000000e+00  0.000000e+00
              [,244]        [,245] [,246] [,247] [,248]        [,249]
  [1,]  0.000000e+00  0.000000e+00      0      0      0  0.000000e+00
  [2,]  0.000000e+00  0.000000e+00      0      0      0  0.000000e+00
  [3,]  0.000000e+00  0.000000e+00      0      0      0  0.000000e+00
  [4,]  0.000000e+00  0.000000e+00      0      0      0  0.000000e+00
  [5,]  0.000000e+00  0.000000e+00      0      0      0  0.000000e+00
  [6,]  0.000000e+00  0.000000e+00      0      0      0  0.000000e+00
  [7,]  0.000000e+00  0.000000e+00      0      0      0  0.000000e+00
  [8,]  0.000000e+00  0.000000e+00      0      0      0  0.000000e+00
  [9,]  0.000000e+00  0.000000e+00      0      0      0  0.000000e+00
 [10,]  0.000000e+00  0.000000e+00      0      0      0  0.000000e+00
 [11,]  0.000000e+00  0.000000e+00      0      0      0  0.000000e+00
 [12,]  0.000000e+00  0.000000e+00      0      0      0  0.000000e+00
 [13,]  0.000000e+00  0.000000e+00      0      0      0  0.000000e+00
 [14,]  0.000000e+00  0.000000e+00      0      0      0  0.000000e+00
 [15,]  0.000000e+00  0.000000e+00      0      0      0  0.000000e+00
 [16,]  0.000000e+00  0.000000e+00      0      0      0  0.000000e+00
 [17,]  0.000000e+00  0.000000e+00      0      0      0  0.000000e+00
 [18,]  0.000000e+00  0.000000e+00      0      0      0  0.000000e+00
 [19,]  0.000000e+00  0.000000e+00      0      0      0  0.000000e+00
 [20,]  0.000000e+00  0.000000e+00      0      0      0  0.000000e+00
 [21,]  0.000000e+00  0.000000e+00      0      0      0  0.000000e+00
 [22,]  0.000000e+00  0.000000e+00      0      0      0  0.000000e+00
 [23,]  0.000000e+00  0.000000e+00      0      0      0  0.000000e+00
 [24,]  0.000000e+00  0.000000e+00      0      0      0  0.000000e+00
 [25,]  0.000000e+00  0.000000e+00      0      0      0  0.000000e+00
 [26,]  0.000000e+00  0.000000e+00      0      0      0  0.000000e+00
 [27,]  0.000000e+00  0.000000e+00      0      0      0  0.000000e+00
 [28,]  0.000000e+00  0.000000e+00      0      0      0  0.000000e+00
 [29,]  0.000000e+00  0.000000e+00      0      0      0  0.000000e+00
 [30,]  0.000000e+00  0.000000e+00      0      0      0  0.000000e+00
 [31,]  0.000000e+00  0.000000e+00      0      0      0  0.000000e+00
 [32,]  0.000000e+00  0.000000e+00      0      0      0  0.000000e+00
 [33,]  0.000000e+00  0.000000e+00      0      0      0  0.000000e+00
 [34,]  0.000000e+00  0.000000e+00      0      0      0  0.000000e+00
 [35,]  0.000000e+00  0.000000e+00      0      0      0  0.000000e+00
              [,250] [,251]        [,252] [,253] [,254] [,255]        [,256]
  [1,]  0.000000e+00      0  0.000000e+00      0      0      0  0.000000e+00
  [2,]  0.000000e+00      0  0.000000e+00      0      0      0  0.000000e+00
  [3,]  0.000000e+00      0  0.000000e+00      0      0      0  0.000000e+00
  [4,]  0.000000e+00      0  0.000000e+00      0      0      0  0.000000e+00
  [5,]  0.000000e+00      0  0.000000e+00      0      0      0  0.000000e+00
  [6,]  0.000000e+00      0  0.000000e+00      0      0      0  0.000000e+00
  [7,]  0.000000e+00      0  0.000000e+00      0      0      0  0.000000e+00
  [8,]  0.000000e+00      0  0.000000e+00      0      0      0  0.000000e+00
  [9,]  0.000000e+00      0  0.000000e+00      0      0      0  0.000000e+00
 [10,]  0.000000e+00      0  0.000000e+00      0      0      0  0.000000e+00
 [11,]  0.000000e+00      0  0.000000e+00      0      0      0  0.000000e+00
 [12,]  0.000000e+00      0  0.000000e+00      0      0      0  0.000000e+00
 [13,]  0.000000e+00      0  0.000000e+00      0      0      0  0.000000e+00
 [14,]  0.000000e+00      0  0.000000e+00      0      0      0  0.000000e+00
 [15,]  0.000000e+00      0  0.000000e+00      0      0      0  0.000000e+00
 [16,]  0.000000e+00      0  0.000000e+00      0      0      0  0.000000e+00
 [17,]  0.000000e+00      0  0.000000e+00      0      0      0  0.000000e+00
 [18,]  0.000000e+00      0  0.000000e+00      0      0      0  0.000000e+00
 [19,]  0.000000e+00      0  0.000000e+00      0      0      0  0.000000e+00
 [20,]  0.000000e+00      0  0.000000e+00      0      0      0  0.000000e+00
 [21,]  0.000000e+00      0  0.000000e+00      0      0      0  0.000000e+00
 [22,]  0.000000e+00      0  0.000000e+00      0      0      0  0.000000e+00
 [23,]  0.000000e+00      0  0.000000e+00      0      0      0  0.000000e+00
 [24,]  0.000000e+00      0  0.000000e+00      0      0      0  0.000000e+00
 [25,]  0.000000e+00      0  0.000000e+00      0      0      0  0.000000e+00
 [26,]  0.000000e+00      0  0.000000e+00      0      0      0  0.000000e+00
 [27,]  0.000000e+00      0  0.000000e+00      0      0      0  0.000000e+00
 [28,]  0.000000e+00      0  0.000000e+00      0      0      0  0.000000e+00
 [29,]  0.000000e+00      0  0.000000e+00      0      0      0  0.000000e+00
 [30,]  0.000000e+00      0  0.000000e+00      0      0      0  0.000000e+00
 [31,]  0.000000e+00      0  0.000000e+00      0      0      0  0.000000e+00
 [32,]  0.000000e+00      0  0.000000e+00      0      0      0  0.000000e+00
 [33,]  0.000000e+00      0  0.000000e+00      0      0      0  0.000000e+00
 [34,]  0.000000e+00      0  0.000000e+00      0      0      0  0.000000e+00
 [35,]  0.000000e+00      0  0.000000e+00      0      0      0  0.000000e+00
              [,257]        [,258]        [,259]        [,260] [,261] [,262]
  [1,]  0.000000e+00  0.0000000000  0.000000e+00  0.000000e+00      0      0
  [2,]  0.000000e+00  0.0000000000  0.000000e+00  0.000000e+00      0      0
  [3,]  0.000000e+00  0.0000000000  0.000000e+00  0.000000e+00      0      0
  [4,]  0.000000e+00  0.0000000000  0.000000e+00  0.000000e+00      0      0
  [5,]  0.000000e+00  0.0000000000  0.000000e+00  0.000000e+00      0      0
  [6,]  0.000000e+00  0.0000000000  0.000000e+00  0.000000e+00      0      0
  [7,]  0.000000e+00  0.0000000000  0.000000e+00  0.000000e+00      0      0
  [8,]  0.000000e+00  0.0000000000  0.000000e+00  0.000000e+00      0      0
  [9,]  0.000000e+00  0.0000000000  0.000000e+00  0.000000e+00      0      0
 [10,]  0.000000e+00  0.0000000000  0.000000e+00  0.000000e+00      0      0
 [11,]  0.000000e+00  0.0000000000  0.000000e+00  0.000000e+00      0      0
 [12,]  0.000000e+00  0.0000000000  0.000000e+00  0.000000e+00      0      0
 [13,]  0.000000e+00  0.0000000000  0.000000e+00  0.000000e+00      0      0
 [14,]  0.000000e+00  0.0000000000  0.000000e+00  0.000000e+00      0      0
 [15,]  0.000000e+00  0.0000000000  0.000000e+00  0.000000e+00      0      0
 [16,]  0.000000e+00  0.0000000000  0.000000e+00  0.000000e+00      0      0
 [17,]  0.000000e+00  0.0000000000  0.000000e+00  0.000000e+00      0      0
 [18,]  0.000000e+00  0.0000000000  0.000000e+00  0.000000e+00      0      0
 [19,]  0.000000e+00  0.0000000000  0.000000e+00  0.000000e+00      0      0
 [20,]  0.000000e+00  0.0000000000  0.000000e+00  0.000000e+00      0      0
 [21,]  0.000000e+00  0.0000000000  0.000000e+00  0.000000e+00      0      0
 [22,]  0.000000e+00  0.0000000000  0.000000e+00  0.000000e+00      0      0
 [23,]  0.000000e+00  0.0000000000  0.000000e+00  0.000000e+00      0      0
 [24,]  0.000000e+00  0.0000000000  0.000000e+00  0.000000e+00      0      0
 [25,]  0.000000e+00  0.0000000000  0.000000e+00  0.000000e+00      0      0
 [26,]  0.000000e+00  0.0000000000  0.000000e+00  0.000000e+00      0      0
 [27,]  0.000000e+00  0.0000000000  0.000000e+00  0.000000e+00      0      0
 [28,]  0.000000e+00  0.0000000000  0.000000e+00  0.000000e+00      0      0
 [29,]  0.000000e+00  0.0000000000  0.000000e+00  0.000000e+00      0      0
 [30,]  0.000000e+00  0.0000000000  0.000000e+00  0.000000e+00      0      0
 [31,]  0.000000e+00  0.0000000000  0.000000e+00  0.000000e+00      0      0
 [32,]  0.000000e+00  0.0000000000  0.000000e+00  0.000000e+00      0      0
 [33,]  0.000000e+00  0.0000000000  0.000000e+00  0.000000e+00      0      0
 [34,]  0.000000e+00  0.0000000000  0.000000e+00  0.000000e+00      0      0
 [35,]  0.000000e+00  0.0000000000  0.000000e+00  0.000000e+00      0      0
       [,263]        [,264]        [,265] [,266]        [,267] [,268] [,269]
  [1,]      0  0.000000e+00  0.000000e+00      0  0.000000e+00      0      0
  [2,]      0  0.000000e+00  0.000000e+00      0  0.000000e+00      0      0
  [3,]      0  0.000000e+00  0.000000e+00      0  0.000000e+00      0      0
  [4,]      0  0.000000e+00  0.000000e+00      0  0.000000e+00      0      0
  [5,]      0  0.000000e+00  0.000000e+00      0  0.000000e+00      0      0
  [6,]      0  0.000000e+00  0.000000e+00      0  0.000000e+00      0      0
  [7,]      0  0.000000e+00  0.000000e+00      0  0.000000e+00      0      0
  [8,]      0  0.000000e+00  0.000000e+00      0  0.000000e+00      0      0
  [9,]      0  0.000000e+00  0.000000e+00      0  0.000000e+00      0      0
 [10,]      0  0.000000e+00  0.000000e+00      0  0.000000e+00      0      0
 [11,]      0  0.000000e+00  0.000000e+00      0  0.000000e+00      0      0
 [12,]      0  0.000000e+00  0.000000e+00      0  0.000000e+00      0      0
 [13,]      0  0.000000e+00  0.000000e+00      0  0.000000e+00      0      0
 [14,]      0  0.000000e+00  0.000000e+00      0  0.000000e+00      0      0
 [15,]      0  0.000000e+00  0.000000e+00      0  0.000000e+00      0      0
 [16,]      0  0.000000e+00  0.000000e+00      0  0.000000e+00      0      0
 [17,]      0  0.000000e+00  0.000000e+00      0  0.000000e+00      0      0
 [18,]      0  0.000000e+00  0.000000e+00      0  0.000000e+00      0      0
 [19,]      0  0.000000e+00  0.000000e+00      0  0.000000e+00      0      0
 [20,]      0  0.000000e+00  0.000000e+00      0  0.000000e+00      0      0
 [21,]      0  0.000000e+00  0.000000e+00      0  0.000000e+00      0      0
 [22,]      0  0.000000e+00  0.000000e+00      0  0.000000e+00      0      0
 [23,]      0  0.000000e+00  0.000000e+00      0  0.000000e+00      0      0
 [24,]      0  0.000000e+00  0.000000e+00      0  0.000000e+00      0      0
 [25,]      0  0.000000e+00  0.000000e+00      0  0.000000e+00      0      0
 [26,]      0  0.000000e+00  0.000000e+00      0  0.000000e+00      0      0
 [27,]      0  0.000000e+00  0.000000e+00      0  0.000000e+00      0      0
 [28,]      0  0.000000e+00  0.000000e+00      0  0.000000e+00      0      0
 [29,]      0  0.000000e+00  0.000000e+00      0  0.000000e+00      0      0
 [30,]      0  0.000000e+00  0.000000e+00      0  0.000000e+00      0      0
 [31,]      0  0.000000e+00  0.000000e+00      0  0.000000e+00      0      0
 [32,]      0  0.000000e+00  0.000000e+00      0  0.000000e+00      0      0
 [33,]      0  0.000000e+00  0.000000e+00      0  0.000000e+00      0      0
 [34,]      0  0.000000e+00  0.000000e+00      0  0.000000e+00      0      0
 [35,]      0  0.000000e+00  0.000000e+00      0  0.000000e+00      0      0
       [,270]        [,271]        [,272]        [,273]        [,274]
  [1,]      0  0.000000e+00  0.000000e+00  0.000000e+00  0.000000e+00
  [2,]      0  0.000000e+00  0.000000e+00  0.000000e+00  0.000000e+00
  [3,]      0  0.000000e+00  0.000000e+00  0.000000e+00  0.000000e+00
  [4,]      0  0.000000e+00  0.000000e+00  0.000000e+00  0.000000e+00
  [5,]      0  0.000000e+00  0.000000e+00  0.000000e+00  0.000000e+00
  [6,]      0  0.000000e+00  0.000000e+00  0.000000e+00  0.000000e+00
  [7,]      0  0.000000e+00  0.000000e+00  0.000000e+00  0.000000e+00
  [8,]      0  0.000000e+00  0.000000e+00  0.000000e+00  0.000000e+00
  [9,]      0  0.000000e+00  0.000000e+00  0.000000e+00  0.000000e+00
 [10,]      0  0.000000e+00  0.000000e+00  0.000000e+00  0.000000e+00
 [11,]      0  0.000000e+00  0.000000e+00  0.000000e+00  0.000000e+00
 [12,]      0  0.000000e+00  0.000000e+00  0.000000e+00  0.000000e+00
 [13,]      0  0.000000e+00  0.000000e+00  0.000000e+00  0.000000e+00
 [14,]      0  0.000000e+00  0.000000e+00  0.000000e+00  0.000000e+00
 [15,]      0  0.000000e+00  0.000000e+00  0.000000e+00  0.000000e+00
 [16,]      0  0.000000e+00  0.000000e+00  0.000000e+00  0.000000e+00
 [17,]      0  0.000000e+00  0.000000e+00  0.000000e+00  0.000000e+00
 [18,]      0  0.000000e+00  0.000000e+00  0.000000e+00  0.000000e+00
 [19,]      0  0.000000e+00  0.000000e+00  0.000000e+00  0.000000e+00
 [20,]      0  0.000000e+00  0.000000e+00  0.000000e+00  0.000000e+00
 [21,]      0  0.000000e+00  0.000000e+00  0.000000e+00  0.000000e+00
 [22,]      0  0.000000e+00  0.000000e+00  0.000000e+00  0.000000e+00
 [23,]      0  0.000000e+00  0.000000e+00  0.000000e+00  0.000000e+00
 [24,]      0  0.000000e+00  0.000000e+00  0.000000e+00  0.000000e+00
 [25,]      0  0.000000e+00  0.000000e+00  0.000000e+00  0.000000e+00
 [26,]      0  0.000000e+00  0.000000e+00  0.000000e+00  0.000000e+00
 [27,]      0  0.000000e+00  0.000000e+00  0.000000e+00  0.000000e+00
 [28,]      0  0.000000e+00  0.000000e+00  0.000000e+00  0.000000e+00
 [29,]      0  0.000000e+00  0.000000e+00  0.000000e+00  0.000000e+00
 [30,]      0  0.000000e+00  0.000000e+00  0.000000e+00  0.000000e+00
 [31,]      0  0.000000e+00  0.000000e+00  0.000000e+00  0.000000e+00
 [32,]      0  0.000000e+00  0.000000e+00  0.000000e+00  0.000000e+00
 [33,]      0  0.000000e+00  0.000000e+00  0.000000e+00  0.000000e+00
 [34,]      0  0.000000e+00  0.000000e+00  0.000000e+00  0.000000e+00
 [35,]      0  0.000000e+00  0.000000e+00  0.000000e+00  0.000000e+00
              [,275] [,276] [,277] [,278]        [,279]        [,280] [,281]
  [1,]  0.000000e+00      0      0      0  0.000000e+00  0.000000e+00      0
  [2,]  0.000000e+00      0      0      0  0.000000e+00  0.000000e+00      0
  [3,]  0.000000e+00      0      0      0  0.000000e+00  0.000000e+00      0
  [4,]  0.000000e+00      0      0      0  0.000000e+00  0.000000e+00      0
  [5,]  0.000000e+00      0      0      0  0.000000e+00  0.000000e+00      0
  [6,]  0.000000e+00      0      0      0  0.000000e+00  0.000000e+00      0
  [7,]  0.000000e+00      0      0      0  0.000000e+00  0.000000e+00      0
  [8,]  0.000000e+00      0      0      0  0.000000e+00  0.000000e+00      0
  [9,]  0.000000e+00      0      0      0  0.000000e+00  0.000000e+00      0
 [10,]  0.000000e+00      0      0      0  0.000000e+00  0.000000e+00      0
 [11,]  0.000000e+00      0      0      0  0.000000e+00  0.000000e+00      0
 [12,]  0.000000e+00      0      0      0  0.000000e+00  0.000000e+00      0
 [13,]  0.000000e+00      0      0      0  0.000000e+00  0.000000e+00      0
 [14,]  0.000000e+00      0      0      0  0.000000e+00  0.000000e+00      0
 [15,]  0.000000e+00      0      0      0  0.000000e+00  0.000000e+00      0
 [16,]  0.000000e+00      0      0      0  0.000000e+00  0.000000e+00      0
 [17,]  0.000000e+00      0      0      0  0.000000e+00  0.000000e+00      0
 [18,]  0.000000e+00      0      0      0  0.000000e+00  0.000000e+00      0
 [19,]  0.000000e+00      0      0      0  0.000000e+00  0.000000e+00      0
 [20,]  0.000000e+00      0      0      0  0.000000e+00  0.000000e+00      0
 [21,]  0.000000e+00      0      0      0  0.000000e+00  0.000000e+00      0
 [22,]  0.000000e+00      0      0      0  0.000000e+00  0.000000e+00      0
 [23,]  0.000000e+00      0      0      0  0.000000e+00  0.000000e+00      0
 [24,]  0.000000e+00      0      0      0  0.000000e+00  0.000000e+00      0
 [25,]  0.000000e+00      0      0      0  0.000000e+00  0.000000e+00      0
 [26,]  0.000000e+00      0      0      0  0.000000e+00  0.000000e+00      0
 [27,]  0.000000e+00      0      0      0  0.000000e+00  0.000000e+00      0
 [28,]  0.000000e+00      0      0      0  0.000000e+00  0.000000e+00      0
 [29,]  0.000000e+00      0      0      0  0.000000e+00  0.000000e+00      0
 [30,]  0.000000e+00      0      0      0  0.000000e+00  0.000000e+00      0
 [31,]  0.000000e+00      0      0      0  0.000000e+00  0.000000e+00      0
 [32,]  0.000000e+00      0      0      0  0.000000e+00  0.000000e+00      0
 [33,]  0.000000e+00      0      0      0  0.000000e+00  0.000000e+00      0
 [34,]  0.000000e+00      0      0      0  0.000000e+00  0.000000e+00      0
 [35,]  0.000000e+00      0      0      0  0.000000e+00  0.000000e+00      0
              [,282] [,283] [,284] [,285]
  [1,]  0.000000e+00      0      0      0
  [2,]  0.000000e+00      0      0      0
  [3,]  0.000000e+00      0      0      0
  [4,]  0.000000e+00      0      0      0
  [5,]  0.000000e+00      0      0      0
  [6,]  0.000000e+00      0      0      0
  [7,]  0.000000e+00      0      0      0
  [8,]  0.000000e+00      0      0      0
  [9,]  0.000000e+00      0      0      0
 [10,]  0.000000e+00      0      0      0
 [11,]  0.000000e+00      0      0      0
 [12,]  0.000000e+00      0      0      0
 [13,]  0.000000e+00      0      0      0
 [14,]  0.000000e+00      0      0      0
 [15,]  0.000000e+00      0      0      0
 [16,]  0.000000e+00      0      0      0
 [17,]  0.000000e+00      0      0      0
 [18,]  0.000000e+00      0      0      0
 [19,]  0.000000e+00      0      0      0
 [20,]  0.000000e+00      0      0      0
 [21,]  0.000000e+00      0      0      0
 [22,]  0.000000e+00      0      0      0
 [23,]  0.000000e+00      0      0      0
 [24,]  0.000000e+00      0      0      0
 [25,]  0.000000e+00      0      0      0
 [26,]  0.000000e+00      0      0      0
 [27,]  0.000000e+00      0      0      0
 [28,]  0.000000e+00      0      0      0
 [29,]  0.000000e+00      0      0      0
 [30,]  0.000000e+00      0      0      0
 [31,]  0.000000e+00      0      0      0
 [32,]  0.000000e+00      0      0      0
 [33,]  0.000000e+00      0      0      0
 [34,]  0.000000e+00      0      0      0
 [35,]  0.000000e+00      0      0      0
 [ reached getOption("max.print") -- omitted 250 rows ]]
$values
  [1]  3.029168e+04  6.410946e+03  2.551219e+02  1.069620e+02  6.876835e+01
  [6]  3.829981e+01  1.458328e+00  1.276186e+00  1.538139e-01  5.887429e-03
 [11]  1.850612e-04  7.976730e-05  2.315912e-05  1.130022e-05  2.841059e-06
 [16]  2.428084e-07  1.114058e-07  1.361151e-08  6.161906e-09  3.037155e-09
 [21]  7.515596e-13  1.283925e-13  9.172407e-14  5.928980e-14  3.879792e-14
 [26]  9.893076e-15  1.996429e-15  1.913766e-15  1.757089e-15  8.441483e-16
 [31]  8.134174e-16  3.698374e-16  3.235645e-16  3.006752e-16  1.082408e-16
 [36]  3.390874e-17  2.315720e-17  1.503560e-17  1.794870e-21  3.913495e-22
 [41]  6.095570e-23  4.515816e-23  1.888764e-23  1.082353e-23  9.422390e-24
 [46]  6.676514e-24  4.791432e-24  2.275190e-24  7.353363e-25  4.780782e-25
 [51]  4.727575e-25  4.042415e-25  2.812632e-25  1.022430e-31  5.887853e-32
 [56]  5.067694e-32  2.520872e-32  1.914313e-32  1.883958e-32  1.606390e-32
 [61]  6.427697e-33  4.331435e-33  1.491889e-33  1.558614e-39  8.289433e-40
 [66]  3.604050e-40  2.327888e-40  1.705118e-40  1.650182e-40  3.072967e-48
 [71]  1.470530e-48  1.137789e-48  5.556602e-49  0.000000e+00  0.000000e+00
 [76]  0.000000e+00  0.000000e+00  0.000000e+00  0.000000e+00  0.000000e+00
 [81]  0.000000e+00  0.000000e+00  0.000000e+00  0.000000e+00  0.000000e+00
 [86]  0.000000e+00  0.000000e+00  0.000000e+00  0.000000e+00  0.000000e+00
 [91]  0.000000e+00  0.000000e+00  0.000000e+00  0.000000e+00  0.000000e+00
 [96]  0.000000e+00  0.000000e+00  0.000000e+00  0.000000e+00  0.000000e+00
[101]  0.000000e+00  0.000000e+00  0.000000e+00  0.000000e+00  0.000000e+00
[106]  0.000000e+00  0.000000e+00  0.000000e+00  0.000000e+00  0.000000e+00
[111]  0.000000e+00  0.000000e+00  0.000000e+00  0.000000e+00  0.000000e+00
[116]  0.000000e+00  0.000000e+00  0.000000e+00  0.000000e+00  0.000000e+00
[121]  0.000000e+00  0.000000e+00  0.000000e+00  0.000000e+00  0.000000e+00
[126]  0.000000e+00  0.000000e+00  0.000000e+00  0.000000e+00  0.000000e+00
[131]  0.000000e+00  0.000000e+00  0.000000e+00  0.000000e+00  0.000000e+00
[136]  0.000000e+00  0.000000e+00  0.000000e+00  0.000000e+00  0.000000e+00
[141]  0.000000e+00  0.000000e+00  0.000000e+00  0.000000e+00  0.000000e+00
[146]  0.000000e+00  0.000000e+00  0.000000e+00  0.000000e+00  0.000000e+00
[151]  0.000000e+00  0.000000e+00  0.000000e+00  0.000000e+00  0.000000e+00
[156]  0.000000e+00  0.000000e+00  0.000000e+00  0.000000e+00  0.000000e+00
[161]  0.000000e+00  0.000000e+00  0.000000e+00  0.000000e+00  0.000000e+00
[166]  0.000000e+00  0.000000e+00  0.000000e+00  0.000000e+00  0.000000e+00
[171]  0.000000e+00  0.000000e+00  0.000000e+00  0.000000e+00  0.000000e+00
[176]  0.000000e+00  0.000000e+00  0.000000e+00  0.000000e+00  0.000000e+00
[181]  0.000000e+00  0.000000e+00  0.000000e+00  0.000000e+00  0.000000e+00
[186]  0.000000e+00  0.000000e+00  0.000000e+00  0.000000e+00  0.000000e+00
[191]  0.000000e+00  0.000000e+00  0.000000e+00  0.000000e+00  0.000000e+00
[196]  0.000000e+00  0.000000e+00  0.000000e+00  0.000000e+00  0.000000e+00
[201]  0.000000e+00  0.000000e+00  0.000000e+00  0.000000e+00  0.000000e+00
[206]  0.000000e+00  0.000000e+00  0.000000e+00  0.000000e+00  0.000000e+00
[211]  0.000000e+00  0.000000e+00  0.000000e+00  0.000000e+00  0.000000e+00
[216]  0.000000e+00  0.000000e+00  0.000000e+00  0.000000e+00  0.000000e+00
[221]  0.000000e+00  0.000000e+00  0.000000e+00  0.000000e+00  0.000000e+00
[226]  0.000000e+00 -5.821526e-49 -5.862396e-49 -6.675040e-49 -1.061417e-48
[231] -1.303820e-48 -1.943718e-48 -2.085994e-48 -2.841175e-48 -7.765581e-48
[236] -1.413039e-41 -1.377336e-40 -2.391721e-40 -5.106750e-40 -6.770829e-40
[241] -1.216819e-39 -1.269340e-33 -8.422863e-33 -1.274126e-32 -1.690638e-32
[246] -2.062924e-32 -2.161095e-32 -2.161440e-32 -3.721811e-32 -5.016537e-32
[251] -1.628167e-31 -1.024989e-24 -1.123124e-24 -1.308912e-24 -1.311294e-24
[256] -1.648824e-24 -1.662690e-24 -1.826383e-24 -5.888264e-24 -7.123489e-24
[261] -7.275330e-24 -1.618020e-23 -2.007945e-23 -2.023690e-23 -9.008389e-18
[266] -1.322715e-17 -6.389512e-17 -9.458248e-17 -2.828778e-16 -3.090334e-16
[271] -4.202811e-16 -7.224432e-16 -7.982962e-16 -9.898833e-16 -1.373806e-15
[276] -1.432601e-15 -1.661637e-15 -2.226857e-15 -2.652052e-15 -3.819184e-15
[281] -1.816546e-12 -4.290039e-05 -1.422622e-04 -1.008519e-03 -1.588368e+01

$vectors
                [,1]          [,2]          [,3]          [,4]          [,5]
  [1,]  0.000000e+00  0.000000e+00  0.000000e+00  0.000000e+00  0.000000e+00
  [2,]  0.000000e+00  0.000000e+00  0.000000e+00  0.000000e+00  0.000000e+00
  [3,]  0.000000e+00  0.000000e+00  0.000000e+00  0.000000e+00  0.000000e+00
  [4,]  0.000000e+00  0.000000e+00  0.000000e+00  0.000000e+00  0.000000e+00
  [5,]  0.000000e+00  0.000000e+00  0.000000e+00  0.000000e+00  0.000000e+00
  [6,]  0.000000e+00  0.000000e+00  0.000000e+00  0.000000e+00  0.000000e+00
  [7,]  0.000000e+00  0.000000e+00  0.000000e+00  0.000000e+00  0.000000e+00
  [8,]  0.000000e+00  0.000000e+00  0.000000e+00  0.000000e+00  0.000000e+00
  [9,]  0.000000e+00  0.000000e+00  0.000000e+00  0.000000e+00  0.000000e+00
 [10,]  0.000000e+00  0.000000e+00  0.000000e+00  0.000000e+00  0.000000e+00
 [11,]  0.000000e+00  0.000000e+00  0.000000e+00  0.000000e+00  0.000000e+00
 [12,]  0.000000e+00  0.000000e+00  0.000000e+00  0.000000e+00  0.000000e+00
 [13,]  0.000000e+00  0.000000e+00  0.000000e+00  0.000000e+00  0.000000e+00
 [14,]  0.000000e+00  0.000000e+00  0.000000e+00  0.000000e+00  0.000000e+00
 [15,]  0.000000e+00  0.000000e+00  0.000000e+00  0.000000e+00  0.000000e+00
 [16,]  0.000000e+00  0.000000e+00  0.000000e+00  0.000000e+00  0.000000e+00
 [17,]  0.000000e+00  0.000000e+00  0.000000e+00  0.000000e+00  0.000000e+00
 [18,]  0.000000e+00  0.000000e+00  0.000000e+00  0.000000e+00  0.000000e+00
 [19,]  0.000000e+00  0.000000e+00  0.000000e+00  0.000000e+00  0.000000e+00
 [20,]  0.000000e+00  0.000000e+00  0.000000e+00  0.000000e+00  0.000000e+00
 [21,]  0.000000e+00  0.000000e+00  0.000000e+00  0.000000e+00  0.000000e+00
 [22,]  0.000000e+00  0.000000e+00  0.000000e+00  0.000000e+00  0.000000e+00
 [23,]  0.000000e+00  0.000000e+00  0.000000e+00  0.000000e+00  0.000000e+00
 [24,]  0.000000e+00  0.000000e+00  0.000000e+00  0.000000e+00  0.000000e+00
 [25,]  0.000000e+00  0.000000e+00  0.000000e+00  0.000000e+00  0.000000e+00
 [26,]  0.000000e+00  0.000000e+00  0.000000e+00  0.000000e+00  0.000000e+00
 [27,]  0.000000e+00  0.000000e+00  0.000000e+00  0.000000e+00  0.000000e+00
 [28,]  0.000000e+00  0.000000e+00  0.000000e+00  0.000000e+00  0.000000e+00
 [29,]  0.000000e+00  0.000000e+00  0.000000e+00  0.000000e+00  0.000000e+00
 [30,]  0.000000e+00  0.000000e+00  0.000000e+00  0.000000e+00  0.000000e+00
 [31,]  0.000000e+00  0.000000e+00  0.000000e+00  0.000000e+00  0.000000e+00
 [32,]  0.000000e+00  0.000000e+00  0.000000e+00  0.000000e+00  0.000000e+00
 [33,]  0.000000e+00  0.000000e+00  0.000000e+00  0.000000e+00  0.000000e+00
 [34,]  0.000000e+00  0.000000e+00  0.000000e+00  0.000000e+00  0.000000e+00
 [35,]  0.000000e+00  0.000000e+00  0.000000e+00  0.000000e+00  0.000000e+00
                [,6]          [,7]          [,8]          [,9]         [,10]
  [1,]  0.000000e+00  0.000000e+00  0.000000e+00  0.000000e+00  0.000000e+00
  [2,]  0.000000e+00  0.000000e+00  0.000000e+00  0.000000e+00  0.000000e+00
  [3,]  0.000000e+00  0.000000e+00  0.000000e+00  0.000000e+00  0.000000e+00
  [4,]  0.000000e+00  0.000000e+00  0.000000e+00  0.000000e+00  0.000000e+00
  [5,]  0.000000e+00  0.000000e+00  0.000000e+00  0.000000e+00  0.000000e+00
  [6,]  0.000000e+00  0.000000e+00  0.000000e+00  0.000000e+00  0.000000e+00
  [7,]  0.000000e+00  0.000000e+00  0.000000e+00  0.000000e+00  0.000000e+00
  [8,]  0.000000e+00  0.000000e+00  0.000000e+00  0.000000e+00  0.000000e+00
  [9,]  0.000000e+00  0.000000e+00  0.000000e+00  0.000000e+00  0.000000e+00
 [10,]  0.000000e+00  0.000000e+00  0.000000e+00  0.000000e+00  0.000000e+00
 [11,]  0.000000e+00  0.000000e+00  0.000000e+00  0.000000e+00  0.000000e+00
 [12,]  0.000000e+00  0.000000e+00  0.000000e+00  0.000000e+00  0.000000e+00
 [13,]  0.000000e+00  0.000000e+00  0.000000e+00  0.000000e+00  0.000000e+00
 [14,]  0.000000e+00  0.000000e+00  0.000000e+00  0.000000e+00  0.000000e+00
 [15,]  0.000000e+00  0.000000e+00  0.000000e+00  0.000000e+00  0.000000e+00
 [16,]  0.000000e+00  0.000000e+00  0.000000e+00  0.000000e+00  0.000000e+00
 [17,]  0.000000e+00  0.000000e+00  0.000000e+00  0.000000e+00  0.000000e+00
 [18,]  0.000000e+00  0.000000e+00  0.000000e+00  0.000000e+00  0.000000e+00
 [19,]  0.000000e+00  0.000000e+00  0.000000e+00  0.000000e+00  0.000000e+00
 [20,]  0.000000e+00  0.000000e+00  0.000000e+00  0.000000e+00  0.000000e+00
 [21,]  0.000000e+00  0.000000e+00  0.000000e+00  0.000000e+00  0.000000e+00
 [22,]  0.000000e+00  0.000000e+00  0.000000e+00  0.000000e+00  0.000000e+00
 [23,]  0.000000e+00  0.000000e+00  0.000000e+00  0.000000e+00  0.000000e+00
 [24,]  0.000000e+00  0.000000e+00  0.000000e+00  0.000000e+00  0.000000e+00
 [25,]  0.000000e+00  0.000000e+00  0.000000e+00  0.000000e+00  0.000000e+00
 [26,]  0.000000e+00  0.000000e+00  0.000000e+00  0.000000e+00  0.000000e+00
 [27,]  0.000000e+00  0.000000e+00  0.000000e+00  0.000000e+00  0.000000e+00
 [28,]  0.000000e+00  0.000000e+00  0.000000e+00  0.000000e+00  0.000000e+00
 [29,]  0.000000e+00  0.000000e+00  0.000000e+00  0.000000e+00  0.000000e+00
 [30,]  0.000000e+00  0.000000e+00  0.000000e+00  0.000000e+00  0.000000e+00
 [31,]  0.000000e+00  0.000000e+00  0.000000e+00  0.000000e+00  0.000000e+00
 [32,]  0.000000e+00  0.000000e+00  0.000000e+00  0.000000e+00  0.000000e+00
 [33,]  0.000000e+00  0.000000e+00  0.000000e+00  0.000000e+00  0.000000e+00
 [34,]  0.000000e+00  0.000000e+00  0.000000e+00  0.000000e+00  0.000000e+00
 [35,]  0.000000e+00  0.000000e+00  0.000000e+00  0.000000e+00  0.000000e+00
               [,11]         [,12]         [,13]         [,14]         [,15]
  [1,]  0.000000e+00  0.000000e+00  0.000000e+00  0.000000e+00  0.000000e+00
  [2,]  0.000000e+00  0.000000e+00  0.000000e+00  0.000000e+00  0.000000e+00
  [3,]  0.000000e+00  0.000000e+00  0.000000e+00  0.000000e+00  0.000000e+00
  [4,]  0.000000e+00  0.000000e+00  0.000000e+00  0.000000e+00  0.000000e+00
  [5,]  0.000000e+00  0.000000e+00  0.000000e+00  0.000000e+00  0.000000e+00
  [6,]  0.000000e+00  0.000000e+00  0.000000e+00  0.000000e+00  0.000000e+00
  [7,]  0.000000e+00  0.000000e+00  0.000000e+00  0.000000e+00  0.000000e+00
  [8,]  0.000000e+00  0.000000e+00  0.000000e+00  0.000000e+00  0.000000e+00
  [9,]  0.000000e+00  0.000000e+00  0.000000e+00  0.000000e+00  0.000000e+00
 [10,]  0.000000e+00  0.000000e+00  0.000000e+00  0.000000e+00  0.000000e+00
 [11,]  0.000000e+00  0.000000e+00  0.000000e+00  0.000000e+00  0.000000e+00
 [12,]  0.000000e+00  0.000000e+00  0.000000e+00  0.000000e+00  0.000000e+00
 [13,]  0.000000e+00  0.000000e+00  0.000000e+00  0.000000e+00  0.000000e+00
 [14,]  0.000000e+00  0.000000e+00  0.000000e+00  0.000000e+00  0.000000e+00
 [15,]  0.000000e+00  0.000000e+00  0.000000e+00  0.000000e+00  0.000000e+00
 [16,]  0.000000e+00  0.000000e+00  0.000000e+00  0.000000e+00  0.000000e+00
 [17,]  0.000000e+00  0.000000e+00  0.000000e+00  0.000000e+00  0.000000e+00
 [18,]  0.000000e+00  0.000000e+00  0.000000e+00  0.000000e+00  0.000000e+00
 [19,]  0.000000e+00  0.000000e+00  0.000000e+00  0.000000e+00  0.000000e+00
 [20,]  0.000000e+00  0.000000e+00  0.000000e+00  0.000000e+00  0.000000e+00
 [21,]  0.000000e+00  0.000000e+00  0.000000e+00  0.000000e+00  0.000000e+00
 [22,]  0.000000e+00  0.000000e+00  0.000000e+00  0.000000e+00  0.000000e+00
 [23,]  0.000000e+00  0.000000e+00  0.000000e+00  0.000000e+00  0.000000e+00
 [24,]  0.000000e+00  0.000000e+00  0.000000e+00  0.000000e+00  0.000000e+00
 [25,]  0.000000e+00  0.000000e+00  0.000000e+00  0.000000e+00  0.000000e+00
 [26,]  0.000000e+00  0.000000e+00  0.000000e+00  0.000000e+00  0.000000e+00
 [27,]  0.000000e+00  0.000000e+00  0.000000e+00  0.000000e+00  0.000000e+00
 [28,]  0.000000e+00  0.000000e+00  0.000000e+00  0.000000e+00  0.000000e+00
 [29,]  0.000000e+00  0.000000e+00  0.000000e+00  0.000000e+00  0.000000e+00
 [30,]  0.000000e+00  0.000000e+00  0.000000e+00  0.000000e+00  0.000000e+00
 [31,]  0.000000e+00  0.000000e+00  0.000000e+00  0.000000e+00  0.000000e+00
 [32,]  0.000000e+00  0.000000e+00  0.000000e+00  0.000000e+00  0.000000e+00
 [33,]  0.000000e+00  0.000000e+00  0.000000e+00  0.000000e+00  0.000000e+00
 [34,]  0.000000e+00  0.000000e+00  0.000000e+00  0.000000e+00  0.000000e+00
 [35,]  0.000000e+00  0.000000e+00  0.000000e+00  0.000000e+00  0.000000e+00
               [,16]         [,17]         [,18]         [,19]         [,20]
  [1,]  0.000000e+00  0.000000e+00  0.000000e+00  0.000000e+00  0.000000e+00
  [2,]  0.000000e+00  0.000000e+00  0.000000e+00  0.000000e+00  0.000000e+00
  [3,]  0.000000e+00  0.000000e+00  0.000000e+00  0.000000e+00  0.000000e+00
  [4,]  0.000000e+00  0.000000e+00  0.000000e+00  0.000000e+00  0.000000e+00
  [5,]  0.000000e+00  0.000000e+00  0.000000e+00  0.000000e+00  0.000000e+00
  [6,]  0.000000e+00  0.000000e+00  0.000000e+00  0.000000e+00  0.000000e+00
  [7,]  0.000000e+00  0.000000e+00  0.000000e+00  0.000000e+00  0.000000e+00
  [8,]  0.000000e+00  0.000000e+00  0.000000e+00  0.000000e+00  0.000000e+00
  [9,]  0.000000e+00  0.000000e+00  0.000000e+00  0.000000e+00  0.000000e+00
 [10,]  0.000000e+00  0.000000e+00  0.000000e+00  0.000000e+00  0.000000e+00
 [11,]  0.000000e+00  0.000000e+00  0.000000e+00  0.000000e+00  0.000000e+00
 [12,]  0.000000e+00  0.000000e+00  0.000000e+00  0.000000e+00  0.000000e+00
 [13,]  0.000000e+00  0.000000e+00  0.000000e+00  0.000000e+00  0.000000e+00
 [14,]  0.000000e+00  0.000000e+00  0.000000e+00  0.000000e+00  0.000000e+00
 [15,]  0.000000e+00  0.000000e+00  0.000000e+00  0.000000e+00  0.000000e+00
 [16,]  0.000000e+00  0.000000e+00  0.000000e+00  0.000000e+00  0.000000e+00
 [17,]  0.000000e+00  0.000000e+00  0.000000e+00  0.000000e+00  0.000000e+00
 [18,]  0.000000e+00  0.000000e+00  0.000000e+00  0.000000e+00  0.000000e+00
 [19,]  0.000000e+00  0.000000e+00  0.000000e+00  0.000000e+00  0.000000e+00
 [20,]  0.000000e+00  0.000000e+00  0.000000e+00  0.000000e+00  0.000000e+00
 [21,]  0.000000e+00  0.000000e+00  0.000000e+00  0.000000e+00  0.000000e+00
 [22,]  0.000000e+00  0.000000e+00  0.000000e+00  0.000000e+00  0.000000e+00
 [23,]  0.000000e+00  0.000000e+00  0.000000e+00  0.000000e+00  0.000000e+00
 [24,]  0.000000e+00  0.000000e+00  0.000000e+00  0.000000e+00  0.000000e+00
 [25,]  0.000000e+00  0.000000e+00  0.000000e+00  0.000000e+00  0.000000e+00
 [26,]  0.000000e+00  0.000000e+00  0.000000e+00  0.000000e+00  0.000000e+00
 [27,]  0.000000e+00  0.000000e+00  0.000000e+00  0.000000e+00  0.000000e+00
 [28,]  0.000000e+00  0.000000e+00  0.000000e+00  0.000000e+00  0.000000e+00
 [29,]  0.000000e+00  0.000000e+00  0.000000e+00  0.000000e+00  0.000000e+00
 [30,]  0.000000e+00  0.000000e+00  0.000000e+00  0.000000e+00  0.000000e+00
 [31,]  0.000000e+00  0.000000e+00  0.000000e+00  0.000000e+00  0.000000e+00
 [32,]  0.000000e+00  0.000000e+00  0.000000e+00  0.000000e+00  0.000000e+00
 [33,]  0.000000e+00  0.000000e+00  0.000000e+00  0.000000e+00  0.000000e+00
 [34,]  0.000000e+00  0.000000e+00  0.000000e+00  0.000000e+00  0.000000e+00
 [35,]  0.000000e+00  0.000000e+00  0.000000e+00  0.000000e+00  0.000000e+00
               [,21]         [,22]         [,23]         [,24]         [,25]
  [1,]  0.000000e+00  0.000000e+00  0.000000e+00  0.000000e+00  0.000000e+00
  [2,]  0.000000e+00  0.000000e+00  0.000000e+00  0.000000e+00  0.000000e+00
  [3,]  0.000000e+00  0.000000e+00  0.000000e+00  0.000000e+00  0.000000e+00
  [4,]  0.000000e+00  0.000000e+00  0.000000e+00  0.000000e+00  0.000000e+00
  [5,]  0.000000e+00  0.000000e+00  0.000000e+00  0.000000e+00  0.000000e+00
  [6,]  0.000000e+00  0.000000e+00  0.000000e+00  0.000000e+00  0.000000e+00
  [7,]  0.000000e+00  0.000000e+00  0.000000e+00  0.000000e+00  0.000000e+00
  [8,]  0.000000e+00  0.000000e+00  0.000000e+00  0.000000e+00  0.000000e+00
  [9,]  0.000000e+00  0.000000e+00  0.000000e+00  0.000000e+00  0.000000e+00
 [10,]  0.000000e+00  0.000000e+00  0.000000e+00  0.000000e+00  0.000000e+00
 [11,]  0.000000e+00  0.000000e+00  0.000000e+00  0.000000e+00  0.000000e+00
 [12,]  0.000000e+00  0.000000e+00  0.000000e+00  0.000000e+00  0.000000e+00
 [13,]  0.000000e+00  0.000000e+00  0.000000e+00  0.000000e+00  0.000000e+00
 [14,]  0.000000e+00  0.000000e+00  0.000000e+00  0.000000e+00  0.000000e+00
 [15,]  0.000000e+00  0.000000e+00  0.000000e+00  0.000000e+00  0.000000e+00
 [16,]  0.000000e+00  0.000000e+00  0.000000e+00  0.000000e+00  0.000000e+00
 [17,]  0.000000e+00  0.000000e+00  0.000000e+00  0.000000e+00  0.000000e+00
 [18,]  0.000000e+00  0.000000e+00  0.000000e+00  0.000000e+00  0.000000e+00
 [19,]  0.000000e+00  0.000000e+00  0.000000e+00  0.000000e+00  0.000000e+00
 [20,]  0.000000e+00  0.000000e+00  0.000000e+00  0.000000e+00  0.000000e+00
 [21,]  0.000000e+00  0.000000e+00  0.000000e+00  0.000000e+00  0.000000e+00
 [22,]  0.000000e+00  0.000000e+00  0.000000e+00  0.000000e+00  0.000000e+00
 [23,]  0.000000e+00  0.000000e+00  0.000000e+00  0.000000e+00  0.000000e+00
 [24,]  0.000000e+00  0.000000e+00  0.000000e+00  0.000000e+00  0.000000e+00
 [25,]  0.000000e+00  0.000000e+00  0.000000e+00  0.000000e+00  0.000000e+00
 [26,]  0.000000e+00  0.000000e+00  0.000000e+00  0.000000e+00  0.000000e+00
 [27,]  0.000000e+00  0.000000e+00  0.000000e+00  0.000000e+00  0.000000e+00
 [28,]  0.000000e+00  0.000000e+00  0.000000e+00  0.000000e+00  0.000000e+00
 [29,]  0.000000e+00  0.000000e+00  0.000000e+00  0.000000e+00  0.000000e+00
 [30,]  0.000000e+00  0.000000e+00  0.000000e+00  0.000000e+00  0.000000e+00
 [31,]  0.000000e+00  0.000000e+00  0.000000e+00  0.000000e+00  0.000000e+00
 [32,]  0.000000e+00  0.000000e+00  0.000000e+00  0.000000e+00  0.000000e+00
 [33,]  0.000000e+00  0.000000e+00  0.000000e+00  0.000000e+00  0.000000e+00
 [34,]  0.000000e+00  0.000000e+00  0.000000e+00  0.000000e+00  0.000000e+00
 [35,]  0.000000e+00  0.000000e+00  0.000000e+00  0.000000e+00  0.000000e+00
               [,26]         [,27]         [,28]         [,29]         [,30]
  [1,]  0.000000e+00  0.000000e+00  0.000000e+00  0.000000e+00  0.000000e+00
  [2,]  0.000000e+00  0.000000e+00  0.000000e+00  0.000000e+00  0.000000e+00
  [3,]  0.000000e+00  0.000000e+00  0.000000e+00  0.000000e+00  0.000000e+00
  [4,]  0.000000e+00  0.000000e+00  0.000000e+00  0.000000e+00  0.000000e+00
  [5,]  0.000000e+00  0.000000e+00  0.000000e+00  0.000000e+00  0.000000e+00
  [6,]  0.000000e+00  0.000000e+00  0.000000e+00  0.000000e+00  0.000000e+00
  [7,]  0.000000e+00  0.000000e+00  0.000000e+00  0.000000e+00  0.000000e+00
  [8,]  0.000000e+00  0.000000e+00  0.000000e+00  0.000000e+00  0.000000e+00
  [9,]  0.000000e+00  0.000000e+00  0.000000e+00  0.000000e+00  0.000000e+00
 [10,]  0.000000e+00  0.000000e+00  0.000000e+00  0.000000e+00  0.000000e+00
 [11,]  0.000000e+00  0.000000e+00  0.000000e+00  0.000000e+00  0.000000e+00
 [12,]  0.000000e+00  0.000000e+00  0.000000e+00  0.000000e+00  0.000000e+00
 [13,]  0.000000e+00  0.000000e+00  0.000000e+00  0.000000e+00  0.000000e+00
 [14,]  0.000000e+00  0.000000e+00  0.000000e+00  0.000000e+00  0.000000e+00
 [15,]  0.000000e+00  0.000000e+00  0.000000e+00  0.000000e+00  0.000000e+00
 [16,]  0.000000e+00  0.000000e+00  0.000000e+00  0.000000e+00  0.000000e+00
 [17,]  0.000000e+00  0.000000e+00  0.000000e+00  0.000000e+00  0.000000e+00
 [18,]  0.000000e+00  0.000000e+00  0.000000e+00  0.000000e+00  0.000000e+00
 [19,]  0.000000e+00  0.000000e+00  0.000000e+00  0.000000e+00  0.000000e+00
 [20,]  0.000000e+00  0.000000e+00  0.000000e+00  0.000000e+00  0.000000e+00
 [21,]  0.000000e+00  0.000000e+00  0.000000e+00  0.000000e+00  0.000000e+00
 [22,]  0.000000e+00  0.000000e+00  0.000000e+00  0.000000e+00  0.000000e+00
 [23,]  0.000000e+00  0.000000e+00  0.000000e+00  0.000000e+00  0.000000e+00
 [24,]  0.000000e+00  0.000000e+00  0.000000e+00  0.000000e+00  0.000000e+00
 [25,]  0.000000e+00  0.000000e+00  0.000000e+00  0.000000e+00  0.000000e+00
 [26,]  0.000000e+00  0.000000e+00  0.000000e+00  0.000000e+00  0.000000e+00
 [27,]  0.000000e+00  0.000000e+00  0.000000e+00  0.000000e+00  0.000000e+00
 [28,]  0.000000e+00  0.000000e+00  0.000000e+00  0.000000e+00  0.000000e+00
 [29,]  0.000000e+00  0.000000e+00  0.000000e+00  0.000000e+00  0.000000e+00
 [30,]  0.000000e+00  0.000000e+00  0.000000e+00  0.000000e+00  0.000000e+00
 [31,]  0.000000e+00  0.000000e+00  0.000000e+00  0.000000e+00  0.000000e+00
 [32,]  0.000000e+00  0.000000e+00  0.000000e+00  0.000000e+00  0.000000e+00
 [33,]  0.000000e+00  0.000000e+00  0.000000e+00  0.000000e+00  0.000000e+00
 [34,]  0.000000e+00  0.000000e+00  0.000000e+00  0.000000e+00  0.000000e+00
 [35,]  0.000000e+00  0.000000e+00  0.000000e+00  0.000000e+00  0.000000e+00
               [,31]         [,32]         [,33]         [,34]         [,35]
  [1,]  0.000000e+00  0.000000e+00  0.000000e+00  0.000000e+00  0.000000e+00
  [2,]  0.000000e+00  0.000000e+00  0.000000e+00  0.000000e+00  0.000000e+00
  [3,]  0.000000e+00  0.000000e+00  0.000000e+00  0.000000e+00  0.000000e+00
  [4,]  0.000000e+00  0.000000e+00  0.000000e+00  0.000000e+00  0.000000e+00
  [5,]  0.000000e+00  0.000000e+00  0.000000e+00  0.000000e+00  0.000000e+00
  [6,]  0.000000e+00  0.000000e+00  0.000000e+00  0.000000e+00  0.000000e+00
  [7,]  0.000000e+00  0.000000e+00  0.000000e+00  0.000000e+00  0.000000e+00
  [8,]  0.000000e+00  0.000000e+00  0.000000e+00  0.000000e+00  0.000000e+00
  [9,]  0.000000e+00  0.000000e+00  0.000000e+00  0.000000e+00  0.000000e+00
 [10,]  0.000000e+00  0.000000e+00  0.000000e+00  0.000000e+00  0.000000e+00
 [11,]  0.000000e+00  0.000000e+00  0.000000e+00  0.000000e+00  0.000000e+00
 [12,]  0.000000e+00  0.000000e+00  0.000000e+00  0.000000e+00  0.000000e+00
 [13,]  0.000000e+00  0.000000e+00  0.000000e+00  0.000000e+00  0.000000e+00
 [14,]  0.000000e+00  0.000000e+00  0.000000e+00  0.000000e+00  0.000000e+00
 [15,]  0.000000e+00  0.000000e+00  0.000000e+00  0.000000e+00  0.000000e+00
 [16,]  0.000000e+00  0.000000e+00  0.000000e+00  0.000000e+00  0.000000e+00
 [17,]  0.000000e+00  0.000000e+00  0.000000e+00  0.000000e+00  0.000000e+00
 [18,]  0.000000e+00  0.000000e+00  0.000000e+00  0.000000e+00  0.000000e+00
 [19,]  0.000000e+00  0.000000e+00  0.000000e+00  0.000000e+00  0.000000e+00
 [20,]  0.000000e+00  0.000000e+00  0.000000e+00  0.000000e+00  0.000000e+00
 [21,]  0.000000e+00  0.000000e+00  0.000000e+00  0.000000e+00  0.000000e+00
 [22,]  0.000000e+00  0.000000e+00  0.000000e+00  0.000000e+00  0.000000e+00
 [23,]  0.000000e+00  0.000000e+00  0.000000e+00  0.000000e+00  0.000000e+00
 [24,]  0.000000e+00  0.000000e+00  0.000000e+00  0.000000e+00  0.000000e+00
 [25,]  0.000000e+00  0.000000e+00  0.000000e+00  0.000000e+00  0.000000e+00
 [26,]  0.000000e+00  0.000000e+00  0.000000e+00  0.000000e+00  0.000000e+00
 [27,]  0.000000e+00  0.000000e+00  0.000000e+00  0.000000e+00  0.000000e+00
 [28,]  0.000000e+00  0.000000e+00  0.000000e+00  0.000000e+00  0.000000e+00
 [29,]  0.000000e+00  0.000000e+00  0.000000e+00  0.000000e+00  0.000000e+00
 [30,]  0.000000e+00  0.000000e+00  0.000000e+00  0.000000e+00  0.000000e+00
 [31,]  0.000000e+00  0.000000e+00  0.000000e+00  0.000000e+00  0.000000e+00
 [32,]  0.000000e+00  0.000000e+00  0.000000e+00  0.000000e+00  0.000000e+00
 [33,]  0.000000e+00  0.000000e+00  0.000000e+00  0.000000e+00  0.000000e+00
 [34,]  0.000000e+00  0.000000e+00  0.000000e+00  0.000000e+00  0.000000e+00
 [35,]  0.000000e+00  0.000000e+00  0.000000e+00  0.000000e+00  0.000000e+00
               [,36]         [,37]         [,38]         [,39]         [,40]
  [1,]  0.000000e+00  0.000000e+00  0.000000e+00  0.000000e+00  0.000000e+00
  [2,]  0.000000e+00  0.000000e+00  0.000000e+00  0.000000e+00  0.000000e+00
  [3,]  0.000000e+00  0.000000e+00  0.000000e+00  0.000000e+00  0.000000e+00
  [4,]  0.000000e+00  0.000000e+00  0.000000e+00  0.000000e+00  0.000000e+00
  [5,]  0.000000e+00  0.000000e+00  0.000000e+00  0.000000e+00  0.000000e+00
  [6,]  0.000000e+00  0.000000e+00  0.000000e+00  0.000000e+00  0.000000e+00
  [7,]  0.000000e+00  0.000000e+00  0.000000e+00  0.000000e+00  0.000000e+00
  [8,]  0.000000e+00  0.000000e+00  0.000000e+00  0.000000e+00  0.000000e+00
  [9,]  0.000000e+00  0.000000e+00  0.000000e+00  0.000000e+00  0.000000e+00
 [10,]  0.000000e+00  0.000000e+00  0.000000e+00  0.000000e+00  0.000000e+00
 [11,]  0.000000e+00  0.000000e+00  0.000000e+00  0.000000e+00  0.000000e+00
 [12,]  0.000000e+00  0.000000e+00  0.000000e+00  0.000000e+00  0.000000e+00
 [13,]  0.000000e+00  0.000000e+00  0.000000e+00  0.000000e+00  0.000000e+00
 [14,]  0.000000e+00  0.000000e+00  0.000000e+00  0.000000e+00  0.000000e+00
 [15,]  0.000000e+00  0.000000e+00  0.000000e+00  0.000000e+00  0.000000e+00
 [16,]  0.000000e+00  0.000000e+00  0.000000e+00  0.000000e+00  0.000000e+00
 [17,]  0.000000e+00  0.000000e+00  0.000000e+00  0.000000e+00  0.000000e+00
 [18,]  0.000000e+00  0.000000e+00  0.000000e+00  0.000000e+00  0.000000e+00
 [19,]  0.000000e+00  0.000000e+00  0.000000e+00  0.000000e+00  0.000000e+00
 [20,]  0.000000e+00  0.000000e+00  0.000000e+00  0.000000e+00  0.000000e+00
 [21,]  0.000000e+00  0.000000e+00  0.000000e+00  0.000000e+00  0.000000e+00
 [22,]  0.000000e+00  0.000000e+00  0.000000e+00  0.000000e+00  0.000000e+00
 [23,]  0.000000e+00  0.000000e+00  0.000000e+00  0.000000e+00  0.000000e+00
 [24,]  0.000000e+00  0.000000e+00  0.000000e+00  0.000000e+00  0.000000e+00
 [25,]  0.000000e+00  0.000000e+00  0.000000e+00  0.000000e+00  0.000000e+00
 [26,]  0.000000e+00  0.000000e+00  0.000000e+00  0.000000e+00  0.000000e+00
 [27,]  0.000000e+00  0.000000e+00  0.000000e+00  0.000000e+00  0.000000e+00
 [28,]  0.000000e+00  0.000000e+00  0.000000e+00  0.000000e+00  0.000000e+00
 [29,]  0.000000e+00  0.000000e+00  0.000000e+00  0.000000e+00  0.000000e+00
 [30,]  0.000000e+00  0.000000e+00  0.000000e+00  0.000000e+00  0.000000e+00
 [31,]  0.000000e+00  0.000000e+00  0.000000e+00  0.000000e+00  0.000000e+00
 [32,]  0.000000e+00  0.000000e+00  0.000000e+00  0.000000e+00  0.000000e+00
 [33,]  0.000000e+00  0.000000e+00  0.000000e+00  0.000000e+00  0.000000e+00
 [34,]  0.000000e+00  0.000000e+00  0.000000e+00  0.000000e+00  0.000000e+00
 [35,]  0.000000e+00  0.000000e+00  0.000000e+00  0.000000e+00  0.000000e+00
               [,41]         [,42]         [,43]         [,44]         [,45]
  [1,]  0.000000e+00  0.000000e+00  0.000000e+00  0.000000e+00  0.000000e+00
  [2,]  0.000000e+00  0.000000e+00  0.000000e+00  0.000000e+00  0.000000e+00
  [3,]  0.000000e+00  0.000000e+00  0.000000e+00  0.000000e+00  0.000000e+00
  [4,]  0.000000e+00  0.000000e+00  0.000000e+00  0.000000e+00  0.000000e+00
  [5,]  0.000000e+00  0.000000e+00  0.000000e+00  0.000000e+00  0.000000e+00
  [6,]  0.000000e+00  0.000000e+00  0.000000e+00  0.000000e+00  0.000000e+00
  [7,]  0.000000e+00  0.000000e+00  0.000000e+00  0.000000e+00  0.000000e+00
  [8,]  0.000000e+00  0.000000e+00  0.000000e+00  0.000000e+00  0.000000e+00
  [9,]  0.000000e+00  0.000000e+00  0.000000e+00  0.000000e+00  0.000000e+00
 [10,]  0.000000e+00  0.000000e+00  0.000000e+00  0.000000e+00  0.000000e+00
 [11,]  0.000000e+00  0.000000e+00  0.000000e+00  0.000000e+00  0.000000e+00
 [12,]  0.000000e+00  0.000000e+00  0.000000e+00  0.000000e+00  0.000000e+00
 [13,]  0.000000e+00  0.000000e+00  0.000000e+00  0.000000e+00  0.000000e+00
 [14,]  0.000000e+00  0.000000e+00  0.000000e+00  0.000000e+00  0.000000e+00
 [15,]  0.000000e+00  0.000000e+00  0.000000e+00  0.000000e+00  0.000000e+00
 [16,]  0.000000e+00  0.000000e+00  0.000000e+00  0.000000e+00  0.000000e+00
 [17,]  0.000000e+00  0.000000e+00  0.000000e+00  0.000000e+00  0.000000e+00
 [18,]  0.000000e+00  0.000000e+00  0.000000e+00  0.000000e+00  0.000000e+00
 [19,]  0.000000e+00  0.000000e+00  0.000000e+00  0.000000e+00  0.000000e+00
 [20,]  0.000000e+00  0.000000e+00  0.000000e+00  0.000000e+00  0.000000e+00
 [21,]  0.000000e+00  0.000000e+00  0.000000e+00  0.000000e+00  0.000000e+00
 [22,]  0.000000e+00  0.000000e+00  0.000000e+00  0.000000e+00  0.000000e+00
 [23,]  0.000000e+00  0.000000e+00  0.000000e+00  0.000000e+00  0.000000e+00
 [24,]  0.000000e+00  0.000000e+00  0.000000e+00  0.000000e+00  0.000000e+00
 [25,]  0.000000e+00  0.000000e+00  0.000000e+00  0.000000e+00  0.000000e+00
 [26,]  0.000000e+00  0.000000e+00  0.000000e+00  0.000000e+00  0.000000e+00
 [27,]  0.000000e+00  0.000000e+00  0.000000e+00  0.000000e+00  0.000000e+00
 [28,]  0.000000e+00  0.000000e+00  0.000000e+00  0.000000e+00  0.000000e+00
 [29,]  0.000000e+00  0.000000e+00  0.000000e+00  0.000000e+00  0.000000e+00
 [30,]  0.000000e+00  0.000000e+00  0.000000e+00  0.000000e+00  0.000000e+00
 [31,]  0.000000e+00  0.000000e+00  0.000000e+00  0.000000e+00  0.000000e+00
 [32,]  0.000000e+00  0.000000e+00  0.000000e+00  0.000000e+00  0.000000e+00
 [33,]  0.000000e+00  0.000000e+00  0.000000e+00  0.000000e+00  0.000000e+00
 [34,]  0.000000e+00  0.000000e+00  0.000000e+00  0.000000e+00  0.000000e+00
 [35,]  0.000000e+00  0.000000e+00  0.000000e+00  0.000000e+00  0.000000e+00
               [,46]         [,47]         [,48]         [,49]         [,50]
  [1,]  0.000000e+00  0.000000e+00  0.000000e+00  0.000000e+00  0.000000e+00
  [2,]  0.000000e+00  0.000000e+00  0.000000e+00  0.000000e+00  0.000000e+00
  [3,]  0.000000e+00  0.000000e+00  0.000000e+00  0.000000e+00  0.000000e+00
  [4,]  0.000000e+00  0.000000e+00  0.000000e+00  0.000000e+00  0.000000e+00
  [5,]  0.000000e+00  0.000000e+00  0.000000e+00  0.000000e+00  0.000000e+00
  [6,]  0.000000e+00  0.000000e+00  0.000000e+00  0.000000e+00  0.000000e+00
  [7,]  0.000000e+00  0.000000e+00  0.000000e+00  0.000000e+00  0.000000e+00
  [8,]  0.000000e+00  0.000000e+00  0.000000e+00  0.000000e+00  0.000000e+00
  [9,]  0.000000e+00  0.000000e+00  0.000000e+00  0.000000e+00  0.000000e+00
 [10,]  0.000000e+00  0.000000e+00  0.000000e+00  0.000000e+00  0.000000e+00
 [11,]  0.000000e+00  0.000000e+00  0.000000e+00  0.000000e+00  0.000000e+00
 [12,]  0.000000e+00  0.000000e+00  0.000000e+00  0.000000e+00  0.000000e+00
 [13,]  0.000000e+00  0.000000e+00  0.000000e+00  0.000000e+00  0.000000e+00
 [14,]  0.000000e+00  0.000000e+00  0.000000e+00  0.000000e+00  0.000000e+00
 [15,]  0.000000e+00  0.000000e+00  0.000000e+00  0.000000e+00  0.000000e+00
 [16,]  0.000000e+00  0.000000e+00  0.000000e+00  0.000000e+00  0.000000e+00
 [17,]  0.000000e+00  0.000000e+00  0.000000e+00  0.000000e+00  0.000000e+00
 [18,]  0.000000e+00  0.000000e+00  0.000000e+00  0.000000e+00  0.000000e+00
 [19,]  0.000000e+00  0.000000e+00  0.000000e+00  0.000000e+00  0.000000e+00
 [20,]  0.000000e+00  0.000000e+00  0.000000e+00  0.000000e+00  0.000000e+00
 [21,]  0.000000e+00  0.000000e+00  0.000000e+00  0.000000e+00  0.000000e+00
 [22,]  0.000000e+00  0.000000e+00  0.000000e+00  0.000000e+00  0.000000e+00
 [23,]  0.000000e+00  0.000000e+00  0.000000e+00  0.000000e+00  0.000000e+00
 [24,]  0.000000e+00  0.000000e+00  0.000000e+00  0.000000e+00  0.000000e+00
 [25,]  0.000000e+00  0.000000e+00  0.000000e+00  0.000000e+00  0.000000e+00
 [26,]  0.000000e+00  0.000000e+00  0.000000e+00  0.000000e+00  0.000000e+00
 [27,]  0.000000e+00  0.000000e+00  0.000000e+00  0.000000e+00  0.000000e+00
 [28,]  0.000000e+00  0.000000e+00  0.000000e+00  0.000000e+00  0.000000e+00
 [29,]  0.000000e+00  0.000000e+00  0.000000e+00  0.000000e+00  0.000000e+00
 [30,]  0.000000e+00  0.000000e+00  0.000000e+00  0.000000e+00  0.000000e+00
 [31,]  0.000000e+00  0.000000e+00  0.000000e+00  0.000000e+00  0.000000e+00
 [32,]  0.000000e+00  0.000000e+00  0.000000e+00  0.000000e+00  0.000000e+00
 [33,]  0.000000e+00  0.000000e+00  0.000000e+00  0.000000e+00  0.000000e+00
 [34,]  0.000000e+00  0.000000e+00  0.000000e+00  0.000000e+00  0.000000e+00
 [35,]  0.000000e+00  0.000000e+00  0.000000e+00  0.000000e+00  0.000000e+00
               [,51]         [,52]         [,53]         [,54]         [,55]
  [1,]  0.000000e+00  0.000000e+00  0.000000e+00  0.000000e+00  0.000000e+00
  [2,]  0.000000e+00  0.000000e+00  0.000000e+00  0.000000e+00  0.000000e+00
  [3,]  0.000000e+00  0.000000e+00  0.000000e+00  0.000000e+00  0.000000e+00
  [4,]  0.000000e+00  0.000000e+00  0.000000e+00  0.000000e+00  0.000000e+00
  [5,]  0.000000e+00  0.000000e+00  0.000000e+00  0.000000e+00  0.000000e+00
  [6,]  0.000000e+00  0.000000e+00  0.000000e+00  0.000000e+00  0.000000e+00
  [7,]  0.000000e+00  0.000000e+00  0.000000e+00  0.000000e+00  0.000000e+00
  [8,]  0.000000e+00  0.000000e+00  0.000000e+00  0.000000e+00  0.000000e+00
  [9,]  0.000000e+00  0.000000e+00  0.000000e+00  0.000000e+00  0.000000e+00
 [10,]  0.000000e+00  0.000000e+00  0.000000e+00  0.000000e+00  0.000000e+00
 [11,]  0.000000e+00  0.000000e+00  0.000000e+00  0.000000e+00  0.000000e+00
 [12,]  0.000000e+00  0.000000e+00  0.000000e+00  0.000000e+00  0.000000e+00
 [13,]  0.000000e+00  0.000000e+00  0.000000e+00  0.000000e+00  0.000000e+00
 [14,]  0.000000e+00  0.000000e+00  0.000000e+00  0.000000e+00  0.000000e+00
 [15,]  0.000000e+00  0.000000e+00  0.000000e+00  0.000000e+00  0.000000e+00
 [16,]  0.000000e+00  0.000000e+00  0.000000e+00  0.000000e+00  0.000000e+00
 [17,]  0.000000e+00  0.000000e+00  0.000000e+00  0.000000e+00  0.000000e+00
 [18,]  0.000000e+00  0.000000e+00  0.000000e+00  0.000000e+00  0.000000e+00
 [19,]  0.000000e+00  0.000000e+00  0.000000e+00  0.000000e+00  0.000000e+00
 [20,]  0.000000e+00  0.000000e+00  0.000000e+00  0.000000e+00  0.000000e+00
 [21,]  0.000000e+00  0.000000e+00  0.000000e+00  0.000000e+00  0.000000e+00
 [22,]  0.000000e+00  0.000000e+00  0.000000e+00  0.000000e+00  0.000000e+00
 [23,]  0.000000e+00  0.000000e+00  0.000000e+00  0.000000e+00  0.000000e+00
 [24,]  0.000000e+00  0.000000e+00  0.000000e+00  0.000000e+00  0.000000e+00
 [25,]  0.000000e+00  0.000000e+00  0.000000e+00  0.000000e+00  0.000000e+00
 [26,]  0.000000e+00  0.000000e+00  0.000000e+00  0.000000e+00  0.000000e+00
 [27,]  0.000000e+00  0.000000e+00  0.000000e+00  0.000000e+00  0.000000e+00
 [28,]  0.000000e+00  0.000000e+00  0.000000e+00  0.000000e+00  0.000000e+00
 [29,]  0.000000e+00  0.000000e+00  0.000000e+00  0.000000e+00  0.000000e+00
 [30,]  0.000000e+00  0.000000e+00  0.000000e+00  0.000000e+00  0.000000e+00
 [31,]  0.000000e+00  0.000000e+00  0.000000e+00  0.000000e+00  0.000000e+00
 [32,]  0.000000e+00  0.000000e+00  0.000000e+00  0.000000e+00  0.000000e+00
 [33,]  0.000000e+00  0.000000e+00  0.000000e+00  0.000000e+00  0.000000e+00
 [34,]  0.000000e+00  0.000000e+00  0.000000e+00  0.000000e+00  0.000000e+00
 [35,]  0.000000e+00  0.000000e+00  0.000000e+00  0.000000e+00  0.000000e+00
               [,56]         [,57]         [,58]         [,59]         [,60]
  [1,]  0.000000e+00  0.000000e+00  0.000000e+00  0.000000e+00  0.000000e+00
  [2,]  0.000000e+00  0.000000e+00  0.000000e+00  0.000000e+00  0.000000e+00
  [3,]  0.000000e+00  0.000000e+00  0.000000e+00  0.000000e+00  0.000000e+00
  [4,]  0.000000e+00  0.000000e+00  0.000000e+00  0.000000e+00  0.000000e+00
  [5,]  0.000000e+00  0.000000e+00  0.000000e+00  0.000000e+00  0.000000e+00
  [6,]  0.000000e+00  0.000000e+00  0.000000e+00  0.000000e+00  0.000000e+00
  [7,]  0.000000e+00  0.000000e+00  0.000000e+00  0.000000e+00  0.000000e+00
  [8,]  0.000000e+00  0.000000e+00  0.000000e+00  0.000000e+00  0.000000e+00
  [9,]  0.000000e+00  0.000000e+00  0.000000e+00  0.000000e+00  0.000000e+00
 [10,]  0.000000e+00  0.000000e+00  0.000000e+00  0.000000e+00  0.000000e+00
 [11,]  0.000000e+00  0.000000e+00  0.000000e+00  0.000000e+00  0.000000e+00
 [12,]  0.000000e+00  0.000000e+00  0.000000e+00  0.000000e+00  0.000000e+00
 [13,]  0.000000e+00  0.000000e+00  0.000000e+00  0.000000e+00  0.000000e+00
 [14,]  0.000000e+00  0.000000e+00  0.000000e+00  0.000000e+00  0.000000e+00
 [15,]  0.000000e+00  0.000000e+00  0.000000e+00  0.000000e+00  0.000000e+00
 [16,]  0.000000e+00  0.000000e+00  0.000000e+00  0.000000e+00  0.000000e+00
 [17,]  0.000000e+00  0.000000e+00  0.000000e+00  0.000000e+00  0.000000e+00
 [18,]  0.000000e+00  0.000000e+00  0.000000e+00  0.000000e+00  0.000000e+00
 [19,]  0.000000e+00  0.000000e+00  0.000000e+00  0.000000e+00  0.000000e+00
 [20,]  0.000000e+00  0.000000e+00  0.000000e+00  0.000000e+00  0.000000e+00
 [21,]  0.000000e+00  0.000000e+00  0.000000e+00  0.000000e+00  0.000000e+00
 [22,]  0.000000e+00  0.000000e+00  0.000000e+00  0.000000e+00  0.000000e+00
 [23,]  0.000000e+00  0.000000e+00  0.000000e+00  0.000000e+00  0.000000e+00
 [24,]  0.000000e+00  0.000000e+00  0.000000e+00  0.000000e+00  0.000000e+00
 [25,]  0.000000e+00  0.000000e+00  0.000000e+00  0.000000e+00  0.000000e+00
 [26,]  0.000000e+00  0.000000e+00  0.000000e+00  0.000000e+00  0.000000e+00
 [27,]  0.000000e+00  0.000000e+00  0.000000e+00  0.000000e+00  0.000000e+00
 [28,]  0.000000e+00  0.000000e+00  0.000000e+00  0.000000e+00  0.000000e+00
 [29,]  0.000000e+00  0.000000e+00  0.000000e+00  0.000000e+00  0.000000e+00
 [30,]  0.000000e+00  0.000000e+00  0.000000e+00  0.000000e+00  0.000000e+00
 [31,]  0.000000e+00  0.000000e+00  0.000000e+00  0.000000e+00  0.000000e+00
 [32,]  0.000000e+00  0.000000e+00  0.000000e+00  0.000000e+00  0.000000e+00
 [33,]  0.000000e+00  0.000000e+00  0.000000e+00  0.000000e+00  0.000000e+00
 [34,]  0.000000e+00  0.000000e+00  0.000000e+00  0.000000e+00  0.000000e+00
 [35,]  0.000000e+00  0.000000e+00  0.000000e+00  0.000000e+00  0.000000e+00
               [,61]         [,62]         [,63]         [,64]         [,65]
  [1,]  0.000000e+00  0.000000e+00  0.000000e+00  0.000000e+00  0.000000e+00
  [2,]  0.000000e+00  0.000000e+00  0.000000e+00  0.000000e+00  0.000000e+00
  [3,]  0.000000e+00  0.000000e+00  0.000000e+00  0.000000e+00  0.000000e+00
  [4,]  0.000000e+00  0.000000e+00  0.000000e+00  0.000000e+00  0.000000e+00
  [5,]  0.000000e+00  0.000000e+00  0.000000e+00  0.000000e+00  0.000000e+00
  [6,]  0.000000e+00  0.000000e+00  0.000000e+00  0.000000e+00  0.000000e+00
  [7,]  0.000000e+00  0.000000e+00  0.000000e+00  0.000000e+00  0.000000e+00
  [8,]  0.000000e+00  0.000000e+00  0.000000e+00  0.000000e+00  0.000000e+00
  [9,]  0.000000e+00  0.000000e+00  0.000000e+00  0.000000e+00  0.000000e+00
 [10,]  0.000000e+00  0.000000e+00  0.000000e+00  0.000000e+00  0.000000e+00
 [11,]  0.000000e+00  0.000000e+00  0.000000e+00  0.000000e+00  0.000000e+00
 [12,]  0.000000e+00  0.000000e+00  0.000000e+00  0.000000e+00  0.000000e+00
 [13,]  0.000000e+00  0.000000e+00  0.000000e+00  0.000000e+00  0.000000e+00
 [14,]  0.000000e+00  0.000000e+00  0.000000e+00  0.000000e+00  0.000000e+00
 [15,]  0.000000e+00  0.000000e+00  0.000000e+00  0.000000e+00  0.000000e+00
 [16,]  0.000000e+00  0.000000e+00  0.000000e+00  0.000000e+00  0.000000e+00
 [17,]  0.000000e+00  0.000000e+00  0.000000e+00  0.000000e+00  0.000000e+00
 [18,]  0.000000e+00  0.000000e+00  0.000000e+00  0.000000e+00  0.000000e+00
 [19,]  0.000000e+00  0.000000e+00  0.000000e+00  0.000000e+00  0.000000e+00
 [20,]  0.000000e+00  0.000000e+00  0.000000e+00  0.000000e+00  0.000000e+00
 [21,]  0.000000e+00  0.000000e+00  0.000000e+00  0.000000e+00  0.000000e+00
 [22,]  0.000000e+00  0.000000e+00  0.000000e+00  0.000000e+00  0.000000e+00
 [23,]  0.000000e+00  0.000000e+00  0.000000e+00  0.000000e+00  0.000000e+00
 [24,]  0.000000e+00  0.000000e+00  0.000000e+00  0.000000e+00  0.000000e+00
 [25,]  0.000000e+00  0.000000e+00  0.000000e+00  0.000000e+00  0.000000e+00
 [26,]  0.000000e+00  0.000000e+00  0.000000e+00  0.000000e+00  0.000000e+00
 [27,]  0.000000e+00  0.000000e+00  0.000000e+00  0.000000e+00  0.000000e+00
 [28,]  0.000000e+00  0.000000e+00  0.000000e+00  0.000000e+00  0.000000e+00
 [29,]  0.000000e+00  0.000000e+00  0.000000e+00  0.000000e+00  0.000000e+00
 [30,]  0.000000e+00  0.000000e+00  0.000000e+00  0.000000e+00  0.000000e+00
 [31,]  0.000000e+00  0.000000e+00  0.000000e+00  0.000000e+00  0.000000e+00
 [32,]  0.000000e+00  0.000000e+00  0.000000e+00  0.000000e+00  0.000000e+00
 [33,]  0.000000e+00  0.000000e+00  0.000000e+00  0.000000e+00  0.000000e+00
 [34,]  0.000000e+00  0.000000e+00  0.000000e+00  0.000000e+00  0.000000e+00
 [35,]  0.000000e+00  0.000000e+00  0.000000e+00  0.000000e+00  0.000000e+00
               [,66]         [,67]         [,68]         [,69]         [,70]
  [1,]  0.000000e+00  0.000000e+00  0.000000e+00  0.000000e+00  0.000000e+00
  [2,]  0.000000e+00  0.000000e+00  0.000000e+00  0.000000e+00  0.000000e+00
  [3,]  0.000000e+00  0.000000e+00  0.000000e+00  0.000000e+00  0.000000e+00
  [4,]  0.000000e+00  0.000000e+00  0.000000e+00  0.000000e+00  0.000000e+00
  [5,]  0.000000e+00  0.000000e+00  0.000000e+00  0.000000e+00  0.000000e+00
  [6,]  0.000000e+00  0.000000e+00  0.000000e+00  0.000000e+00  0.000000e+00
  [7,]  0.000000e+00  0.000000e+00  0.000000e+00  0.000000e+00  0.000000e+00
  [8,]  0.000000e+00  0.000000e+00  0.000000e+00  0.000000e+00  0.000000e+00
  [9,]  0.000000e+00  0.000000e+00  0.000000e+00  0.000000e+00  0.000000e+00
 [10,]  0.000000e+00  0.000000e+00  0.000000e+00  0.000000e+00  0.000000e+00
 [11,]  0.000000e+00  0.000000e+00  0.000000e+00  0.000000e+00  0.000000e+00
 [12,]  0.000000e+00  0.000000e+00  0.000000e+00  0.000000e+00  0.000000e+00
 [13,]  0.000000e+00  0.000000e+00  0.000000e+00  0.000000e+00  0.000000e+00
 [14,]  0.000000e+00  0.000000e+00  0.000000e+00  0.000000e+00  0.000000e+00
 [15,]  0.000000e+00  0.000000e+00  0.000000e+00  0.000000e+00  0.000000e+00
 [16,]  0.000000e+00  0.000000e+00  0.000000e+00  0.000000e+00  0.000000e+00
 [17,]  0.000000e+00  0.000000e+00  0.000000e+00  0.000000e+00  0.000000e+00
 [18,]  0.000000e+00  0.000000e+00  0.000000e+00  0.000000e+00  0.000000e+00
 [19,]  0.000000e+00  0.000000e+00  0.000000e+00  0.000000e+00  0.000000e+00
 [20,]  0.000000e+00  0.000000e+00  0.000000e+00  0.000000e+00  0.000000e+00
 [21,]  0.000000e+00  0.000000e+00  0.000000e+00  0.000000e+00  0.000000e+00
 [22,]  0.000000e+00  0.000000e+00  0.000000e+00  0.000000e+00  0.000000e+00
 [23,]  0.000000e+00  0.000000e+00  0.000000e+00  0.000000e+00  0.000000e+00
 [24,]  0.000000e+00  0.000000e+00  0.000000e+00  0.000000e+00  0.000000e+00
 [25,]  0.000000e+00  0.000000e+00  0.000000e+00  0.000000e+00  0.000000e+00
 [26,]  0.000000e+00  0.000000e+00  0.000000e+00  0.000000e+00  0.000000e+00
 [27,]  0.000000e+00  0.000000e+00  0.000000e+00  0.000000e+00  0.000000e+00
 [28,]  0.000000e+00  0.000000e+00  0.000000e+00  0.000000e+00  0.000000e+00
 [29,]  0.000000e+00  0.000000e+00  0.000000e+00  0.000000e+00  0.000000e+00
 [30,]  0.000000e+00  0.000000e+00  0.000000e+00  0.000000e+00  0.000000e+00
 [31,]  0.000000e+00  0.000000e+00  0.000000e+00  0.000000e+00  0.000000e+00
 [32,]  0.000000e+00  0.000000e+00  0.000000e+00  0.000000e+00  0.000000e+00
 [33,]  0.000000e+00  0.000000e+00  0.000000e+00  0.000000e+00  0.000000e+00
 [34,]  0.000000e+00  0.000000e+00  0.000000e+00  0.000000e+00  0.000000e+00
 [35,]  0.000000e+00  0.000000e+00  0.000000e+00  0.000000e+00  0.000000e+00
               [,71]         [,72]         [,73] [,74] [,75] [,76] [,77] [,78]
  [1,]  0.000000e+00  0.000000e+00  0.000000e+00     0     0     0     0     0
  [2,]  0.000000e+00  0.000000e+00  0.000000e+00     0     0     0     0     0
  [3,]  0.000000e+00  0.000000e+00  0.000000e+00     0     0     0     0     0
  [4,]  0.000000e+00  0.000000e+00  0.000000e+00     0     0     0     0     0
  [5,]  0.000000e+00  0.000000e+00  0.000000e+00     0     0     0     0     0
  [6,]  0.000000e+00  0.000000e+00  0.000000e+00     0     0     0     0     0
  [7,]  0.000000e+00  0.000000e+00  0.000000e+00     0     0     0     0     0
  [8,]  0.000000e+00  0.000000e+00  0.000000e+00     0     0     0     0     0
  [9,]  0.000000e+00  0.000000e+00  0.000000e+00     0     0     0     0     0
 [10,]  0.000000e+00  0.000000e+00  0.000000e+00     0     0     0     0     0
 [11,]  0.000000e+00  0.000000e+00  0.000000e+00     0     0     0     0     0
 [12,]  0.000000e+00  0.000000e+00  0.000000e+00     0     0     0     0     0
 [13,]  0.000000e+00  0.000000e+00  0.000000e+00     0     0     0     0     0
 [14,]  0.000000e+00  0.000000e+00  0.000000e+00     0     0     0     0     0
 [15,]  0.000000e+00  0.000000e+00  0.000000e+00     0     0     0     0     0
 [16,]  0.000000e+00  0.000000e+00  0.000000e+00     0     0     0     0     0
 [17,]  0.000000e+00  0.000000e+00  0.000000e+00     0     0     0     0     0
 [18,]  0.000000e+00  0.000000e+00  0.000000e+00     0     0     0     0     0
 [19,]  0.000000e+00  0.000000e+00  0.000000e+00     0     0     0     0     0
 [20,]  0.000000e+00  0.000000e+00  0.000000e+00     0     0     0     0     0
 [21,]  0.000000e+00  0.000000e+00  0.000000e+00     0     0     0     0     0
 [22,]  0.000000e+00  0.000000e+00  0.000000e+00     0     0     0     0     0
 [23,]  0.000000e+00  0.000000e+00  0.000000e+00     0     0     0     0     0
 [24,]  0.000000e+00  0.000000e+00  0.000000e+00     0     0     0     0     0
 [25,]  0.000000e+00  0.000000e+00  0.000000e+00     0     0     0     0     0
 [26,]  0.000000e+00  0.000000e+00  0.000000e+00     0     0     0     0     0
 [27,]  0.000000e+00  0.000000e+00  0.000000e+00     0     0     0     0     0
 [28,]  0.000000e+00  0.000000e+00  0.000000e+00     0     0     0     0     0
 [29,]  0.000000e+00  0.000000e+00  0.000000e+00     0     0     0     0     0
 [30,]  0.000000e+00  0.000000e+00  0.000000e+00     0     0     0     0     0
 [31,]  0.000000e+00  0.000000e+00  0.000000e+00     0     0     0     0     0
 [32,]  0.000000e+00  0.000000e+00  0.000000e+00     0     0     0     0     0
 [33,]  0.000000e+00  0.000000e+00  0.000000e+00     0     0     0     0     0
 [34,]  0.000000e+00  0.000000e+00  0.000000e+00     0     0     0     0     0
 [35,]  0.000000e+00  0.000000e+00  0.000000e+00     0     0     0     0     0
       [,79] [,80] [,81] [,82] [,83] [,84] [,85] [,86] [,87] [,88] [,89] [,90]
  [1,]     0     0     0     0     0     0     0     0     0     0     0     0
  [2,]     0     0     0     0     0     0     0     0     0     0     0     0
  [3,]     0     0     0     0     0     0     0     0     0     0     0     0
  [4,]     0     0     0     0     0     0     0     0     0     0     0     0
  [5,]     0     0     0     0     0     0     0     0     0     0     0     0
  [6,]     0     0     0     0     0     0     0     0     0     0     0     0
  [7,]     0     0     0     0     0     0     0     0     0     0     0     0
  [8,]     0     0     0     0     0     0     0     0     0     0     0     0
  [9,]     0     0     0     0     0     0     0     0     0     0     0     0
 [10,]     0     0     0     0     0     0     0     0     0     0     0     0
 [11,]     0     0     0     0     0     0     0     0     0     0     0     0
 [12,]     0     0     0     0     0     0     0     0     0     0     0     0
 [13,]     0     0     0     0     0     0     0     0     0     0     0     0
 [14,]     0     0     0     0     0     0     0     0     0     0     0     0
 [15,]     0     0     0     0     0     0     0     0     0     0     0     0
 [16,]     0     0     0     0     0     0     0     0     0     0     0     0
 [17,]     0     0     0     0     0     0     0     0     0     0     0     0
 [18,]     0     0     0     0     0     0     0     0     0     0     0     0
 [19,]     0     0     0     0     0     0     0     0     0     0     0     0
 [20,]     0     0     0     0     0     0     0     0     0     0     0     0
 [21,]     0     0     0     0     0     0     0     0     0     0     0     0
 [22,]     0     0     0     0     0     0     0     0     0     0     0     0
 [23,]     0     0     0     0     0     0     0     0     0     0     0     0
 [24,]     0     0     0     0     0     0     0     0     0     0     0     0
 [25,]     0     0     0     0     0     0     0     0     0     0     0     0
 [26,]     0     0     0     0     0     0     0     0     0     0     0     0
 [27,]     0     0     0     0     0     0     0     0     0     0     0     0
 [28,]     0     0     0     0     0     0     0     0     0     0     0     0
 [29,]     0     0     0     0     0     0     0     0     0     0     0     0
 [30,]     0     0     0     0     0     0     0     0     0     0     0     0
 [31,]     0     0     0     0     0     0     0     0     0     0     0     0
 [32,]     0     0     0     0     0     0     0     0     0     0     0     0
 [33,]     0     0     0     0     0     0     0     0     0     0     0     0
 [34,]     0     0     0     0     0     0     0     0     0     0     0     0
 [35,]     0     0     0     0     0     0     0     0     0     0     0     0
       [,91] [,92] [,93] [,94] [,95] [,96] [,97] [,98] [,99] [,100] [,101] [,102]
  [1,]     0     0     0     0     0     0     0     0     0      0      0      0
  [2,]     0     0     0     0     0     0     0     0     0      0      0      0
  [3,]     0     0     0     0     0     0     0     0     0      0      0      0
  [4,]     0     0     0     0     0     0     0     0     0      0      0      0
  [5,]     0     0     0     0     0     0     0     0     0      0      0      0
  [6,]     0     0     0     0     0     0     0     0     0      0      0      0
  [7,]     0     0     0     0     0     0     0     0     0      0      0      0
  [8,]     0     0     0     0     0     0     0     0     0      0      0      0
  [9,]     0     0     0     0     0     0     0     0     0      0      0      0
 [10,]     0     0     0     0     0     0     0     0     0      0      0      0
 [11,]     0     0     0     0     0     0     0     0     0      0      0      0
 [12,]     0     0     0     0     0     0     0     0     0      0      0      0
 [13,]     0     0     0     0     0     0     0     0     0      0      0      0
 [14,]     0     0     0     0     0     0     0     0     0      0      0      0
 [15,]     0     0     0     0     0     0     0     0     0      0      0      0
 [16,]     0     0     0     0     0     0     0     0     0      0      0      0
 [17,]     0     0     0     0     0     0     0     0     0      0      0      0
 [18,]     0     0     0     0     0     0     0     0     0      0      0      0
 [19,]     0     0     0     0     0     0     0     0     0      0      0      0
 [20,]     0     0     0     0     0     0     0     0     0      0      0      0
 [21,]     0     0     0     0     0     0     0     0     0      0      0      0
 [22,]     0     0     0     0     0     0     0     0     0      0      0      0
 [23,]     0     0     0     0     0     0     0     0     0      0      0      0
 [24,]     0     0     0     0     0     0     0     0     0      0      0      0
 [25,]     0     0     0     0     0     0     0     0     0      0      0      0
 [26,]     0     0     0     0     0     0     0     0     0      0      0      0
 [27,]     0     0     0     0     0     0     0     0     0      0      0      0
 [28,]     0     0     0     0     0     0     0     0     0      0      0      0
 [29,]     0     0     0     0     0     0     0     0     0      0      0      0
 [30,]     0     0     0     0     0     0     0     0     0      0      0      0
 [31,]     0     0     0     0     0     0     0     0     0      0      0      0
 [32,]     0     0     0     0     0     0     0     0     0      0      0      1
 [33,]     0     0     0     0     0     0     0     0     0      0      0      0
 [34,]     0     0     0     0     0     0     0     0     0      0      0      0
 [35,]     0     0     0     0     0     0     0     0     0      0      1      0
       [,103] [,104] [,105] [,106] [,107] [,108] [,109] [,110] [,111] [,112]
  [1,]      0      0      0      0      0      0      0      0      0      0
  [2,]      0      0      0      0      0      0      0      0      0      0
  [3,]      0      0      0      0      0      0      0      0      0      0
  [4,]      0      0      0      0      0      0      0      0      0      0
  [5,]      0      0      0      0      0      0      0      0      0      0
  [6,]      0      0      0      0      0      0      0      0      0      0
  [7,]      0      0      0      0      0      0      0      0      0      0
  [8,]      0      0      0      0      0      0      0      0      0      0
  [9,]      0      0      0      0      0      0      0      0      0      0
 [10,]      0      0      0      0      0      0      0      0      0      0
 [11,]      0      0      0      0      0      0      0      0      0      0
 [12,]      0      0      0      0      0      0      0      0      0      0
 [13,]      0      0      0      0      0      0      0      0      0      0
 [14,]      0      0      0      0      0      0      0      0      0      0
 [15,]      0      0      0      0      0      0      0      0      0      0
 [16,]      0      0      0      0      0      0      0      0      0      0
 [17,]      0      0      0      0      0      0      0      0      0      0
 [18,]      0      0      0      0      0      0      0      0      0      0
 [19,]      0      0      0      0      0      0      0      0      0      0
 [20,]      0      0      0      0      0      0      0      0      0      0
 [21,]      0      0      0      0      0      0      0      0      0      0
 [22,]      0      0      0      0      0      0      0      0      0      0
 [23,]      0      0      0      0      0      0      0      0      1      0
 [24,]      0      0      0      0      0      0      0      0      0      0
 [25,]      0      0      0      0      0      1      0      0      0      0
 [26,]      0      0      0      0      0      0      1      0      0      0
 [27,]      0      0      0      0      0      0      0      0      0      1
 [28,]      0      0      0      1      0      0      0      0      0      0
 [29,]      1      0      0      0      0      0      0      0      0      0
 [30,]      0      1      0      0      0      0      0      0      0      0
 [31,]      0      0      0      0      1      0      0      0      0      0
 [32,]      0      0      0      0      0      0      0      0      0      0
 [33,]      0      0      1      0      0      0      0      0      0      0
 [34,]      0      0      0      0      0      0      0      1      0      0
 [35,]      0      0      0      0      0      0      0      0      0      0
       [,113] [,114] [,115] [,116] [,117] [,118] [,119] [,120] [,121] [,122]
  [1,]      0      0      0      0      0      0      0      0      0      0
  [2,]      0      0      0      0      0      0      0      0      0      0
  [3,]      0      0      0      0      0      0      0      0      0      0
  [4,]      0      0      0      0      0      0      0      0      0      0
  [5,]      0      0      0      0      0      0      0      0      0      0
  [6,]      0      0      0      0      0      0      0      0      0      0
  [7,]      0      0      0      0      0      0      0      0      0      0
  [8,]      0      0      0      0      0      0      0      0      0      0
  [9,]      0      0      0      0      0      0      0      0      0      0
 [10,]      0      0      0      0      0      0      0      0      0      0
 [11,]      0      0      0      0      0      0      0      0      0      0
 [12,]      0      0      0      0      0      0      0      0      0      0
 [13,]      0      0      0      0      0      0      0      1      0      0
 [14,]      0      0      0      0      0      0      1      0      0      0
 [15,]      0      0      0      0      0      0      0      0      0      0
 [16,]      0      0      0      0      1      0      0      0      0      0
 [17,]      0      0      0      0      0      0      0      0      0      1
 [18,]      0      0      0      1      0      0      0      0      0      0
 [19,]      0      0      0      0      0      1      0      0      0      0
 [20,]      0      0      0      0      0      0      0      0      1      0
 [21,]      0      0      1      0      0      0      0      0      0      0
 [22,]      1      0      0      0      0      0      0      0      0      0
 [23,]      0      0      0      0      0      0      0      0      0      0
 [24,]      0      1      0      0      0      0      0      0      0      0
 [25,]      0      0      0      0      0      0      0      0      0      0
 [26,]      0      0      0      0      0      0      0      0      0      0
 [27,]      0      0      0      0      0      0      0      0      0      0
 [28,]      0      0      0      0      0      0      0      0      0      0
 [29,]      0      0      0      0      0      0      0      0      0      0
 [30,]      0      0      0      0      0      0      0      0      0      0
 [31,]      0      0      0      0      0      0      0      0      0      0
 [32,]      0      0      0      0      0      0      0      0      0      0
 [33,]      0      0      0      0      0      0      0      0      0      0
 [34,]      0      0      0      0      0      0      0      0      0      0
 [35,]      0      0      0      0      0      0      0      0      0      0
       [,123] [,124] [,125] [,126] [,127] [,128] [,129] [,130] [,131] [,132]
  [1,]      0      0      0      0      0      0      0      0      0      0
  [2,]      0      0      0      0      0      0      0      0      0      0
  [3,]      0      0      0      0      0      0      0      0      0      0
  [4,]      0      0      0      0      0      0      0      0      0      1
  [5,]      0      0      0      0      0      0      0      0      1      0
  [6,]      0      0      0      0      0      0      0      1      0      0
  [7,]      0      1      0      0      0      0      0      0      0      0
  [8,]      0      0      1      0      0      0      0      0      0      0
  [9,]      1      0      0      0      0      0      0      0      0      0
 [10,]      0      0      0      0      0      0      1      0      0      0
 [11,]      0      0      0      1      0      0      0      0      0      0
 [12,]      0      0      0      0      1      0      0      0      0      0
 [13,]      0      0      0      0      0      0      0      0      0      0
 [14,]      0      0      0      0      0      0      0      0      0      0
 [15,]      0      0      0      0      0      1      0      0      0      0
 [16,]      0      0      0      0      0      0      0      0      0      0
 [17,]      0      0      0      0      0      0      0      0      0      0
 [18,]      0      0      0      0      0      0      0      0      0      0
 [19,]      0      0      0      0      0      0      0      0      0      0
 [20,]      0      0      0      0      0      0      0      0      0      0
 [21,]      0      0      0      0      0      0      0      0      0      0
 [22,]      0      0      0      0      0      0      0      0      0      0
 [23,]      0      0      0      0      0      0      0      0      0      0
 [24,]      0      0      0      0      0      0      0      0      0      0
 [25,]      0      0      0      0      0      0      0      0      0      0
 [26,]      0      0      0      0      0      0      0      0      0      0
 [27,]      0      0      0      0      0      0      0      0      0      0
 [28,]      0      0      0      0      0      0      0      0      0      0
 [29,]      0      0      0      0      0      0      0      0      0      0
 [30,]      0      0      0      0      0      0      0      0      0      0
 [31,]      0      0      0      0      0      0      0      0      0      0
 [32,]      0      0      0      0      0      0      0      0      0      0
 [33,]      0      0      0      0      0      0      0      0      0      0
 [34,]      0      0      0      0      0      0      0      0      0      0
 [35,]      0      0      0      0      0      0      0      0      0      0
       [,133] [,134] [,135] [,136] [,137] [,138] [,139] [,140] [,141] [,142]
  [1,]      0      0      1      0      0      0      0      0      0      0
  [2,]      0      1      0      0      0      0      0      0      0      0
  [3,]      1      0      0      0      0      0      0      0      0      0
  [4,]      0      0      0      0      0      0      0      0      0      0
  [5,]      0      0      0      0      0      0      0      0      0      0
  [6,]      0      0      0      0      0      0      0      0      0      0
  [7,]      0      0      0      0      0      0      0      0      0      0
  [8,]      0      0      0      0      0      0      0      0      0      0
  [9,]      0      0      0      0      0      0      0      0      0      0
 [10,]      0      0      0      0      0      0      0      0      0      0
 [11,]      0      0      0      0      0      0      0      0      0      0
 [12,]      0      0      0      0      0      0      0      0      0      0
 [13,]      0      0      0      0      0      0      0      0      0      0
 [14,]      0      0      0      0      0      0      0      0      0      0
 [15,]      0      0      0      0      0      0      0      0      0      0
 [16,]      0      0      0      0      0      0      0      0      0      0
 [17,]      0      0      0      0      0      0      0      0      0      0
 [18,]      0      0      0      0      0      0      0      0      0      0
 [19,]      0      0      0      0      0      0      0      0      0      0
 [20,]      0      0      0      0      0      0      0      0      0      0
 [21,]      0      0      0      0      0      0      0      0      0      0
 [22,]      0      0      0      0      0      0      0      0      0      0
 [23,]      0      0      0      0      0      0      0      0      0      0
 [24,]      0      0      0      0      0      0      0      0      0      0
 [25,]      0      0      0      0      0      0      0      0      0      0
 [26,]      0      0      0      0      0      0      0      0      0      0
 [27,]      0      0      0      0      0      0      0      0      0      0
 [28,]      0      0      0      0      0      0      0      0      0      0
 [29,]      0      0      0      0      0      0      0      0      0      0
 [30,]      0      0      0      0      0      0      0      0      0      0
 [31,]      0      0      0      0      0      0      0      0      0      0
 [32,]      0      0      0      0      0      0      0      0      0      0
 [33,]      0      0      0      0      0      0      0      0      0      0
 [34,]      0      0      0      0      0      0      0      0      0      0
 [35,]      0      0      0      0      0      0      0      0      0      0
       [,143] [,144] [,145] [,146] [,147] [,148] [,149] [,150] [,151] [,152]
  [1,]      0      0      0      0      0      0      0      0      0      0
  [2,]      0      0      0      0      0      0      0      0      0      0
  [3,]      0      0      0      0      0      0      0      0      0      0
  [4,]      0      0      0      0      0      0      0      0      0      0
  [5,]      0      0      0      0      0      0      0      0      0      0
  [6,]      0      0      0      0      0      0      0      0      0      0
  [7,]      0      0      0      0      0      0      0      0      0      0
  [8,]      0      0      0      0      0      0      0      0      0      0
  [9,]      0      0      0      0      0      0      0      0      0      0
 [10,]      0      0      0      0      0      0      0      0      0      0
 [11,]      0      0      0      0      0      0      0      0      0      0
 [12,]      0      0      0      0      0      0      0      0      0      0
 [13,]      0      0      0      0      0      0      0      0      0      0
 [14,]      0      0      0      0      0      0      0      0      0      0
 [15,]      0      0      0      0      0      0      0      0      0      0
 [16,]      0      0      0      0      0      0      0      0      0      0
 [17,]      0      0      0      0      0      0      0      0      0      0
 [18,]      0      0      0      0      0      0      0      0      0      0
 [19,]      0      0      0      0      0      0      0      0      0      0
 [20,]      0      0      0      0      0      0      0      0      0      0
 [21,]      0      0      0      0      0      0      0      0      0      0
 [22,]      0      0      0      0      0      0      0      0      0      0
 [23,]      0      0      0      0      0      0      0      0      0      0
 [24,]      0      0      0      0      0      0      0      0      0      0
 [25,]      0      0      0      0      0      0      0      0      0      0
 [26,]      0      0      0      0      0      0      0      0      0      0
 [27,]      0      0      0      0      0      0      0      0      0      0
 [28,]      0      0      0      0      0      0      0      0      0      0
 [29,]      0      0      0      0      0      0      0      0      0      0
 [30,]      0      0      0      0      0      0      0      0      0      0
 [31,]      0      0      0      0      0      0      0      0      0      0
 [32,]      0      0      0      0      0      0      0      0      0      0
 [33,]      0      0      0      0      0      0      0      0      0      0
 [34,]      0      0      0      0      0      0      0      0      0      0
 [35,]      0      0      0      0      0      0      0      0      0      0
       [,153] [,154] [,155] [,156] [,157] [,158] [,159] [,160] [,161] [,162]
  [1,]      0      0      0      0      0      0      0      0      0      0
  [2,]      0      0      0      0      0      0      0      0      0      0
  [3,]      0      0      0      0      0      0      0      0      0      0
  [4,]      0      0      0      0      0      0      0      0      0      0
  [5,]      0      0      0      0      0      0      0      0      0      0
  [6,]      0      0      0      0      0      0      0      0      0      0
  [7,]      0      0      0      0      0      0      0      0      0      0
  [8,]      0      0      0      0      0      0      0      0      0      0
  [9,]      0      0      0      0      0      0      0      0      0      0
 [10,]      0      0      0      0      0      0      0      0      0      0
 [11,]      0      0      0      0      0      0      0      0      0      0
 [12,]      0      0      0      0      0      0      0      0      0      0
 [13,]      0      0      0      0      0      0      0      0      0      0
 [14,]      0      0      0      0      0      0      0      0      0      0
 [15,]      0      0      0      0      0      0      0      0      0      0
 [16,]      0      0      0      0      0      0      0      0      0      0
 [17,]      0      0      0      0      0      0      0      0      0      0
 [18,]      0      0      0      0      0      0      0      0      0      0
 [19,]      0      0      0      0      0      0      0      0      0      0
 [20,]      0      0      0      0      0      0      0      0      0      0
 [21,]      0      0      0      0      0      0      0      0      0      0
 [22,]      0      0      0      0      0      0      0      0      0      0
 [23,]      0      0      0      0      0      0      0      0      0      0
 [24,]      0      0      0      0      0      0      0      0      0      0
 [25,]      0      0      0      0      0      0      0      0      0      0
 [26,]      0      0      0      0      0      0      0      0      0      0
 [27,]      0      0      0      0      0      0      0      0      0      0
 [28,]      0      0      0      0      0      0      0      0      0      0
 [29,]      0      0      0      0      0      0      0      0      0      0
 [30,]      0      0      0      0      0      0      0      0      0      0
 [31,]      0      0      0      0      0      0      0      0      0      0
 [32,]      0      0      0      0      0      0      0      0      0      0
 [33,]      0      0      0      0      0      0      0      0      0      0
 [34,]      0      0      0      0      0      0      0      0      0      0
 [35,]      0      0      0      0      0      0      0      0      0      0
       [,163] [,164] [,165] [,166] [,167] [,168] [,169] [,170] [,171] [,172]
  [1,]      0      0      0      0      0      0      0      0      0      0
  [2,]      0      0      0      0      0      0      0      0      0      0
  [3,]      0      0      0      0      0      0      0      0      0      0
  [4,]      0      0      0      0      0      0      0      0      0      0
  [5,]      0      0      0      0      0      0      0      0      0      0
  [6,]      0      0      0      0      0      0      0      0      0      0
  [7,]      0      0      0      0      0      0      0      0      0      0
  [8,]      0      0      0      0      0      0      0      0      0      0
  [9,]      0      0      0      0      0      0      0      0      0      0
 [10,]      0      0      0      0      0      0      0      0      0      0
 [11,]      0      0      0      0      0      0      0      0      0      0
 [12,]      0      0      0      0      0      0      0      0      0      0
 [13,]      0      0      0      0      0      0      0      0      0      0
 [14,]      0      0      0      0      0      0      0      0      0      0
 [15,]      0      0      0      0      0      0      0      0      0      0
 [16,]      0      0      0      0      0      0      0      0      0      0
 [17,]      0      0      0      0      0      0      0      0      0      0
 [18,]      0      0      0      0      0      0      0      0      0      0
 [19,]      0      0      0      0      0      0      0      0      0      0
 [20,]      0      0      0      0      0      0      0      0      0      0
 [21,]      0      0      0      0      0      0      0      0      0      0
 [22,]      0      0      0      0      0      0      0      0      0      0
 [23,]      0      0      0      0      0      0      0      0      0      0
 [24,]      0      0      0      0      0      0      0      0      0      0
 [25,]      0      0      0      0      0      0      0      0      0      0
 [26,]      0      0      0      0      0      0      0      0      0      0
 [27,]      0      0      0      0      0      0      0      0      0      0
 [28,]      0      0      0      0      0      0      0      0      0      0
 [29,]      0      0      0      0      0      0      0      0      0      0
 [30,]      0      0      0      0      0      0      0      0      0      0
 [31,]      0      0      0      0      0      0      0      0      0      0
 [32,]      0      0      0      0      0      0      0      0      0      0
 [33,]      0      0      0      0      0      0      0      0      0      0
 [34,]      0      0      0      0      0      0      0      0      0      0
 [35,]      0      0      0      0      0      0      0      0      0      0
       [,173] [,174] [,175] [,176] [,177] [,178] [,179] [,180] [,181] [,182]
  [1,]      0      0      0      0      0      0      0      0      0      0
  [2,]      0      0      0      0      0      0      0      0      0      0
  [3,]      0      0      0      0      0      0      0      0      0      0
  [4,]      0      0      0      0      0      0      0      0      0      0
  [5,]      0      0      0      0      0      0      0      0      0      0
  [6,]      0      0      0      0      0      0      0      0      0      0
  [7,]      0      0      0      0      0      0      0      0      0      0
  [8,]      0      0      0      0      0      0      0      0      0      0
  [9,]      0      0      0      0      0      0      0      0      0      0
 [10,]      0      0      0      0      0      0      0      0      0      0
 [11,]      0      0      0      0      0      0      0      0      0      0
 [12,]      0      0      0      0      0      0      0      0      0      0
 [13,]      0      0      0      0      0      0      0      0      0      0
 [14,]      0      0      0      0      0      0      0      0      0      0
 [15,]      0      0      0      0      0      0      0      0      0      0
 [16,]      0      0      0      0      0      0      0      0      0      0
 [17,]      0      0      0      0      0      0      0      0      0      0
 [18,]      0      0      0      0      0      0      0      0      0      0
 [19,]      0      0      0      0      0      0      0      0      0      0
 [20,]      0      0      0      0      0      0      0      0      0      0
 [21,]      0      0      0      0      0      0      0      0      0      0
 [22,]      0      0      0      0      0      0      0      0      0      0
 [23,]      0      0      0      0      0      0      0      0      0      0
 [24,]      0      0      0      0      0      0      0      0      0      0
 [25,]      0      0      0      0      0      0      0      0      0      0
 [26,]      0      0      0      0      0      0      0      0      0      0
 [27,]      0      0      0      0      0      0      0      0      0      0
 [28,]      0      0      0      0      0      0      0      0      0      0
 [29,]      0      0      0      0      0      0      0      0      0      0
 [30,]      0      0      0      0      0      0      0      0      0      0
 [31,]      0      0      0      0      0      0      0      0      0      0
 [32,]      0      0      0      0      0      0      0      0      0      0
 [33,]      0      0      0      0      0      0      0      0      0      0
 [34,]      0      0      0      0      0      0      0      0      0      0
 [35,]      0      0      0      0      0      0      0      0      0      0
       [,183] [,184] [,185] [,186] [,187] [,188] [,189] [,190] [,191] [,192]
  [1,]      0      0      0      0      0      0      0      0      0      0
  [2,]      0      0      0      0      0      0      0      0      0      0
  [3,]      0      0      0      0      0      0      0      0      0      0
  [4,]      0      0      0      0      0      0      0      0      0      0
  [5,]      0      0      0      0      0      0      0      0      0      0
  [6,]      0      0      0      0      0      0      0      0      0      0
  [7,]      0      0      0      0      0      0      0      0      0      0
  [8,]      0      0      0      0      0      0      0      0      0      0
  [9,]      0      0      0      0      0      0      0      0      0      0
 [10,]      0      0      0      0      0      0      0      0      0      0
 [11,]      0      0      0      0      0      0      0      0      0      0
 [12,]      0      0      0      0      0      0      0      0      0      0
 [13,]      0      0      0      0      0      0      0      0      0      0
 [14,]      0      0      0      0      0      0      0      0      0      0
 [15,]      0      0      0      0      0      0      0      0      0      0
 [16,]      0      0      0      0      0      0      0      0      0      0
 [17,]      0      0      0      0      0      0      0      0      0      0
 [18,]      0      0      0      0      0      0      0      0      0      0
 [19,]      0      0      0      0      0      0      0      0      0      0
 [20,]      0      0      0      0      0      0      0      0      0      0
 [21,]      0      0      0      0      0      0      0      0      0      0
 [22,]      0      0      0      0      0      0      0      0      0      0
 [23,]      0      0      0      0      0      0      0      0      0      0
 [24,]      0      0      0      0      0      0      0      0      0      0
 [25,]      0      0      0      0      0      0      0      0      0      0
 [26,]      0      0      0      0      0      0      0      0      0      0
 [27,]      0      0      0      0      0      0      0      0      0      0
 [28,]      0      0      0      0      0      0      0      0      0      0
 [29,]      0      0      0      0      0      0      0      0      0      0
 [30,]      0      0      0      0      0      0      0      0      0      0
 [31,]      0      0      0      0      0      0      0      0      0      0
 [32,]      0      0      0      0      0      0      0      0      0      0
 [33,]      0      0      0      0      0      0      0      0      0      0
 [34,]      0      0      0      0      0      0      0      0      0      0
 [35,]      0      0      0      0      0      0      0      0      0      0
       [,193] [,194] [,195] [,196] [,197] [,198] [,199] [,200] [,201] [,202]
  [1,]      0      0      0      0      0      0      0      0      0      0
  [2,]      0      0      0      0      0      0      0      0      0      0
  [3,]      0      0      0      0      0      0      0      0      0      0
  [4,]      0      0      0      0      0      0      0      0      0      0
  [5,]      0      0      0      0      0      0      0      0      0      0
  [6,]      0      0      0      0      0      0      0      0      0      0
  [7,]      0      0      0      0      0      0      0      0      0      0
  [8,]      0      0      0      0      0      0      0      0      0      0
  [9,]      0      0      0      0      0      0      0      0      0      0
 [10,]      0      0      0      0      0      0      0      0      0      0
 [11,]      0      0      0      0      0      0      0      0      0      0
 [12,]      0      0      0      0      0      0      0      0      0      0
 [13,]      0      0      0      0      0      0      0      0      0      0
 [14,]      0      0      0      0      0      0      0      0      0      0
 [15,]      0      0      0      0      0      0      0      0      0      0
 [16,]      0      0      0      0      0      0      0      0      0      0
 [17,]      0      0      0      0      0      0      0      0      0      0
 [18,]      0      0      0      0      0      0      0      0      0      0
 [19,]      0      0      0      0      0      0      0      0      0      0
 [20,]      0      0      0      0      0      0      0      0      0      0
 [21,]      0      0      0      0      0      0      0      0      0      0
 [22,]      0      0      0      0      0      0      0      0      0      0
 [23,]      0      0      0      0      0      0      0      0      0      0
 [24,]      0      0      0      0      0      0      0      0      0      0
 [25,]      0      0      0      0      0      0      0      0      0      0
 [26,]      0      0      0      0      0      0      0      0      0      0
 [27,]      0      0      0      0      0      0      0      0      0      0
 [28,]      0      0      0      0      0      0      0      0      0      0
 [29,]      0      0      0      0      0      0      0      0      0      0
 [30,]      0      0      0      0      0      0      0      0      0      0
 [31,]      0      0      0      0      0      0      0      0      0      0
 [32,]      0      0      0      0      0      0      0      0      0      0
 [33,]      0      0      0      0      0      0      0      0      0      0
 [34,]      0      0      0      0      0      0      0      0      0      0
 [35,]      0      0      0      0      0      0      0      0      0      0
       [,203] [,204] [,205] [,206] [,207] [,208] [,209] [,210] [,211] [,212]
  [1,]      0      0      0      0      0      0      0      0      0      0
  [2,]      0      0      0      0      0      0      0      0      0      0
  [3,]      0      0      0      0      0      0      0      0      0      0
  [4,]      0      0      0      0      0      0      0      0      0      0
  [5,]      0      0      0      0      0      0      0      0      0      0
  [6,]      0      0      0      0      0      0      0      0      0      0
  [7,]      0      0      0      0      0      0      0      0      0      0
  [8,]      0      0      0      0      0      0      0      0      0      0
  [9,]      0      0      0      0      0      0      0      0      0      0
 [10,]      0      0      0      0      0      0      0      0      0      0
 [11,]      0      0      0      0      0      0      0      0      0      0
 [12,]      0      0      0      0      0      0      0      0      0      0
 [13,]      0      0      0      0      0      0      0      0      0      0
 [14,]      0      0      0      0      0      0      0      0      0      0
 [15,]      0      0      0      0      0      0      0      0      0      0
 [16,]      0      0      0      0      0      0      0      0      0      0
 [17,]      0      0      0      0      0      0      0      0      0      0
 [18,]      0      0      0      0      0      0      0      0      0      0
 [19,]      0      0      0      0      0      0      0      0      0      0
 [20,]      0      0      0      0      0      0      0      0      0      0
 [21,]      0      0      0      0      0      0      0      0      0      0
 [22,]      0      0      0      0      0      0      0      0      0      0
 [23,]      0      0      0      0      0      0      0      0      0      0
 [24,]      0      0      0      0      0      0      0      0      0      0
 [25,]      0      0      0      0      0      0      0      0      0      0
 [26,]      0      0      0      0      0      0      0      0      0      0
 [27,]      0      0      0      0      0      0      0      0      0      0
 [28,]      0      0      0      0      0      0      0      0      0      0
 [29,]      0      0      0      0      0      0      0      0      0      0
 [30,]      0      0      0      0      0      0      0      0      0      0
 [31,]      0      0      0      0      0      0      0      0      0      0
 [32,]      0      0      0      0      0      0      0      0      0      0
 [33,]      0      0      0      0      0      0      0      0      0      0
 [34,]      0      0      0      0      0      0      0      0      0      0
 [35,]      0      0      0      0      0      0      0      0      0      0
       [,213] [,214] [,215] [,216] [,217] [,218] [,219] [,220] [,221] [,222]
  [1,]      0      0      0      0      0      0      0      0      0      0
  [2,]      0      0      0      0      0      0      0      0      0      0
  [3,]      0      0      0      0      0      0      0      0      0      0
  [4,]      0      0      0      0      0      0      0      0      0      0
  [5,]      0      0      0      0      0      0      0      0      0      0
  [6,]      0      0      0      0      0      0      0      0      0      0
  [7,]      0      0      0      0      0      0      0      0      0      0
  [8,]      0      0      0      0      0      0      0      0      0      0
  [9,]      0      0      0      0      0      0      0      0      0      0
 [10,]      0      0      0      0      0      0      0      0      0      0
 [11,]      0      0      0      0      0      0      0      0      0      0
 [12,]      0      0      0      0      0      0      0      0      0      0
 [13,]      0      0      0      0      0      0      0      0      0      0
 [14,]      0      0      0      0      0      0      0      0      0      0
 [15,]      0      0      0      0      0      0      0      0      0      0
 [16,]      0      0      0      0      0      0      0      0      0      0
 [17,]      0      0      0      0      0      0      0      0      0      0
 [18,]      0      0      0      0      0      0      0      0      0      0
 [19,]      0      0      0      0      0      0      0      0      0      0
 [20,]      0      0      0      0      0      0      0      0      0      0
 [21,]      0      0      0      0      0      0      0      0      0      0
 [22,]      0      0      0      0      0      0      0      0      0      0
 [23,]      0      0      0      0      0      0      0      0      0      0
 [24,]      0      0      0      0      0      0      0      0      0      0
 [25,]      0      0      0      0      0      0      0      0      0      0
 [26,]      0      0      0      0      0      0      0      0      0      0
 [27,]      0      0      0      0      0      0      0      0      0      0
 [28,]      0      0      0      0      0      0      0      0      0      0
 [29,]      0      0      0      0      0      0      0      0      0      0
 [30,]      0      0      0      0      0      0      0      0      0      0
 [31,]      0      0      0      0      0      0      0      0      0      0
 [32,]      0      0      0      0      0      0      0      0      0      0
 [33,]      0      0      0      0      0      0      0      0      0      0
 [34,]      0      0      0      0      0      0      0      0      0      0
 [35,]      0      0      0      0      0      0      0      0      0      0
       [,223] [,224] [,225] [,226] [,227]        [,228]        [,229]
  [1,]      0      0      0      0      0  0.000000e+00  0.000000e+00
  [2,]      0      0      0      0      0  0.000000e+00  0.000000e+00
  [3,]      0      0      0      0      0  0.000000e+00  0.000000e+00
  [4,]      0      0      0      0      0  0.000000e+00  0.000000e+00
  [5,]      0      0      0      0      0  0.000000e+00  0.000000e+00
  [6,]      0      0      0      0      0  0.000000e+00  0.000000e+00
  [7,]      0      0      0      0      0  0.000000e+00  0.000000e+00
  [8,]      0      0      0      0      0  0.000000e+00  0.000000e+00
  [9,]      0      0      0      0      0  0.000000e+00  0.000000e+00
 [10,]      0      0      0      0      0  0.000000e+00  0.000000e+00
 [11,]      0      0      0      0      0  0.000000e+00  0.000000e+00
 [12,]      0      0      0      0      0  0.000000e+00  0.000000e+00
 [13,]      0      0      0      0      0  0.000000e+00  0.000000e+00
 [14,]      0      0      0      0      0  0.000000e+00  0.000000e+00
 [15,]      0      0      0      0      0  0.000000e+00  0.000000e+00
 [16,]      0      0      0      0      0  0.000000e+00  0.000000e+00
 [17,]      0      0      0      0      0  0.000000e+00  0.000000e+00
 [18,]      0      0      0      0      0  0.000000e+00  0.000000e+00
 [19,]      0      0      0      0      0  0.000000e+00  0.000000e+00
 [20,]      0      0      0      0      0  0.000000e+00  0.000000e+00
 [21,]      0      0      0      0      0  0.000000e+00  0.000000e+00
 [22,]      0      0      0      0      0  0.000000e+00  0.000000e+00
 [23,]      0      0      0      0      0  0.000000e+00  0.000000e+00
 [24,]      0      0      0      0      0  0.000000e+00  0.000000e+00
 [25,]      0      0      0      0      0  0.000000e+00  0.000000e+00
 [26,]      0      0      0      0      0  0.000000e+00  0.000000e+00
 [27,]      0      0      0      0      0  0.000000e+00  0.000000e+00
 [28,]      0      0      0      0      0  0.000000e+00  0.000000e+00
 [29,]      0      0      0      0      0  0.000000e+00  0.000000e+00
 [30,]      0      0      0      0      0  0.000000e+00  0.000000e+00
 [31,]      0      0      0      0      0  0.000000e+00  0.000000e+00
 [32,]      0      0      0      0      0  0.000000e+00  0.000000e+00
 [33,]      0      0      0      0      0  0.000000e+00  0.000000e+00
 [34,]      0      0      0      0      0  0.000000e+00  0.000000e+00
 [35,]      0      0      0      0      0  0.000000e+00  0.000000e+00
              [,230]        [,231]        [,232]        [,233]        [,234]
  [1,]  0.000000e+00  0.000000e+00  0.000000e+00  0.000000e+00  0.000000e+00
  [2,]  0.000000e+00  0.000000e+00  0.000000e+00  0.000000e+00  0.000000e+00
  [3,]  0.000000e+00  0.000000e+00  0.000000e+00  0.000000e+00  0.000000e+00
  [4,]  0.000000e+00  0.000000e+00  0.000000e+00  0.000000e+00  0.000000e+00
  [5,]  0.000000e+00  0.000000e+00  0.000000e+00  0.000000e+00  0.000000e+00
  [6,]  0.000000e+00  0.000000e+00  0.000000e+00  0.000000e+00  0.000000e+00
  [7,]  0.000000e+00  0.000000e+00  0.000000e+00  0.000000e+00  0.000000e+00
  [8,]  0.000000e+00  0.000000e+00  0.000000e+00  0.000000e+00  0.000000e+00
  [9,]  0.000000e+00  0.000000e+00  0.000000e+00  0.000000e+00  0.000000e+00
 [10,]  0.000000e+00  0.000000e+00  0.000000e+00  0.000000e+00  0.000000e+00
 [11,]  0.000000e+00  0.000000e+00  0.000000e+00  0.000000e+00  0.000000e+00
 [12,]  0.000000e+00  0.000000e+00  0.000000e+00  0.000000e+00  0.000000e+00
 [13,]  0.000000e+00  0.000000e+00  0.000000e+00  0.000000e+00  0.000000e+00
 [14,]  0.000000e+00  0.000000e+00  0.000000e+00  0.000000e+00  0.000000e+00
 [15,]  0.000000e+00  0.000000e+00  0.000000e+00  0.000000e+00  0.000000e+00
 [16,]  0.000000e+00  0.000000e+00  0.000000e+00  0.000000e+00  0.000000e+00
 [17,]  0.000000e+00  0.000000e+00  0.000000e+00  0.000000e+00  0.000000e+00
 [18,]  0.000000e+00  0.000000e+00  0.000000e+00  0.000000e+00  0.000000e+00
 [19,]  0.000000e+00  0.000000e+00  0.000000e+00  0.000000e+00  0.000000e+00
 [20,]  0.000000e+00  0.000000e+00  0.000000e+00  0.000000e+00  0.000000e+00
 [21,]  0.000000e+00  0.000000e+00  0.000000e+00  0.000000e+00  0.000000e+00
 [22,]  0.000000e+00  0.000000e+00  0.000000e+00  0.000000e+00  0.000000e+00
 [23,]  0.000000e+00  0.000000e+00  0.000000e+00  0.000000e+00  0.000000e+00
 [24,]  0.000000e+00  0.000000e+00  0.000000e+00  0.000000e+00  0.000000e+00
 [25,]  0.000000e+00  0.000000e+00  0.000000e+00  0.000000e+00  0.000000e+00
 [26,]  0.000000e+00  0.000000e+00  0.000000e+00  0.000000e+00  0.000000e+00
 [27,]  0.000000e+00  0.000000e+00  0.000000e+00  0.000000e+00  0.000000e+00
 [28,]  0.000000e+00  0.000000e+00  0.000000e+00  0.000000e+00  0.000000e+00
 [29,]  0.000000e+00  0.000000e+00  0.000000e+00  0.000000e+00  0.000000e+00
 [30,]  0.000000e+00  0.000000e+00  0.000000e+00  0.000000e+00  0.000000e+00
 [31,]  0.000000e+00  0.000000e+00  0.000000e+00  0.000000e+00  0.000000e+00
 [32,]  0.000000e+00  0.000000e+00  0.000000e+00  0.000000e+00  0.000000e+00
 [33,]  0.000000e+00  0.000000e+00  0.000000e+00  0.000000e+00  0.000000e+00
 [34,]  0.000000e+00  0.000000e+00  0.000000e+00  0.000000e+00  0.000000e+00
 [35,]  0.000000e+00  0.000000e+00  0.000000e+00  0.000000e+00  0.000000e+00
              [,235]        [,236]        [,237]        [,238]        [,239]
  [1,]  0.000000e+00  0.000000e+00  0.000000e+00  0.000000e+00  0.000000e+00
  [2,]  0.000000e+00  0.000000e+00  0.000000e+00  0.000000e+00  0.000000e+00
  [3,]  0.000000e+00  0.000000e+00  0.000000e+00  0.000000e+00  0.000000e+00
  [4,]  0.000000e+00  0.000000e+00  0.000000e+00  0.000000e+00  0.000000e+00
  [5,]  0.000000e+00  0.000000e+00  0.000000e+00  0.000000e+00  0.000000e+00
  [6,]  0.000000e+00  0.000000e+00  0.000000e+00  0.000000e+00  0.000000e+00
  [7,]  0.000000e+00  0.000000e+00  0.000000e+00  0.000000e+00  0.000000e+00
  [8,]  0.000000e+00  0.000000e+00  0.000000e+00  0.000000e+00  0.000000e+00
  [9,]  0.000000e+00  0.000000e+00  0.000000e+00  0.000000e+00  0.000000e+00
 [10,]  0.000000e+00  0.000000e+00  0.000000e+00  0.000000e+00  0.000000e+00
 [11,]  0.000000e+00  0.000000e+00  0.000000e+00  0.000000e+00  0.000000e+00
 [12,]  0.000000e+00  0.000000e+00  0.000000e+00  0.000000e+00  0.000000e+00
 [13,]  0.000000e+00  0.000000e+00  0.000000e+00  0.000000e+00  0.000000e+00
 [14,]  0.000000e+00  0.000000e+00  0.000000e+00  0.000000e+00  0.000000e+00
 [15,]  0.000000e+00  0.000000e+00  0.000000e+00  0.000000e+00  0.000000e+00
 [16,]  0.000000e+00  0.000000e+00  0.000000e+00  0.000000e+00  0.000000e+00
 [17,]  0.000000e+00  0.000000e+00  0.000000e+00  0.000000e+00  0.000000e+00
 [18,]  0.000000e+00  0.000000e+00  0.000000e+00  0.000000e+00  0.000000e+00
 [19,]  0.000000e+00  0.000000e+00  0.000000e+00  0.000000e+00  0.000000e+00
 [20,]  0.000000e+00  0.000000e+00  0.000000e+00  0.000000e+00  0.000000e+00
 [21,]  0.000000e+00  0.000000e+00  0.000000e+00  0.000000e+00  0.000000e+00
 [22,]  0.000000e+00  0.000000e+00  0.000000e+00  0.000000e+00  0.000000e+00
 [23,]  0.000000e+00  0.000000e+00  0.000000e+00  0.000000e+00  0.000000e+00
 [24,]  0.000000e+00  0.000000e+00  0.000000e+00  0.000000e+00  0.000000e+00
 [25,]  0.000000e+00  0.000000e+00  0.000000e+00  0.000000e+00  0.000000e+00
 [26,]  0.000000e+00  0.000000e+00  0.000000e+00  0.000000e+00  0.000000e+00
 [27,]  0.000000e+00  0.000000e+00  0.000000e+00  0.000000e+00  0.000000e+00
 [28,]  0.000000e+00  0.000000e+00  0.000000e+00  0.000000e+00  0.000000e+00
 [29,]  0.000000e+00  0.000000e+00  0.000000e+00  0.000000e+00  0.000000e+00
 [30,]  0.000000e+00  0.000000e+00  0.000000e+00  0.000000e+00  0.000000e+00
 [31,]  0.000000e+00  0.000000e+00  0.000000e+00  0.000000e+00  0.000000e+00
 [32,]  0.000000e+00  0.000000e+00  0.000000e+00  0.000000e+00  0.000000e+00
 [33,]  0.000000e+00  0.000000e+00  0.000000e+00  0.000000e+00  0.000000e+00
 [34,]  0.000000e+00  0.000000e+00  0.000000e+00  0.000000e+00  0.000000e+00
 [35,]  0.000000e+00  0.000000e+00  0.000000e+00  0.000000e+00  0.000000e+00
              [,240]        [,241]        [,242]        [,243]        [,244]
  [1,]  0.000000e+00  0.000000e+00  0.000000e+00  0.000000e+00  0.000000e+00
  [2,]  0.000000e+00  0.000000e+00  0.000000e+00  0.000000e+00  0.000000e+00
  [3,]  0.000000e+00  0.000000e+00  0.000000e+00  0.000000e+00  0.000000e+00
  [4,]  0.000000e+00  0.000000e+00  0.000000e+00  0.000000e+00  0.000000e+00
  [5,]  0.000000e+00  0.000000e+00  0.000000e+00  0.000000e+00  0.000000e+00
  [6,]  0.000000e+00  0.000000e+00  0.000000e+00  0.000000e+00  0.000000e+00
  [7,]  0.000000e+00  0.000000e+00  0.000000e+00  0.000000e+00  0.000000e+00
  [8,]  0.000000e+00  0.000000e+00  0.000000e+00  0.000000e+00  0.000000e+00
  [9,]  0.000000e+00  0.000000e+00  0.000000e+00  0.000000e+00  0.000000e+00
 [10,]  0.000000e+00  0.000000e+00  0.000000e+00  0.000000e+00  0.000000e+00
 [11,]  0.000000e+00  0.000000e+00  0.000000e+00  0.000000e+00  0.000000e+00
 [12,]  0.000000e+00  0.000000e+00  0.000000e+00  0.000000e+00  0.000000e+00
 [13,]  0.000000e+00  0.000000e+00  0.000000e+00  0.000000e+00  0.000000e+00
 [14,]  0.000000e+00  0.000000e+00  0.000000e+00  0.000000e+00  0.000000e+00
 [15,]  0.000000e+00  0.000000e+00  0.000000e+00  0.000000e+00  0.000000e+00
 [16,]  0.000000e+00  0.000000e+00  0.000000e+00  0.000000e+00  0.000000e+00
 [17,]  0.000000e+00  0.000000e+00  0.000000e+00  0.000000e+00  0.000000e+00
 [18,]  0.000000e+00  0.000000e+00  0.000000e+00  0.000000e+00  0.000000e+00
 [19,]  0.000000e+00  0.000000e+00  0.000000e+00  0.000000e+00  0.000000e+00
 [20,]  0.000000e+00  0.000000e+00  0.000000e+00  0.000000e+00  0.000000e+00
 [21,]  0.000000e+00  0.000000e+00  0.000000e+00  0.000000e+00  0.000000e+00
 [22,]  0.000000e+00  0.000000e+00  0.000000e+00  0.000000e+00  0.000000e+00
 [23,]  0.000000e+00  0.000000e+00  0.000000e+00  0.000000e+00  0.000000e+00
 [24,]  0.000000e+00  0.000000e+00  0.000000e+00  0.000000e+00  0.000000e+00
 [25,]  0.000000e+00  0.000000e+00  0.000000e+00  0.000000e+00  0.000000e+00
 [26,]  0.000000e+00  0.000000e+00  0.000000e+00  0.000000e+00  0.000000e+00
 [27,]  0.000000e+00  0.000000e+00  0.000000e+00  0.000000e+00  0.000000e+00
 [28,]  0.000000e+00  0.000000e+00  0.000000e+00  0.000000e+00  0.000000e+00
 [29,]  0.000000e+00  0.000000e+00  0.000000e+00  0.000000e+00  0.000000e+00
 [30,]  0.000000e+00  0.000000e+00  0.000000e+00  0.000000e+00  0.000000e+00
 [31,]  0.000000e+00  0.000000e+00  0.000000e+00  0.000000e+00  0.000000e+00
 [32,]  0.000000e+00  0.000000e+00  0.000000e+00  0.000000e+00  0.000000e+00
 [33,]  0.000000e+00  0.000000e+00  0.000000e+00  0.000000e+00  0.000000e+00
 [34,]  0.000000e+00  0.000000e+00  0.000000e+00  0.000000e+00  0.000000e+00
 [35,]  0.000000e+00  0.000000e+00  0.000000e+00  0.000000e+00  0.000000e+00
              [,245]        [,246]        [,247]        [,248]        [,249]
  [1,]  0.000000e+00  0.000000e+00  0.000000e+00  0.000000e+00  0.000000e+00
  [2,]  0.000000e+00  0.000000e+00  0.000000e+00  0.000000e+00  0.000000e+00
  [3,]  0.000000e+00  0.000000e+00  0.000000e+00  0.000000e+00  0.000000e+00
  [4,]  0.000000e+00  0.000000e+00  0.000000e+00  0.000000e+00  0.000000e+00
  [5,]  0.000000e+00  0.000000e+00  0.000000e+00  0.000000e+00  0.000000e+00
  [6,]  0.000000e+00  0.000000e+00  0.000000e+00  0.000000e+00  0.000000e+00
  [7,]  0.000000e+00  0.000000e+00  0.000000e+00  0.000000e+00  0.000000e+00
  [8,]  0.000000e+00  0.000000e+00  0.000000e+00  0.000000e+00  0.000000e+00
  [9,]  0.000000e+00  0.000000e+00  0.000000e+00  0.000000e+00  0.000000e+00
 [10,]  0.000000e+00  0.000000e+00  0.000000e+00  0.000000e+00  0.000000e+00
 [11,]  0.000000e+00  0.000000e+00  0.000000e+00  0.000000e+00  0.000000e+00
 [12,]  0.000000e+00  0.000000e+00  0.000000e+00  0.000000e+00  0.000000e+00
 [13,]  0.000000e+00  0.000000e+00  0.000000e+00  0.000000e+00  0.000000e+00
 [14,]  0.000000e+00  0.000000e+00  0.000000e+00  0.000000e+00  0.000000e+00
 [15,]  0.000000e+00  0.000000e+00  0.000000e+00  0.000000e+00  0.000000e+00
 [16,]  0.000000e+00  0.000000e+00  0.000000e+00  0.000000e+00  0.000000e+00
 [17,]  0.000000e+00  0.000000e+00  0.000000e+00  0.000000e+00  0.000000e+00
 [18,]  0.000000e+00  0.000000e+00  0.000000e+00  0.000000e+00  0.000000e+00
 [19,]  0.000000e+00  0.000000e+00  0.000000e+00  0.000000e+00  0.000000e+00
 [20,]  0.000000e+00  0.000000e+00  0.000000e+00  0.000000e+00  0.000000e+00
 [21,]  0.000000e+00  0.000000e+00  0.000000e+00  0.000000e+00  0.000000e+00
 [22,]  0.000000e+00  0.000000e+00  0.000000e+00  0.000000e+00  0.000000e+00
 [23,]  0.000000e+00  0.000000e+00  0.000000e+00  0.000000e+00  0.000000e+00
 [24,]  0.000000e+00  0.000000e+00  0.000000e+00  0.000000e+00  0.000000e+00
 [25,]  0.000000e+00  0.000000e+00  0.000000e+00  0.000000e+00  0.000000e+00
 [26,]  0.000000e+00  0.000000e+00  0.000000e+00  0.000000e+00  0.000000e+00
 [27,]  0.000000e+00  0.000000e+00  0.000000e+00  0.000000e+00  0.000000e+00
 [28,]  0.000000e+00  0.000000e+00  0.000000e+00  0.000000e+00  0.000000e+00
 [29,]  0.000000e+00  0.000000e+00  0.000000e+00  0.000000e+00  0.000000e+00
 [30,]  0.000000e+00  0.000000e+00  0.000000e+00  0.000000e+00  0.000000e+00
 [31,]  0.000000e+00  0.000000e+00  0.000000e+00  0.000000e+00  0.000000e+00
 [32,]  0.000000e+00  0.000000e+00  0.000000e+00  0.000000e+00  0.000000e+00
 [33,]  0.000000e+00  0.000000e+00  0.000000e+00  0.000000e+00  0.000000e+00
 [34,]  0.000000e+00  0.000000e+00  0.000000e+00  0.000000e+00  0.000000e+00
 [35,]  0.000000e+00  0.000000e+00  0.000000e+00  0.000000e+00  0.000000e+00
              [,250]        [,251]        [,252]        [,253]        [,254]
  [1,]  0.000000e+00  0.000000e+00  0.000000e+00  0.000000e+00  0.000000e+00
  [2,]  0.000000e+00  0.000000e+00  0.000000e+00  0.000000e+00  0.000000e+00
  [3,]  0.000000e+00  0.000000e+00  0.000000e+00  0.000000e+00  0.000000e+00
  [4,]  0.000000e+00  0.000000e+00  0.000000e+00  0.000000e+00  0.000000e+00
  [5,]  0.000000e+00  0.000000e+00  0.000000e+00  0.000000e+00  0.000000e+00
  [6,]  0.000000e+00  0.000000e+00  0.000000e+00  0.000000e+00  0.000000e+00
  [7,]  0.000000e+00  0.000000e+00  0.000000e+00  0.000000e+00  0.000000e+00
  [8,]  0.000000e+00  0.000000e+00  0.000000e+00  0.000000e+00  0.000000e+00
  [9,]  0.000000e+00  0.000000e+00  0.000000e+00  0.000000e+00  0.000000e+00
 [10,]  0.000000e+00  0.000000e+00  0.000000e+00  0.000000e+00  0.000000e+00
 [11,]  0.000000e+00  0.000000e+00  0.000000e+00  0.000000e+00  0.000000e+00
 [12,]  0.000000e+00  0.000000e+00  0.000000e+00  0.000000e+00  0.000000e+00
 [13,]  0.000000e+00  0.000000e+00  0.000000e+00  0.000000e+00  0.000000e+00
 [14,]  0.000000e+00  0.000000e+00  0.000000e+00  0.000000e+00  0.000000e+00
 [15,]  0.000000e+00  0.000000e+00  0.000000e+00  0.000000e+00  0.000000e+00
 [16,]  0.000000e+00  0.000000e+00  0.000000e+00  0.000000e+00  0.000000e+00
 [17,]  0.000000e+00  0.000000e+00  0.000000e+00  0.000000e+00  0.000000e+00
 [18,]  0.000000e+00  0.000000e+00  0.000000e+00  0.000000e+00  0.000000e+00
 [19,]  0.000000e+00  0.000000e+00  0.000000e+00  0.000000e+00  0.000000e+00
 [20,]  0.000000e+00  0.000000e+00  0.000000e+00  0.000000e+00  0.000000e+00
 [21,]  0.000000e+00  0.000000e+00  0.000000e+00  0.000000e+00  0.000000e+00
 [22,]  0.000000e+00  0.000000e+00  0.000000e+00  0.000000e+00  0.000000e+00
 [23,]  0.000000e+00  0.000000e+00  0.000000e+00  0.000000e+00  0.000000e+00
 [24,]  0.000000e+00  0.000000e+00  0.000000e+00  0.000000e+00  0.000000e+00
 [25,]  0.000000e+00  0.000000e+00  0.000000e+00  0.000000e+00  0.000000e+00
 [26,]  0.000000e+00  0.000000e+00  0.000000e+00  0.000000e+00  0.000000e+00
 [27,]  0.000000e+00  0.000000e+00  0.000000e+00  0.000000e+00  0.000000e+00
 [28,]  0.000000e+00  0.000000e+00  0.000000e+00  0.000000e+00  0.000000e+00
 [29,]  0.000000e+00  0.000000e+00  0.000000e+00  0.000000e+00  0.000000e+00
 [30,]  0.000000e+00  0.000000e+00  0.000000e+00  0.000000e+00  0.000000e+00
 [31,]  0.000000e+00  0.000000e+00  0.000000e+00  0.000000e+00  0.000000e+00
 [32,]  0.000000e+00  0.000000e+00  0.000000e+00  0.000000e+00  0.000000e+00
 [33,]  0.000000e+00  0.000000e+00  0.000000e+00  0.000000e+00  0.000000e+00
 [34,]  0.000000e+00  0.000000e+00  0.000000e+00  0.000000e+00  0.000000e+00
 [35,]  0.000000e+00  0.000000e+00  0.000000e+00  0.000000e+00  0.000000e+00
              [,255]        [,256]        [,257]        [,258]        [,259]
  [1,]  0.000000e+00  0.000000e+00  0.000000e+00  0.000000e+00  0.000000e+00
  [2,]  0.000000e+00  0.000000e+00  0.000000e+00  0.000000e+00  0.000000e+00
  [3,]  0.000000e+00  0.000000e+00  0.000000e+00  0.000000e+00  0.000000e+00
  [4,]  0.000000e+00  0.000000e+00  0.000000e+00  0.000000e+00  0.000000e+00
  [5,]  0.000000e+00  0.000000e+00  0.000000e+00  0.000000e+00  0.000000e+00
  [6,]  0.000000e+00  0.000000e+00  0.000000e+00  0.000000e+00  0.000000e+00
  [7,]  0.000000e+00  0.000000e+00  0.000000e+00  0.000000e+00  0.000000e+00
  [8,]  0.000000e+00  0.000000e+00  0.000000e+00  0.000000e+00  0.000000e+00
  [9,]  0.000000e+00  0.000000e+00  0.000000e+00  0.000000e+00  0.000000e+00
 [10,]  0.000000e+00  0.000000e+00  0.000000e+00  0.000000e+00  0.000000e+00
 [11,]  0.000000e+00  0.000000e+00  0.000000e+00  0.000000e+00  0.000000e+00
 [12,]  0.000000e+00  0.000000e+00  0.000000e+00  0.000000e+00  0.000000e+00
 [13,]  0.000000e+00  0.000000e+00  0.000000e+00  0.000000e+00  0.000000e+00
 [14,]  0.000000e+00  0.000000e+00  0.000000e+00  0.000000e+00  0.000000e+00
 [15,]  0.000000e+00  0.000000e+00  0.000000e+00  0.000000e+00  0.000000e+00
 [16,]  0.000000e+00  0.000000e+00  0.000000e+00  0.000000e+00  0.000000e+00
 [17,]  0.000000e+00  0.000000e+00  0.000000e+00  0.000000e+00  0.000000e+00
 [18,]  0.000000e+00  0.000000e+00  0.000000e+00  0.000000e+00  0.000000e+00
 [19,]  0.000000e+00  0.000000e+00  0.000000e+00  0.000000e+00  0.000000e+00
 [20,]  0.000000e+00  0.000000e+00  0.000000e+00  0.000000e+00  0.000000e+00
 [21,]  0.000000e+00  0.000000e+00  0.000000e+00  0.000000e+00  0.000000e+00
 [22,]  0.000000e+00  0.000000e+00  0.000000e+00  0.000000e+00  0.000000e+00
 [23,]  0.000000e+00  0.000000e+00  0.000000e+00  0.000000e+00  0.000000e+00
 [24,]  0.000000e+00  0.000000e+00  0.000000e+00  0.000000e+00  0.000000e+00
 [25,]  0.000000e+00  0.000000e+00  0.000000e+00  0.000000e+00  0.000000e+00
 [26,]  0.000000e+00  0.000000e+00  0.000000e+00  0.000000e+00  0.000000e+00
 [27,]  0.000000e+00  0.000000e+00  0.000000e+00  0.000000e+00  0.000000e+00
 [28,]  0.000000e+00  0.000000e+00  0.000000e+00  0.000000e+00  0.000000e+00
 [29,]  0.000000e+00  0.000000e+00  0.000000e+00  0.000000e+00  0.000000e+00
 [30,]  0.000000e+00  0.000000e+00  0.000000e+00  0.000000e+00  0.000000e+00
 [31,]  0.000000e+00  0.000000e+00  0.000000e+00  0.000000e+00  0.000000e+00
 [32,]  0.000000e+00  0.000000e+00  0.000000e+00  0.000000e+00  0.000000e+00
 [33,]  0.000000e+00  0.000000e+00  0.000000e+00  0.000000e+00  0.000000e+00
 [34,]  0.000000e+00  0.000000e+00  0.000000e+00  0.000000e+00  0.000000e+00
 [35,]  0.000000e+00  0.000000e+00  0.000000e+00  0.000000e+00  0.000000e+00
              [,260]        [,261]        [,262]        [,263]        [,264]
  [1,]  0.000000e+00  0.000000e+00  0.000000e+00  0.000000e+00  0.000000e+00
  [2,]  0.000000e+00  0.000000e+00  0.000000e+00  0.000000e+00  0.000000e+00
  [3,]  0.000000e+00  0.000000e+00  0.000000e+00  0.000000e+00  0.000000e+00
  [4,]  0.000000e+00  0.000000e+00  0.000000e+00  0.000000e+00  0.000000e+00
  [5,]  0.000000e+00  0.000000e+00  0.000000e+00  0.000000e+00  0.000000e+00
  [6,]  0.000000e+00  0.000000e+00  0.000000e+00  0.000000e+00  0.000000e+00
  [7,]  0.000000e+00  0.000000e+00  0.000000e+00  0.000000e+00  0.000000e+00
  [8,]  0.000000e+00  0.000000e+00  0.000000e+00  0.000000e+00  0.000000e+00
  [9,]  0.000000e+00  0.000000e+00  0.000000e+00  0.000000e+00  0.000000e+00
 [10,]  0.000000e+00  0.000000e+00  0.000000e+00  0.000000e+00  0.000000e+00
 [11,]  0.000000e+00  0.000000e+00  0.000000e+00  0.000000e+00  0.000000e+00
 [12,]  0.000000e+00  0.000000e+00  0.000000e+00  0.000000e+00  0.000000e+00
 [13,]  0.000000e+00  0.000000e+00  0.000000e+00  0.000000e+00  0.000000e+00
 [14,]  0.000000e+00  0.000000e+00  0.000000e+00  0.000000e+00  0.000000e+00
 [15,]  0.000000e+00  0.000000e+00  0.000000e+00  0.000000e+00  0.000000e+00
 [16,]  0.000000e+00  0.000000e+00  0.000000e+00  0.000000e+00  0.000000e+00
 [17,]  0.000000e+00  0.000000e+00  0.000000e+00  0.000000e+00  0.000000e+00
 [18,]  0.000000e+00  0.000000e+00  0.000000e+00  0.000000e+00  0.000000e+00
 [19,]  0.000000e+00  0.000000e+00  0.000000e+00  0.000000e+00  0.000000e+00
 [20,]  0.000000e+00  0.000000e+00  0.000000e+00  0.000000e+00  0.000000e+00
 [21,]  0.000000e+00  0.000000e+00  0.000000e+00  0.000000e+00  0.000000e+00
 [22,]  0.000000e+00  0.000000e+00  0.000000e+00  0.000000e+00  0.000000e+00
 [23,]  0.000000e+00  0.000000e+00  0.000000e+00  0.000000e+00  0.000000e+00
 [24,]  0.000000e+00  0.000000e+00  0.000000e+00  0.000000e+00  0.000000e+00
 [25,]  0.000000e+00  0.000000e+00  0.000000e+00  0.000000e+00  0.000000e+00
 [26,]  0.000000e+00  0.000000e+00  0.000000e+00  0.000000e+00  0.000000e+00
 [27,]  0.000000e+00  0.000000e+00  0.000000e+00  0.000000e+00  0.000000e+00
 [28,]  0.000000e+00  0.000000e+00  0.000000e+00  0.000000e+00  0.000000e+00
 [29,]  0.000000e+00  0.000000e+00  0.000000e+00  0.000000e+00  0.000000e+00
 [30,]  0.000000e+00  0.000000e+00  0.000000e+00  0.000000e+00  0.000000e+00
 [31,]  0.000000e+00  0.000000e+00  0.000000e+00  0.000000e+00  0.000000e+00
 [32,]  0.000000e+00  0.000000e+00  0.000000e+00  0.000000e+00  0.000000e+00
 [33,]  0.000000e+00  0.000000e+00  0.000000e+00  0.000000e+00  0.000000e+00
 [34,]  0.000000e+00  0.000000e+00  0.000000e+00  0.000000e+00  0.000000e+00
 [35,]  0.000000e+00  0.000000e+00  0.000000e+00  0.000000e+00  0.000000e+00
              [,265]        [,266]        [,267]        [,268]        [,269]
  [1,]  0.000000e+00  0.000000e+00  0.000000e+00  0.000000e+00  0.000000e+00
  [2,]  0.000000e+00  0.000000e+00  0.000000e+00  0.000000e+00  0.000000e+00
  [3,]  0.000000e+00  0.000000e+00  0.000000e+00  0.000000e+00  0.000000e+00
  [4,]  0.000000e+00  0.000000e+00  0.000000e+00  0.000000e+00  0.000000e+00
  [5,]  0.000000e+00  0.000000e+00  0.000000e+00  0.000000e+00  0.000000e+00
  [6,]  0.000000e+00  0.000000e+00  0.000000e+00  0.000000e+00  0.000000e+00
  [7,]  0.000000e+00  0.000000e+00  0.000000e+00  0.000000e+00  0.000000e+00
  [8,]  0.000000e+00  0.000000e+00  0.000000e+00  0.000000e+00  0.000000e+00
  [9,]  0.000000e+00  0.000000e+00  0.000000e+00  0.000000e+00  0.000000e+00
 [10,]  0.000000e+00  0.000000e+00  0.000000e+00  0.000000e+00  0.000000e+00
 [11,]  0.000000e+00  0.000000e+00  0.000000e+00  0.000000e+00  0.000000e+00
 [12,]  0.000000e+00  0.000000e+00  0.000000e+00  0.000000e+00  0.000000e+00
 [13,]  0.000000e+00  0.000000e+00  0.000000e+00  0.000000e+00  0.000000e+00
 [14,]  0.000000e+00  0.000000e+00  0.000000e+00  0.000000e+00  0.000000e+00
 [15,]  0.000000e+00  0.000000e+00  0.000000e+00  0.000000e+00  0.000000e+00
 [16,]  0.000000e+00  0.000000e+00  0.000000e+00  0.000000e+00  0.000000e+00
 [17,]  0.000000e+00  0.000000e+00  0.000000e+00  0.000000e+00  0.000000e+00
 [18,]  0.000000e+00  0.000000e+00  0.000000e+00  0.000000e+00  0.000000e+00
 [19,]  0.000000e+00  0.000000e+00  0.000000e+00  0.000000e+00  0.000000e+00
 [20,]  0.000000e+00  0.000000e+00  0.000000e+00  0.000000e+00  0.000000e+00
 [21,]  0.000000e+00  0.000000e+00  0.000000e+00  0.000000e+00  0.000000e+00
 [22,]  0.000000e+00  0.000000e+00  0.000000e+00  0.000000e+00  0.000000e+00
 [23,]  0.000000e+00  0.000000e+00  0.000000e+00  0.000000e+00  0.000000e+00
 [24,]  0.000000e+00  0.000000e+00  0.000000e+00  0.000000e+00  0.000000e+00
 [25,]  0.000000e+00  0.000000e+00  0.000000e+00  0.000000e+00  0.000000e+00
 [26,]  0.000000e+00  0.000000e+00  0.000000e+00  0.000000e+00  0.000000e+00
 [27,]  0.000000e+00  0.000000e+00  0.000000e+00  0.000000e+00  0.000000e+00
 [28,]  0.000000e+00  0.000000e+00  0.000000e+00  0.000000e+00  0.000000e+00
 [29,]  0.000000e+00  0.000000e+00  0.000000e+00  0.000000e+00  0.000000e+00
 [30,]  0.000000e+00  0.000000e+00  0.000000e+00  0.000000e+00  0.000000e+00
 [31,]  0.000000e+00  0.000000e+00  0.000000e+00  0.000000e+00  0.000000e+00
 [32,]  0.000000e+00  0.000000e+00  0.000000e+00  0.000000e+00  0.000000e+00
 [33,]  0.000000e+00  0.000000e+00  0.000000e+00  0.000000e+00  0.000000e+00
 [34,]  0.000000e+00  0.000000e+00  0.000000e+00  0.000000e+00  0.000000e+00
 [35,]  0.000000e+00  0.000000e+00  0.000000e+00  0.000000e+00  0.000000e+00
              [,270]        [,271]        [,272]        [,273]        [,274]
  [1,]  0.000000e+00  0.000000e+00  0.000000e+00  0.000000e+00  0.000000e+00
  [2,]  0.000000e+00  0.000000e+00  0.000000e+00  0.000000e+00  0.000000e+00
  [3,]  0.000000e+00  0.000000e+00  0.000000e+00  0.000000e+00  0.000000e+00
  [4,]  0.000000e+00  0.000000e+00  0.000000e+00  0.000000e+00  0.000000e+00
  [5,]  0.000000e+00  0.000000e+00  0.000000e+00  0.000000e+00  0.000000e+00
  [6,]  0.000000e+00  0.000000e+00  0.000000e+00  0.000000e+00  0.000000e+00
  [7,]  0.000000e+00  0.000000e+00  0.000000e+00  0.000000e+00  0.000000e+00
  [8,]  0.000000e+00  0.000000e+00  0.000000e+00  0.000000e+00  0.000000e+00
  [9,]  0.000000e+00  0.000000e+00  0.000000e+00  0.000000e+00  0.000000e+00
 [10,]  0.000000e+00  0.000000e+00  0.000000e+00  0.000000e+00  0.000000e+00
 [11,]  0.000000e+00  0.000000e+00  0.000000e+00  0.000000e+00  0.000000e+00
 [12,]  0.000000e+00  0.000000e+00  0.000000e+00  0.000000e+00  0.000000e+00
 [13,]  0.000000e+00  0.000000e+00  0.000000e+00  0.000000e+00  0.000000e+00
 [14,]  0.000000e+00  0.000000e+00  0.000000e+00  0.000000e+00  0.000000e+00
 [15,]  0.000000e+00  0.000000e+00  0.000000e+00  0.000000e+00  0.000000e+00
 [16,]  0.000000e+00  0.000000e+00  0.000000e+00  0.000000e+00  0.000000e+00
 [17,]  0.000000e+00  0.000000e+00  0.000000e+00  0.000000e+00  0.000000e+00
 [18,]  0.000000e+00  0.000000e+00  0.000000e+00  0.000000e+00  0.000000e+00
 [19,]  0.000000e+00  0.000000e+00  0.000000e+00  0.000000e+00  0.000000e+00
 [20,]  0.000000e+00  0.000000e+00  0.000000e+00  0.000000e+00  0.000000e+00
 [21,]  0.000000e+00  0.000000e+00  0.000000e+00  0.000000e+00  0.000000e+00
 [22,]  0.000000e+00  0.000000e+00  0.000000e+00  0.000000e+00  0.000000e+00
 [23,]  0.000000e+00  0.000000e+00  0.000000e+00  0.000000e+00  0.000000e+00
 [24,]  0.000000e+00  0.000000e+00  0.000000e+00  0.000000e+00  0.000000e+00
 [25,]  0.000000e+00  0.000000e+00  0.000000e+00  0.000000e+00  0.000000e+00
 [26,]  0.000000e+00  0.000000e+00  0.000000e+00  0.000000e+00  0.000000e+00
 [27,]  0.000000e+00  0.000000e+00  0.000000e+00  0.000000e+00  0.000000e+00
 [28,]  0.000000e+00  0.000000e+00  0.000000e+00  0.000000e+00  0.000000e+00
 [29,]  0.000000e+00  0.000000e+00  0.000000e+00  0.000000e+00  0.000000e+00
 [30,]  0.000000e+00  0.000000e+00  0.000000e+00  0.000000e+00  0.000000e+00
 [31,]  0.000000e+00  0.000000e+00  0.000000e+00  0.000000e+00  0.000000e+00
 [32,]  0.000000e+00  0.000000e+00  0.000000e+00  0.000000e+00  0.000000e+00
 [33,]  0.000000e+00  0.000000e+00  0.000000e+00  0.000000e+00  0.000000e+00
 [34,]  0.000000e+00  0.000000e+00  0.000000e+00  0.000000e+00  0.000000e+00
 [35,]  0.000000e+00  0.000000e+00  0.000000e+00  0.000000e+00  0.000000e+00
              [,275]        [,276]        [,277]        [,278]        [,279]
  [1,]  0.000000e+00  0.000000e+00  0.000000e+00  0.000000e+00  0.000000e+00
  [2,]  0.000000e+00  0.000000e+00  0.000000e+00  0.000000e+00  0.000000e+00
  [3,]  0.000000e+00  0.000000e+00  0.000000e+00  0.000000e+00  0.000000e+00
  [4,]  0.000000e+00  0.000000e+00  0.000000e+00  0.000000e+00  0.000000e+00
  [5,]  0.000000e+00  0.000000e+00  0.000000e+00  0.000000e+00  0.000000e+00
  [6,]  0.000000e+00  0.000000e+00  0.000000e+00  0.000000e+00  0.000000e+00
  [7,]  0.000000e+00  0.000000e+00  0.000000e+00  0.000000e+00  0.000000e+00
  [8,]  0.000000e+00  0.000000e+00  0.000000e+00  0.000000e+00  0.000000e+00
  [9,]  0.000000e+00  0.000000e+00  0.000000e+00  0.000000e+00  0.000000e+00
 [10,]  0.000000e+00  0.000000e+00  0.000000e+00  0.000000e+00  0.000000e+00
 [11,]  0.000000e+00  0.000000e+00  0.000000e+00  0.000000e+00  0.000000e+00
 [12,]  0.000000e+00  0.000000e+00  0.000000e+00  0.000000e+00  0.000000e+00
 [13,]  0.000000e+00  0.000000e+00  0.000000e+00  0.000000e+00  0.000000e+00
 [14,]  0.000000e+00  0.000000e+00  0.000000e+00  0.000000e+00  0.000000e+00
 [15,]  0.000000e+00  0.000000e+00  0.000000e+00  0.000000e+00  0.000000e+00
 [16,]  0.000000e+00  0.000000e+00  0.000000e+00  0.000000e+00  0.000000e+00
 [17,]  0.000000e+00  0.000000e+00  0.000000e+00  0.000000e+00  0.000000e+00
 [18,]  0.000000e+00  0.000000e+00  0.000000e+00  0.000000e+00  0.000000e+00
 [19,]  0.000000e+00  0.000000e+00  0.000000e+00  0.000000e+00  0.000000e+00
 [20,]  0.000000e+00  0.000000e+00  0.000000e+00  0.000000e+00  0.000000e+00
 [21,]  0.000000e+00  0.000000e+00  0.000000e+00  0.000000e+00  0.000000e+00
 [22,]  0.000000e+00  0.000000e+00  0.000000e+00  0.000000e+00  0.000000e+00
 [23,]  0.000000e+00  0.000000e+00  0.000000e+00  0.000000e+00  0.000000e+00
 [24,]  0.000000e+00  0.000000e+00  0.000000e+00  0.000000e+00  0.000000e+00
 [25,]  0.000000e+00  0.000000e+00  0.000000e+00  0.000000e+00  0.000000e+00
 [26,]  0.000000e+00  0.000000e+00  0.000000e+00  0.000000e+00  0.000000e+00
 [27,]  0.000000e+00  0.000000e+00  0.000000e+00  0.000000e+00  0.000000e+00
 [28,]  0.000000e+00  0.000000e+00  0.000000e+00  0.000000e+00  0.000000e+00
 [29,]  0.000000e+00  0.000000e+00  0.000000e+00  0.000000e+00  0.000000e+00
 [30,]  0.000000e+00  0.000000e+00  0.000000e+00  0.000000e+00  0.000000e+00
 [31,]  0.000000e+00  0.000000e+00  0.000000e+00  0.000000e+00  0.000000e+00
 [32,]  0.000000e+00  0.000000e+00  0.000000e+00  0.000000e+00  0.000000e+00
 [33,]  0.000000e+00  0.000000e+00  0.000000e+00  0.000000e+00  0.000000e+00
 [34,]  0.000000e+00  0.000000e+00  0.000000e+00  0.000000e+00  0.000000e+00
 [35,]  0.000000e+00  0.000000e+00  0.000000e+00  0.000000e+00  0.000000e+00
              [,280]        [,281]        [,282]        [,283]        [,284]
  [1,]  0.000000e+00  0.000000e+00  0.000000e+00  0.000000e+00  0.000000e+00
  [2,]  0.000000e+00  0.000000e+00  0.000000e+00  0.000000e+00  0.000000e+00
  [3,]  0.000000e+00  0.000000e+00  0.000000e+00  0.000000e+00  0.000000e+00
  [4,]  0.000000e+00  0.000000e+00  0.000000e+00  0.000000e+00  0.000000e+00
  [5,]  0.000000e+00  0.000000e+00  0.000000e+00  0.000000e+00  0.000000e+00
  [6,]  0.000000e+00  0.000000e+00  0.000000e+00  0.000000e+00  0.000000e+00
  [7,]  0.000000e+00  0.000000e+00  0.000000e+00  0.000000e+00  0.000000e+00
  [8,]  0.000000e+00  0.000000e+00  0.000000e+00  0.000000e+00  0.000000e+00
  [9,]  0.000000e+00  0.000000e+00  0.000000e+00  0.000000e+00  0.000000e+00
 [10,]  0.000000e+00  0.000000e+00  0.000000e+00  0.000000e+00  0.000000e+00
 [11,]  0.000000e+00  0.000000e+00  0.000000e+00  0.000000e+00  0.000000e+00
 [12,]  0.000000e+00  0.000000e+00  0.000000e+00  0.000000e+00  0.000000e+00
 [13,]  0.000000e+00  0.000000e+00  0.000000e+00  0.000000e+00  0.000000e+00
 [14,]  0.000000e+00  0.000000e+00  0.000000e+00  0.000000e+00  0.000000e+00
 [15,]  0.000000e+00  0.000000e+00  0.000000e+00  0.000000e+00  0.000000e+00
 [16,]  0.000000e+00  0.000000e+00  0.000000e+00  0.000000e+00  0.000000e+00
 [17,]  0.000000e+00  0.000000e+00  0.000000e+00  0.000000e+00  0.000000e+00
 [18,]  0.000000e+00  0.000000e+00  0.000000e+00  0.000000e+00  0.000000e+00
 [19,]  0.000000e+00  0.000000e+00  0.000000e+00  0.000000e+00  0.000000e+00
 [20,]  0.000000e+00  0.000000e+00  0.000000e+00  0.000000e+00  0.000000e+00
 [21,]  0.000000e+00  0.000000e+00  0.000000e+00  0.000000e+00  0.000000e+00
 [22,]  0.000000e+00  0.000000e+00  0.000000e+00  0.000000e+00  0.000000e+00
 [23,]  0.000000e+00  0.000000e+00  0.000000e+00  0.000000e+00  0.000000e+00
 [24,]  0.000000e+00  0.000000e+00  0.000000e+00  0.000000e+00  0.000000e+00
 [25,]  0.000000e+00  0.000000e+00  0.000000e+00  0.000000e+00  0.000000e+00
 [26,]  0.000000e+00  0.000000e+00  0.000000e+00  0.000000e+00  0.000000e+00
 [27,]  0.000000e+00  0.000000e+00  0.000000e+00  0.000000e+00  0.000000e+00
 [28,]  0.000000e+00  0.000000e+00  0.000000e+00  0.000000e+00  0.000000e+00
 [29,]  0.000000e+00  0.000000e+00  0.000000e+00  0.000000e+00  0.000000e+00
 [30,]  0.000000e+00  0.000000e+00  0.000000e+00  0.000000e+00  0.000000e+00
 [31,]  0.000000e+00  0.000000e+00  0.000000e+00  0.000000e+00  0.000000e+00
 [32,]  0.000000e+00  0.000000e+00  0.000000e+00  0.000000e+00  0.000000e+00
 [33,]  0.000000e+00  0.000000e+00  0.000000e+00  0.000000e+00  0.000000e+00
 [34,]  0.000000e+00  0.000000e+00  0.000000e+00  0.000000e+00  0.000000e+00
 [35,]  0.000000e+00  0.000000e+00  0.000000e+00  0.000000e+00  0.000000e+00
              [,285]
  [1,]  0.000000e+00
  [2,]  0.000000e+00
  [3,]  0.000000e+00
  [4,]  0.000000e+00
  [5,]  0.000000e+00
  [6,]  0.000000e+00
  [7,]  0.000000e+00
  [8,]  0.000000e+00
  [9,]  0.000000e+00
 [10,]  0.000000e+00
 [11,]  0.000000e+00
 [12,]  0.000000e+00
 [13,]  0.000000e+00
 [14,]  0.000000e+00
 [15,]  0.000000e+00
 [16,]  0.000000e+00
 [17,]  0.000000e+00
 [18,]  0.000000e+00
 [19,]  0.000000e+00
 [20,]  0.000000e+00
 [21,]  0.000000e+00
 [22,]  0.000000e+00
 [23,]  0.000000e+00
 [24,]  0.000000e+00
 [25,]  0.000000e+00
 [26,]  0.000000e+00
 [27,]  0.000000e+00
 [28,]  0.000000e+00
 [29,]  0.000000e+00
 [30,]  0.000000e+00
 [31,]  0.000000e+00
 [32,]  0.000000e+00
 [33,]  0.000000e+00
 [34,]  0.000000e+00
 [35,]  0.000000e+00
 [ reached getOption("max.print") -- omitted 250 rows ]]

