 [1] "Age"      "Sex"      "Cp"       "Trestbps" "Chol"     "Fbs"      "Restecq" 
 [8] "Tahlach"  "Exang"    "Oldpeak"  "Slope"    "Ca"       "Thal"     "Num"     
      Age                  Sex                   Cp            
 Min.   :-2.538e+00   Min.   :-1.619e+00   Min.   :-2.055e+00  
 1st Qu.:-7.459e-01   1st Qu.:-1.619e+00   1st Qu.:-1.019e+00  
 Median : 1.502e-01   Median : 6.156e-01   Median : 1.762e-02  
 Mean   : 7.143e-08   Mean   : 7.143e-07   Mean   : 2.656e-06  
 3rd Qu.: 7.903e-01   3rd Qu.: 6.156e-01   3rd Qu.: 1.054e+00  
 Max.   : 2.326e+00   Max.   : 6.156e-01   Max.   : 1.054e+00  
    Trestbps               Chol                 Fbs            
 Min.   :-7.259e+00   Min.   :-2.510e+00   Min.   :-5.884e+00  
 1st Qu.:-6.226e-01   1st Qu.:-3.408e-01   1st Qu.: 1.180e-01  
 Median :-1.081e-01   Median : 6.791e-02   Median : 1.180e-01  
 Mean   : 2.493e-08   Mean   :-1.396e-07   Mean   : 2.177e-07  
 3rd Qu.: 4.063e-01   3rd Qu.: 4.871e-01   3rd Qu.: 1.180e-01  
 Max.   : 3.493e+00   Max.   : 3.904e+00   Max.   : 7.848e-01  
    Restecq              Tahlach               Exang           
 Min.   :-1.298e+01   Min.   :-5.885e+00   Min.   :-1.304e+01  
 1st Qu.:-2.644e-01   1st Qu.:-6.628e-01   1st Qu.:-3.826e-01  
 Median :-2.644e-01   Median : 5.478e-02   Median :-3.826e-01  
 Mean   :-7.823e-07   Mean   :-1.296e-07   Mean   :-1.102e-06  
 3rd Qu.:-2.644e-01   3rd Qu.: 6.528e-01   3rd Qu.: 1.023e+00  
 Max.   : 2.562e+00   Max.   : 2.048e+00   Max.   : 1.023e+00  
    Oldpeak               Slope                  Ca            
 Min.   :-6.450e-01   Min.   :-7.380e-01   Min.   :-1.107e-01  
 1st Qu.:-6.450e-01   1st Qu.:-7.380e-01   1st Qu.:-1.107e-01  
 Median :-6.450e-01   Median :-7.380e-01   Median :-1.107e-01  
 Mean   : 1.327e-07   Mean   :-9.524e-07   Mean   :-6.122e-07  
 3rd Qu.: 4.556e-01   3rd Qu.: 1.369e+00   3rd Qu.:-1.107e-01  
 Max.   : 4.858e+00   Max.   : 1.560e+00   Max.   : 1.291e+01  
      Thal                 Num            
 Min.   :-3.218e-01   Min.   :-6.407e-01  
 1st Qu.:-3.218e-01   1st Qu.:-6.407e-01  
 Median :-3.218e-01   Median :-6.407e-01  
 Mean   :-1.224e-07   Mean   : 6.803e-09  
 3rd Qu.:-3.218e-01   3rd Qu.: 1.677e-01  
 Max.   : 3.370e+00   Max.   : 2.593e+00  
List of 2
 $ trainset:'data.frame':	147 obs. of  14 variables:
  ..$ Age     : num [1:147] 0.5343 -2.154 0.0222 -1.898 -0.7459 ...
  ..$ Sex     : num [1:147] 0.616 0.616 -1.619 0.616 0.616 ...
  ..$ Cp      : num [1:147] 1.0538 1.0538 1.0538 0.0176 1.0538 ...
  ..$ Trestbps: num [1:147] -0.108 -0.623 -0.623 -0.623 0.406 ...
  ..$ Chol    : num [1:147] 0.707 0.414 0.246 0.707 1.336 ...
  ..$ Fbs     : num [1:147] 0.118 0.118 0.118 0.118 0.118 ...
  ..$ Restecq : num [1:147] -0.264 -0.264 1.149 -0.264 -0.264 ...
  ..$ Tahlach : num [1:147] -1.141 0.573 -1.141 1.849 1.251 ...
  ..$ Exang   : num [1:147] 1.023 1.023 -0.383 -0.383 -0.383 ...
  ..$ Oldpeak : num [1:147] 0.456 1.006 -0.645 -0.645 -0.645 ...
  ..$ Slope   : num [1:147] 1.369 1.369 -0.738 -0.738 -0.738 ...
  ..$ Ca      : num [1:147] -0.111 -0.111 -0.111 -0.111 -0.111 ...
  ..$ Thal    : num [1:147] -0.322 -0.322 -0.322 -0.322 -0.322 ...
  ..$ Num     : num [1:147] 1.785 0.168 -0.641 -0.641 -0.641 ...
 $ testset :'data.frame':	147 obs. of  14 variables:
  ..$ Age     : num [1:147] -1.0019 0.0222 0.0222 -1.3859 1.3023 ...
  ..$ Sex     : num [1:147] 0.616 -1.619 -1.619 -1.619 0.616 ...
  ..$ Cp      : num [1:147] -1.0185 1.0538 -1.0185 0.0176 -1.0185 ...
  ..$ Trestbps: num [1:147] 0.406 0.303 -0.623 -0.108 0.201 ...
  ..$ Chol    : num [1:147] 0.613 -0.173 0.56 -0.205 -0.697 ...
  ..$ Fbs     : num [1:147] 0.118 0.118 0.118 0.118 0.118 ...
  ..$ Restecq : num [1:147] -0.264 -0.264 -0.264 -0.264 1.149 ...
  ..$ Tahlach : num [1:147] 1.33 -1.221 -0.743 0.135 -1.58 ...
  ..$ Exang   : num [1:147] -0.383 1.023 -0.383 -0.383 1.023 ...
  ..$ Oldpeak : num [1:147] -0.645 1.006 -0.645 -0.645 1.556 ...
  ..$ Slope   : num [1:147] -0.738 1.369 -0.738 -0.738 1.369 ...
  ..$ Ca      : num [1:147] -0.111 -0.111 -0.111 -0.111 -0.111 ...
  ..$ Thal    : num [1:147] -0.322 -0.322 -0.322 -0.322 -0.322 ...
  ..$ Num     : num [1:147] -0.641 1.785 -0.641 -0.641 1.785 ...
$trainset
[1] 147

$testset
[1] 147

$trainset
          Age      Sex        Cp  Trestbps     Chol      Fbs   Restecq   Tahlach
268  0.534251  0.61562 1.0537700 -0.108143 0.707227 0.117954 -0.264374 -1.141200
57  -2.153990  0.61562 1.0537700 -0.622611 0.413770 0.117954 -0.264374  0.573039
107  0.022206 -1.61885 1.0537700 -0.622611 0.246080 0.117954  1.148820 -1.141200
225 -1.897960  0.61562 0.0176215 -0.622611 0.707227 0.117954 -0.264374  1.848750
286 -0.745862  0.61562 1.0537700  0.406325 1.336060 0.117954 -0.264374  1.250760
117 -1.257910  0.61562 1.0537700 -0.622611 0.539537 0.117954 -0.264374  1.250760
        Exang   Oldpeak     Slope        Ca      Thal       Num
268  1.023360  0.455562  1.368590 -0.110704 -0.321811  1.784540
57   1.023360  1.005830  1.368590 -0.110704 -0.321811  0.167730
107 -0.382566 -0.644974 -0.738037 -0.110704 -0.321811 -0.640674
225 -0.382566 -0.644974 -0.738037 -0.110704 -0.321811 -0.640674
286 -0.382566 -0.644974 -0.738037 -0.110704 -0.321811 -0.640674
117 -0.382566 -0.644974 -0.738037 -0.110704 -0.321811  0.167730

$testset
         Age      Sex         Cp  Trestbps      Chol      Fbs   Restecq   Tahlach
1  -1.001880  0.61562 -1.0185200  0.406325  0.612902 0.117954 -0.264374  1.330490
4   0.022206 -1.61885  1.0537700  0.303431 -0.173144 0.117954 -0.264374 -1.220930
10  0.022206 -1.61885 -1.0185200 -0.622611  0.560498 0.117954 -0.264374 -0.742537
11 -1.385920 -1.61885  0.0176215 -0.108143 -0.204586 0.117954 -0.264374  0.134514
12  1.302320  0.61562 -1.0185200  0.200537 -0.697174 0.117954  1.148820 -1.579720
16  0.790274 -1.61885 -1.0185200 -0.622611  0.445212 0.117954 -0.264374  0.453441
       Exang   Oldpeak     Slope        Ca      Thal       Num
1  -0.382566 -0.644974 -0.738037 -0.110704 -0.321811 -0.640674
4   1.023360  1.005830  1.368590 -0.110704 -0.321811  1.784540
10 -0.382566 -0.644974 -0.738037 -0.110704 -0.321811 -0.640674
11 -0.382566 -0.644974 -0.738037 -0.110704 -0.321811 -0.640674
12  1.023360  1.556100  1.368590 -0.110704 -0.321811  1.784540
16 -0.382566  1.005830  1.368590 -0.110704 -0.321811 -0.640674

# weights:  285
initial  value 220.495304 
iter  10 value 10.983255
iter  20 value 0.054611
iter  30 value 0.000453
final  value 0.000064 
converged
a 14-14-5 network with 285 weights
options were - softmax modelling 
  b->h1  i1->h1  i2->h1  i3->h1  i4->h1  i5->h1  i6->h1  i7->h1  i8->h1  i9->h1 
  -3.30    0.57    0.85   -0.31   -1.00   -0.81    1.65    0.97   -1.26   -1.24 
i10->h1 i11->h1 i12->h1 i13->h1 i14->h1 
  -1.72   -2.03   -0.68   -0.53    7.38 
  b->h2  i1->h2  i2->h2  i3->h2  i4->h2  i5->h2  i6->h2  i7->h2  i8->h2  i9->h2 
   3.44   -0.15    3.69    2.83   -0.02   -0.40    0.57   -0.24   -0.12   -0.33 
i10->h2 i11->h2 i12->h2 i13->h2 i14->h2 
  -0.43    0.85   -1.08   -0.68   -6.86 
  b->h3  i1->h3  i2->h3  i3->h3  i4->h3  i5->h3  i6->h3  i7->h3  i8->h3  i9->h3 
 -10.71   -2.42   -4.54   -5.70    1.42    3.56    0.77   -1.42    3.83   -1.95 
i10->h3 i11->h3 i12->h3 i13->h3 i14->h3 
   0.65   -5.56    0.55    0.06   12.11 
  b->h4  i1->h4  i2->h4  i3->h4  i4->h4  i5->h4  i6->h4  i7->h4  i8->h4  i9->h4 
  -0.07    0.45   -0.03   -0.22    0.09    1.96   -0.68    0.44   -0.24   -0.33 
i10->h4 i11->h4 i12->h4 i13->h4 i14->h4 
   3.13   -1.24    0.29   -1.19  -13.81 
  b->h5  i1->h5  i2->h5  i3->h5  i4->h5  i5->h5  i6->h5  i7->h5  i8->h5  i9->h5 
  -0.83    0.20    0.19   -1.10    0.73   -0.51   -0.24    0.82    0.79   -0.69 
i10->h5 i11->h5 i12->h5 i13->h5 i14->h5 
   0.95   -0.64    0.60   -1.11   -6.80 
  b->h6  i1->h6  i2->h6  i3->h6  i4->h6  i5->h6  i6->h6  i7->h6  i8->h6  i9->h6 
   9.18   -3.49    2.53    5.17    0.29   -3.60   -0.07    2.44    2.13    0.12 
i10->h6 i11->h6 i12->h6 i13->h6 i14->h6 
   2.06   -2.23   -0.49   -2.50  -11.64 
  b->h7  i1->h7  i2->h7  i3->h7  i4->h7  i5->h7  i6->h7  i7->h7  i8->h7  i9->h7 
   3.08    8.00    3.08   -6.83    1.91   -1.59    0.07    0.73    2.97   -6.13 
i10->h7 i11->h7 i12->h7 i13->h7 i14->h7 
  -2.67   -0.14   -0.77   -1.91    0.32 
  b->h8  i1->h8  i2->h8  i3->h8  i4->h8  i5->h8  i6->h8  i7->h8  i8->h8  i9->h8 
  -6.76   -0.63   -1.17   -0.32   -0.12    0.37    1.37   -0.13    0.06    0.77 
i10->h8 i11->h8 i12->h8 i13->h8 i14->h8 
   1.21   -1.35    0.09   -1.49    8.04 
  b->h9  i1->h9  i2->h9  i3->h9  i4->h9  i5->h9  i6->h9  i7->h9  i8->h9  i9->h9 
   5.33   -0.90    1.87   -0.60   -0.10    3.28   -2.26   -5.43    2.39   -0.89 
i10->h9 i11->h9 i12->h9 i13->h9 i14->h9 
  -2.54    1.76   -0.11    2.20   -5.62 
  b->h10  i1->h10  i2->h10  i3->h10  i4->h10  i5->h10  i6->h10  i7->h10  i8->h10 
    1.52     1.00     0.95     0.96    -0.47     1.00    -0.71    -1.98     0.73 
 i9->h10 i10->h10 i11->h10 i12->h10 i13->h10 i14->h10 
   -0.71    -0.99     3.76    -2.21    -0.82    10.11 
  b->h11  i1->h11  i2->h11  i3->h11  i4->h11  i5->h11  i6->h11  i7->h11  i8->h11 
   -5.91    -1.76    -1.21     3.51     1.42    -1.67     2.45     1.55     1.22 
 i9->h11 i10->h11 i11->h11 i12->h11 i13->h11 i14->h11 
    1.16     0.44    -3.99     0.16    -1.41     5.82 
  b->h12  i1->h12  i2->h12  i3->h12  i4->h12  i5->h12  i6->h12  i7->h12  i8->h12 
   -2.59     3.38    -1.12    -2.92     3.46    -2.49     1.98    -0.13     2.27 
 i9->h12 i10->h12 i11->h12 i12->h12 i13->h12 i14->h12 
    0.34     0.61     3.18    -2.08    -0.29    14.21 
  b->h13  i1->h13  i2->h13  i3->h13  i4->h13  i5->h13  i6->h13  i7->h13  i8->h13 
   -2.94     0.27     0.53     0.00    -0.24    -0.74    -0.40     1.58    -0.03 
 i9->h13 i10->h13 i11->h13 i12->h13 i13->h13 i14->h13 
   -0.07     2.06    -2.03     0.91     0.59   -13.56 
  b->h14  i1->h14  i2->h14  i3->h14  i4->h14  i5->h14  i6->h14  i7->h14  i8->h14 
    3.85    -0.21     0.92     0.92     0.64    -0.53    -0.19     0.71    -0.15 
 i9->h14 i10->h14 i11->h14 i12->h14 i13->h14 i14->h14 
    0.06     0.71    -1.30    -0.24     0.35   -11.46 
  b->o1  h1->o1  h2->o1  h3->o1  h4->o1  h5->o1  h6->o1  h7->o1  h8->o1  h9->o1 
  -3.88   -8.52    5.85   -4.35   12.66    7.16    1.76    2.42    0.38    7.17 
h10->o1 h11->o1 h12->o1 h13->o1 h14->o1 
  -5.64   -4.83   -7.24   10.83    4.18 
  b->o2  h1->o2  h2->o2  h3->o2  h4->o2  h5->o2  h6->o2  h7->o2  h8->o2  h9->o2 
   7.32   -4.20    5.13   -1.59   -2.06   -1.50    4.36    3.95   -7.23   11.07 
h10->o2 h11->o2 h12->o2 h13->o2 h14->o2 
   1.91   -6.37   -3.80   -4.69    3.09 
  b->o3  h1->o3  h2->o3  h3->o3  h4->o3  h5->o3  h6->o3  h7->o3  h8->o3  h9->o3 
   0.61    2.33   -1.25   -4.16   -1.82   -0.66   14.05   -1.81    1.13   -6.63 
h10->o3 h11->o3 h12->o3 h13->o3 h14->o3 
   0.94    0.26    2.22   -1.41   -2.44 
  b->o4  h1->o4  h2->o4  h3->o4  h4->o4  h5->o4  h6->o4  h7->o4  h8->o4  h9->o4 
   0.75    6.87   -4.14  -11.13   -4.49   -1.18  -13.42    9.95    5.80   -4.53 
h10->o4 h11->o4 h12->o4 h13->o4 h14->o4 
   5.75   -1.73    5.56   -2.67   -3.05 
  b->o5  h1->o5  h2->o5  h3->o5  h4->o5  h5->o5  h6->o5  h7->o5  h8->o5  h9->o5 
  -5.39    3.20   -4.84   22.02   -4.22   -3.22   -7.58  -14.75   -0.71   -7.97 
h10->o5 h11->o5 h12->o5 h13->o5 h14->o5 
  -2.51   11.67    3.38   -2.34   -3.70 
# weights:  285
initial  value 444.462186 
iter  10 value 23.978137
iter  20 value 0.347257
iter  30 value 0.005366
iter  40 value 0.000980
iter  50 value 0.000209
iter  60 value 0.000121
final  value 0.000093 
converged
                [,1]          [,2]          [,3]          [,4]          [,5]
  [1,]  1.494229e-04  1.602629e-05  9.197619e-05  1.406698e-04 -7.538086e-06
  [2,]  1.602629e-05  6.555023e-05  9.880463e-06 -4.182739e-06  1.036253e-05
  [3,]  9.197619e-05  9.880463e-06  5.664105e-05  8.661091e-05 -4.633442e-06
  [4,]  1.406698e-04 -4.182739e-06  8.661091e-05  1.509582e-04 -5.339747e-06
  [5,] -7.538086e-06  1.036253e-05 -4.633442e-06 -5.339747e-06  4.794977e-06
  [6,] -8.224750e-06  6.112532e-06 -5.068552e-06 -5.041695e-06  3.938767e-06
  [7,]  2.840805e-05  1.736558e-05  1.755586e-05  2.793407e-05  3.475091e-06
  [8,]  2.746780e-05  8.866552e-05  1.691277e-05  1.181657e-05  1.874464e-05
  [9,] -1.363923e-04  1.164103e-05 -8.396143e-05 -1.444624e-04  8.061736e-06
 [10,] -3.333954e-05  2.694892e-05 -2.052005e-05 -2.870985e-05  1.280054e-05
 [11,] -9.430598e-05 -8.867464e-06 -5.804931e-05 -9.159408e-05  4.985861e-06
 [12,] -1.077534e-04 -1.022469e-05 -6.632682e-05 -1.038068e-04  6.084833e-06
 [13,] -1.654171e-05 -1.774174e-06 -1.018213e-05 -1.557271e-05  8.344963e-07
 [14,]  3.123108e-06  6.144474e-05  1.926359e-06 -4.460194e-05 -3.229616e-06
 [15,]  1.469582e-04  1.873815e-05  9.047782e-05  1.532787e-04  1.396840e-07
 [16,] -3.437608e-06  8.545146e-07 -2.116261e-06 -3.660825e-06  3.571718e-07
 [17,]  8.545146e-07 -1.260887e-07  5.260574e-07  8.504836e-07 -9.198470e-08
 [18,] -2.116261e-06  5.260574e-07 -1.302812e-06 -2.253678e-06  2.198831e-07
 [19,] -3.660825e-06  8.504836e-07 -2.253678e-06 -3.858344e-06  3.805271e-07
 [20,]  3.571718e-07 -9.198470e-08  2.198831e-07  3.805271e-07 -4.260977e-08
 [21,]  3.029930e-07 -8.089865e-08  1.865285e-07  3.263318e-07 -3.117377e-08
 [22,] -4.054572e-07  1.007939e-07 -2.496076e-07 -4.317853e-07  4.211817e-08
 [23,]  9.658794e-07 -1.595698e-07  5.946149e-07  9.737272e-07 -1.007144e-07
 [24,]  3.680645e-06 -8.566783e-07  2.265879e-06  3.876451e-06 -3.894028e-07
 [25,]  1.310826e-06 -3.345413e-07  8.069700e-07  1.395990e-06 -1.566787e-07
 [26,]  2.200404e-06 -5.556333e-07  1.354613e-06  2.343472e-06 -2.481815e-07
 [27,]  2.513467e-06 -6.380792e-07  1.547340e-06  2.676939e-06 -2.829243e-07
 [28,]  3.805570e-07 -9.459819e-08  2.342786e-07  4.052680e-07 -3.954035e-08
 [29,]  1.234463e-06 -1.080311e-07  7.599603e-07  1.180353e-06 -1.288061e-07
 [30,] -3.395938e-06  7.937700e-07 -2.090607e-06 -3.584974e-06  3.480786e-07
 [31,]  1.684127e-06  2.187870e-06  1.040239e-06  3.860185e-08 -1.809105e-07
 [32,]  2.187870e-06  2.846795e-06  1.342597e-06  3.573360e-08 -2.373090e-07
 [33,]  1.040239e-06  1.342597e-06  6.347962e-07  2.018136e-08 -1.135165e-07
 [34,]  3.860185e-08  3.573360e-08  2.018136e-08  5.053290e-09 -5.352785e-09
 [35,] -1.809105e-07 -2.373090e-07 -1.135165e-07 -5.352785e-09  1.874141e-08
                [,6]          [,7]          [,8]          [,9]         [,10]
  [1,] -8.224750e-06  2.840805e-05  2.746780e-05 -1.363923e-04 -3.333954e-05
  [2,]  6.112532e-06  1.736558e-05  8.866552e-05  1.164103e-05  2.694892e-05
  [3,] -5.068552e-06  1.755586e-05  1.691277e-05 -8.396143e-05 -2.052005e-05
  [4,] -5.041695e-06  2.793407e-05  1.181657e-05 -1.444624e-04 -2.870985e-05
  [5,]  3.938767e-06  3.475091e-06  1.874464e-05  8.061736e-06  1.280054e-05
  [6,]  4.834499e-06  2.807064e-06  1.436597e-05  6.802653e-06  1.113469e-05
  [7,]  2.807064e-06  1.201902e-05  3.082723e-05 -2.449887e-05  7.087917e-06
  [8,]  1.436597e-05  3.082723e-05  1.341556e-04  1.207413e-06  4.808697e-05
  [9,]  6.802653e-06 -2.449887e-05  1.207413e-06  1.419940e-04  3.414637e-05
 [10,]  1.113469e-05  7.087917e-06  4.808697e-05  3.414637e-05  3.713570e-05
 [11,]  4.715904e-06 -1.806294e-05 -1.738009e-05  8.758324e-05  2.224217e-05
 [12,]  5.576106e-06 -2.065196e-05 -1.981899e-05  1.002139e-04  2.599271e-05
 [13,]  9.105128e-07 -3.144885e-06 -3.040795e-06  1.509917e-05  3.690820e-06
 [14,] -6.653753e-06 -2.950988e-06  4.966838e-05  4.667072e-05 -8.861627e-06
 [15,] -1.232281e-06  3.654640e-05  4.699380e-05 -1.441833e-04 -1.373250e-05
 [16,]  3.029930e-07 -4.054572e-07  9.658794e-07  3.680645e-06  1.310826e-06
 [17,] -8.089865e-08  1.007939e-07 -1.595698e-07 -8.566783e-07 -3.345413e-07
 [18,]  1.865285e-07 -2.496076e-07  5.946149e-07  2.265879e-06  8.069700e-07
 [19,]  3.263318e-07 -4.317853e-07  9.737272e-07  3.876451e-06  1.395990e-06
 [20,] -3.117377e-08  4.211817e-08 -1.007144e-07 -3.894028e-07 -1.566787e-07
 [21,] -2.642993e-08  3.574971e-08 -9.026784e-08 -3.305595e-07 -1.162306e-07
 [22,]  3.574971e-08 -4.780766e-08  1.139552e-07  4.341570e-07  1.546401e-07
 [23,] -9.026784e-08  1.139552e-07 -1.897958e-07 -9.717636e-07 -3.617379e-07
 [24,] -3.305595e-07  4.341570e-07 -9.717636e-07 -3.908380e-06 -1.417008e-06
 [25,] -1.162306e-07  1.546401e-07 -3.617379e-07 -1.417008e-06 -5.058638e-07
 [26,] -1.942587e-07  2.595814e-07 -6.133356e-07 -2.365459e-06 -8.626039e-07
 [27,] -2.241766e-07  2.965086e-07 -6.966508e-07 -2.713613e-06 -9.916045e-07
 [28,] -3.354254e-08  4.488573e-08 -1.069267e-07 -4.074622e-07 -1.451137e-07
 [29,] -1.210476e-07  1.456026e-07 -1.635487e-07 -1.177449e-06 -4.708842e-07
 [30,]  3.011156e-07 -4.005425e-07  9.111122e-07  3.590672e-06  1.280326e-06
 [31,] -3.099293e-07  2.075723e-07  1.929109e-06  8.602811e-08 -6.442752e-07
 [32,] -4.009505e-07  2.459724e-07  2.513697e-06  1.207052e-07 -8.369809e-07
 [33,] -1.891322e-07  1.072516e-07  1.186685e-06  5.160354e-08 -3.979889e-07
 [34,] -5.070315e-09 -4.519419e-09  3.167358e-08 -6.055009e-09 -1.475239e-08
 [35,]  3.390696e-08 -2.691239e-08 -2.089565e-07 -9.660977e-09  6.925679e-08
               [,11]         [,12]         [,13]         [,14]         [,15]
  [1,] -9.430598e-05 -1.077534e-04 -1.654171e-05  3.123108e-06  1.469582e-04
  [2,] -8.867464e-06 -1.022469e-05 -1.774174e-06  6.144474e-05  1.873815e-05
  [3,] -5.804931e-05 -6.632682e-05 -1.018213e-05  1.926359e-06  9.047782e-05
  [4,] -9.159408e-05 -1.038068e-04 -1.557271e-05 -4.460194e-05  1.532787e-04
  [5,]  4.985861e-06  6.084833e-06  8.344963e-07 -3.229616e-06  1.396840e-07
  [6,]  4.715904e-06  5.576106e-06  9.105128e-07 -6.653753e-06 -1.232281e-06
  [7,] -1.806294e-05 -2.065196e-05 -3.144885e-06 -2.950988e-06  3.654640e-05
  [8,] -1.738009e-05 -1.981899e-05 -3.040795e-06  4.966838e-05  4.699380e-05
  [9,]  8.758324e-05  1.002139e-04  1.509917e-05  4.667072e-05 -1.441833e-04
 [10,]  2.224217e-05  2.599271e-05  3.690820e-06 -8.861627e-06 -1.373250e-05
 [11,]  6.321261e-05  7.214517e-05  1.044005e-05 -2.679657e-06 -9.349507e-05
 [12,]  7.214517e-05  8.282482e-05  1.192873e-05 -3.117661e-06 -1.060463e-04
 [13,]  1.044005e-05  1.192873e-05  1.831234e-06 -3.457406e-07 -1.626886e-05
 [14,] -2.679657e-06 -3.117661e-06 -3.457406e-07  1.598243e-04 -3.888766e-05
 [15,] -9.349507e-05 -1.060463e-04 -1.626886e-05 -3.888766e-05  1.666805e-04
 [16,]  2.200404e-06  2.513467e-06  3.805570e-07  1.234463e-06 -3.395938e-06
 [17,] -5.556333e-07 -6.380792e-07 -9.459819e-08 -1.080311e-07  7.937700e-07
 [18,]  1.354613e-06  1.547340e-06  2.342786e-07  7.599603e-07 -2.090607e-06
 [19,]  2.343472e-06  2.676939e-06  4.052680e-07  1.180353e-06 -3.584974e-06
 [20,] -2.481815e-07 -2.829243e-07 -3.954035e-08 -1.288061e-07  3.480786e-07
 [21,] -1.942587e-07 -2.241766e-07 -3.354254e-08 -1.210476e-07  3.011156e-07
 [22,]  2.595814e-07  2.965086e-07  4.488573e-08  1.456026e-07 -4.005425e-07
 [23,] -6.133356e-07 -6.966508e-07 -1.069267e-07 -1.635487e-07  9.111122e-07
 [24,] -2.365459e-06 -2.713613e-06 -4.074622e-07 -1.177449e-06  3.590672e-06
 [25,] -8.626039e-07 -9.916045e-07 -1.451137e-07 -4.708842e-07  1.280326e-06
 [26,] -1.441634e-06 -1.644050e-06 -2.435935e-07 -7.908017e-07  2.162117e-06
 [27,] -1.644050e-06 -1.887336e-06 -2.782509e-07 -9.034798e-07  2.461310e-06
 [28,] -2.435935e-07 -2.782509e-07 -4.212918e-08 -1.366600e-07  3.759439e-07
 [29,] -7.908017e-07 -9.034798e-07 -1.366600e-07  5.244340e-09  1.114354e-06
 [30,]  2.162117e-06  2.461310e-06  3.759439e-07  1.114354e-06 -3.338226e-06
 [31,] -1.086298e-06 -1.242980e-06 -1.864396e-07  5.271048e-06  2.894325e-07
 [32,] -1.411087e-06 -1.614740e-06 -2.422059e-07  6.867319e-06  3.647376e-07
 [33,] -6.710120e-07 -7.678230e-07 -1.151586e-07  3.243850e-06  1.759392e-07
 [34,] -2.476573e-08 -2.833808e-08 -4.273379e-09  9.262858e-08  9.956237e-09
 [35,]  1.168672e-07  1.336342e-07  2.002752e-08 -5.691092e-07 -3.205609e-08
               [,16]         [,17]         [,18]         [,19]         [,20]
  [1,] -3.437608e-06  8.545146e-07 -2.116261e-06 -3.660825e-06  3.571718e-07
  [2,]  8.545146e-07 -1.260887e-07  5.260574e-07  8.504836e-07 -9.198470e-08
  [3,] -2.116261e-06  5.260574e-07 -1.302812e-06 -2.253678e-06  2.198831e-07
  [4,] -3.660825e-06  8.504836e-07 -2.253678e-06 -3.858344e-06  3.805271e-07
  [5,]  3.571718e-07 -9.198470e-08  2.198831e-07  3.805271e-07 -4.260977e-08
  [6,]  3.029930e-07 -8.089865e-08  1.865285e-07  3.263318e-07 -3.117377e-08
  [7,] -4.054572e-07  1.007939e-07 -2.496076e-07 -4.317853e-07  4.211817e-08
  [8,]  9.658794e-07 -1.595698e-07  5.946149e-07  9.737272e-07 -1.007144e-07
  [9,]  3.680645e-06 -8.566783e-07  2.265879e-06  3.876451e-06 -3.894028e-07
 [10,]  1.310826e-06 -3.345413e-07  8.069700e-07  1.395990e-06 -1.566787e-07
 [11,]  2.200404e-06 -5.556333e-07  1.354613e-06  2.343472e-06 -2.481815e-07
 [12,]  2.513467e-06 -6.380792e-07  1.547340e-06  2.676939e-06 -2.829243e-07
 [13,]  3.805570e-07 -9.459819e-08  2.342786e-07  4.052680e-07 -3.954035e-08
 [14,]  1.234463e-06 -1.080311e-07  7.599603e-07  1.180353e-06 -1.288061e-07
 [15,] -3.395938e-06  7.937700e-07 -2.090607e-06 -3.584974e-06  3.480786e-07
 [16,]  1.802991e-05 -2.107750e-05  1.109593e-05  1.897170e-05 -3.420099e-05
 [17,] -2.107750e-05  2.619014e-05 -1.296858e-05 -2.224559e-05  4.274030e-05
 [18,]  1.109593e-05 -1.296858e-05  6.836773e-06  1.167527e-05 -2.104949e-05
 [19,]  1.897170e-05 -2.224559e-05  1.167527e-05  1.999120e-05 -3.603952e-05
 [20,] -3.420099e-05  4.274030e-05 -2.104949e-05 -3.603952e-05  7.009750e-05
 [21,] -1.968931e-05  2.464413e-05 -1.212165e-05 -2.074991e-05  4.036370e-05
 [22,]  2.126782e-06 -2.486174e-06  1.308861e-06  2.237875e-06 -4.034187e-06
 [23,] -3.867383e-06  5.306544e-06 -2.379702e-06 -4.103965e-06  8.946214e-06
 [24,] -4.189077e-06  4.105939e-06 -2.581307e-06 -4.415634e-06  6.492706e-06
 [25,]  1.751104e-05 -2.140592e-05  1.077470e-05  1.846176e-05 -3.490611e-05
 [26,]  3.431549e-05 -4.352769e-05  2.112378e-05  3.617871e-05 -7.126318e-05
 [27,]  2.268184e-05 -2.846424e-05  1.395839e-05  2.392206e-05 -4.629462e-05
 [28,] -1.995982e-06  2.333364e-06 -1.228366e-06 -2.100242e-06  3.786188e-06
 [29,] -5.716860e-06  6.894142e-06 -3.518242e-06 -6.103798e-06  1.099702e-05
 [30,]  4.317021e-06 -3.881201e-06  2.656935e-06  4.540795e-06 -5.962001e-06
 [31,] -5.388375e-06  6.781363e-06 -3.323567e-06 -5.680160e-06  1.112196e-05
 [32,]  6.781363e-06 -8.520287e-06  4.186843e-06  7.143324e-06 -1.398798e-05
 [33,] -3.323567e-06  4.186843e-06 -2.035733e-06 -3.503538e-06  6.857433e-06
 [34,] -5.680160e-06  7.143324e-06 -3.503538e-06 -5.985618e-06  1.172021e-05
 [35,]  1.112196e-05 -1.398798e-05  6.857433e-06  1.172021e-05 -2.294834e-05
               [,21]         [,22]         [,23]         [,24]         [,25]
  [1,]  3.029930e-07 -4.054572e-07  9.658794e-07  3.680645e-06  1.310826e-06
  [2,] -8.089865e-08  1.007939e-07 -1.595698e-07 -8.566783e-07 -3.345413e-07
  [3,]  1.865285e-07 -2.496076e-07  5.946149e-07  2.265879e-06  8.069700e-07
  [4,]  3.263318e-07 -4.317853e-07  9.737272e-07  3.876451e-06  1.395990e-06
  [5,] -3.117377e-08  4.211817e-08 -1.007144e-07 -3.894028e-07 -1.566787e-07
  [6,] -2.642993e-08  3.574971e-08 -9.026784e-08 -3.305595e-07 -1.162306e-07
  [7,]  3.574971e-08 -4.780766e-08  1.139552e-07  4.341570e-07  1.546401e-07
  [8,] -9.026784e-08  1.139552e-07 -1.897958e-07 -9.717636e-07 -3.617379e-07
  [9,] -3.305595e-07  4.341570e-07 -9.717636e-07 -3.908380e-06 -1.417008e-06
 [10,] -1.162306e-07  1.546401e-07 -3.617379e-07 -1.417008e-06 -5.058638e-07
 [11,] -1.942587e-07  2.595814e-07 -6.133356e-07 -2.365459e-06 -8.626039e-07
 [12,] -2.241766e-07  2.965086e-07 -6.966508e-07 -2.713613e-06 -9.916045e-07
 [13,] -3.354254e-08  4.488573e-08 -1.069267e-07 -4.074622e-07 -1.451137e-07
 [14,] -1.210476e-07  1.456026e-07 -1.635487e-07 -1.177449e-06 -4.708842e-07
 [15,]  3.011156e-07 -4.005425e-07  9.111122e-07  3.590672e-06  1.280326e-06
 [16,] -1.968931e-05  2.126782e-06 -3.867383e-06 -4.189077e-06  1.751104e-05
 [17,]  2.464413e-05 -2.486174e-06  5.306544e-06  4.105939e-06 -2.140592e-05
 [18,] -1.212165e-05  1.308861e-06 -2.379702e-06 -2.581307e-06  1.077470e-05
 [19,] -2.074991e-05  2.237875e-06 -4.103965e-06 -4.415634e-06  1.846176e-05
 [20,]  4.036370e-05 -4.034187e-06  8.946214e-06  6.492706e-06 -3.490611e-05
 [21,]  2.332186e-05 -2.322394e-06  5.094730e-06  3.687387e-06 -2.007059e-05
 [22,] -2.322394e-06  2.509272e-07 -4.560787e-07 -4.940810e-07  2.065581e-06
 [23,]  5.094730e-06 -4.560787e-07  2.055519e-06  8.124496e-07 -3.757108e-06
 [24,]  3.687387e-06 -4.940810e-07  8.124496e-07  1.614438e-06 -3.333740e-06
 [25,] -2.007059e-05  2.065581e-06 -3.757108e-06 -3.333740e-06  1.826998e-05
 [26,] -4.119270e-05  4.047778e-06 -8.700102e-06 -5.894064e-06  3.572506e-05
 [27,] -2.683260e-05  2.675543e-06 -4.839145e-06 -3.748009e-06  2.390692e-05
 [28,]  2.179685e-06 -2.354432e-07  4.281344e-07  4.637471e-07 -1.938540e-06
 [29,]  6.320561e-06 -6.743531e-07  1.342633e-06  1.352767e-06 -5.667901e-06
 [30,] -3.402921e-06  5.092907e-07 -2.906761e-07 -1.641760e-06  3.524547e-06
 [31,]  6.416757e-06 -6.355801e-07  1.427419e-06  9.959993e-07 -5.516977e-06
 [32,] -8.072931e-06  7.998889e-07 -1.789197e-06 -1.253419e-06  6.936136e-06
 [33,]  3.949250e-06 -3.920278e-07  8.804332e-07  6.102660e-07 -3.402886e-06
 [34,]  6.762163e-06 -6.699973e-07  1.501814e-06  1.049442e-06 -5.812840e-06
 [35,] -1.323907e-05  1.311880e-06 -2.940669e-06 -2.054095e-06  1.138207e-05
               [,26]         [,27]         [,28]         [,29]         [,30]
  [1,]  2.200404e-06  2.513467e-06  3.805570e-07  1.234463e-06 -3.395938e-06
  [2,] -5.556333e-07 -6.380792e-07 -9.459819e-08 -1.080311e-07  7.937700e-07
  [3,]  1.354613e-06  1.547340e-06  2.342786e-07  7.599603e-07 -2.090607e-06
  [4,]  2.343472e-06  2.676939e-06  4.052680e-07  1.180353e-06 -3.584974e-06
  [5,] -2.481815e-07 -2.829243e-07 -3.954035e-08 -1.288061e-07  3.480786e-07
  [6,] -1.942587e-07 -2.241766e-07 -3.354254e-08 -1.210476e-07  3.011156e-07
  [7,]  2.595814e-07  2.965086e-07  4.488573e-08  1.456026e-07 -4.005425e-07
  [8,] -6.133356e-07 -6.966508e-07 -1.069267e-07 -1.635487e-07  9.111122e-07
  [9,] -2.365459e-06 -2.713613e-06 -4.074622e-07 -1.177449e-06  3.590672e-06
 [10,] -8.626039e-07 -9.916045e-07 -1.451137e-07 -4.708842e-07  1.280326e-06
 [11,] -1.441634e-06 -1.644050e-06 -2.435935e-07 -7.908017e-07  2.162117e-06
 [12,] -1.644050e-06 -1.887336e-06 -2.782509e-07 -9.034798e-07  2.461310e-06
 [13,] -2.435935e-07 -2.782509e-07 -4.212918e-08 -1.366600e-07  3.759439e-07
 [14,] -7.908017e-07 -9.034798e-07 -1.366600e-07  5.244340e-09  1.114354e-06
 [15,]  2.162117e-06  2.461310e-06  3.759439e-07  1.114354e-06 -3.338226e-06
 [16,]  3.431549e-05  2.268184e-05 -1.995982e-06 -5.716860e-06  4.317021e-06
 [17,] -4.352769e-05 -2.846424e-05  2.333364e-06  6.894142e-06 -3.881201e-06
 [18,]  2.112378e-05  1.395839e-05 -1.228366e-06 -3.518242e-06  2.656935e-06
 [19,]  3.617871e-05  2.392206e-05 -2.100242e-06 -6.103798e-06  4.540795e-06
 [20,] -7.126318e-05 -4.629462e-05  3.786188e-06  1.099702e-05 -5.962001e-06
 [21,] -4.119270e-05 -2.683260e-05  2.179685e-06  6.320561e-06 -3.402921e-06
 [22,]  4.047778e-06  2.675543e-06 -2.354432e-07 -6.743531e-07  5.092907e-07
 [23,] -8.700102e-06 -4.839145e-06  4.281344e-07  1.342633e-06 -2.906761e-07
 [24,] -5.894064e-06 -3.748009e-06  4.637471e-07  1.352767e-06 -1.641760e-06
 [25,]  3.572506e-05  2.390692e-05 -1.938540e-06 -5.667901e-06  3.524547e-06
 [26,]  7.348549e-05  4.824981e-05 -3.798862e-06 -1.109816e-05  5.534639e-06
 [27,]  4.824981e-05  3.251365e-05 -2.510969e-06 -7.362267e-06  4.000382e-06
 [28,] -3.798862e-06 -2.510969e-06  2.209800e-07  6.328789e-07 -4.779124e-07
 [29,] -1.109816e-05 -7.362267e-06  6.328789e-07  2.107756e-06 -1.374947e-06
 [30,]  5.534639e-06  4.000382e-06 -4.779124e-07 -1.374947e-06  2.024536e-06
 [31,] -1.136012e-05 -7.378614e-06  5.965146e-07  1.740895e-06 -9.037622e-07
 [32,]  1.428593e-05  9.275463e-06 -7.507240e-07 -2.173388e-06  1.137423e-06
 [33,] -6.996420e-06 -4.551147e-06  3.679321e-07  1.073781e-06 -5.574435e-07
 [34,] -1.196963e-05 -7.773847e-06  6.288164e-07  1.828059e-06 -9.527018e-07
 [35,]  2.343538e-05  1.522188e-05 -1.231246e-06 -3.579912e-06  1.865469e-06
               [,31]         [,32]         [,33]         [,34]         [,35]
  [1,]  1.684127e-06  2.187870e-06  1.040239e-06  3.860185e-08 -1.809105e-07
  [2,]  2.187870e-06  2.846795e-06  1.342597e-06  3.573360e-08 -2.373090e-07
  [3,]  1.040239e-06  1.342597e-06  6.347962e-07  2.018136e-08 -1.135165e-07
  [4,]  3.860185e-08  3.573360e-08  2.018136e-08  5.053290e-09 -5.352785e-09
  [5,] -1.809105e-07 -2.373090e-07 -1.135165e-07 -5.352785e-09  1.874141e-08
  [6,] -3.099293e-07 -4.009505e-07 -1.891322e-07 -5.070315e-09  3.390696e-08
  [7,]  2.075723e-07  2.459724e-07  1.072516e-07 -4.519419e-09 -2.691239e-08
  [8,]  1.929109e-06  2.513697e-06  1.186685e-06  3.167358e-08 -2.089565e-07
  [9,]  8.602811e-08  1.207052e-07  5.160354e-08 -6.055009e-09 -9.660977e-09
 [10,] -6.442752e-07 -8.369809e-07 -3.979889e-07 -1.475239e-08  6.925679e-08
 [11,] -1.086298e-06 -1.411087e-06 -6.710120e-07 -2.476573e-08  1.168672e-07
 [12,] -1.242980e-06 -1.614740e-06 -7.678230e-07 -2.833808e-08  1.336342e-07
 [13,] -1.864396e-07 -2.422059e-07 -1.151586e-07 -4.273379e-09  2.002752e-08
 [14,]  5.271048e-06  6.867319e-06  3.243850e-06  9.262858e-08 -5.691092e-07
 [15,]  2.894325e-07  3.647376e-07  1.759392e-07  9.956237e-09 -3.205609e-08
 [16,] -5.388375e-06  6.781363e-06 -3.323567e-06 -5.680160e-06  1.112196e-05
 [17,]  6.781363e-06 -8.520287e-06  4.186843e-06  7.143324e-06 -1.398798e-05
 [18,] -3.323567e-06  4.186843e-06 -2.035733e-06 -3.503538e-06  6.857433e-06
 [19,] -5.680160e-06  7.143324e-06 -3.503538e-06 -5.985618e-06  1.172021e-05
 [20,]  1.112196e-05 -1.398798e-05  6.857433e-06  1.172021e-05 -2.294834e-05
 [21,]  6.416757e-06 -8.072931e-06  3.949250e-06  6.762163e-06 -1.323907e-05
 [22,] -6.355801e-07  7.998889e-07 -3.920278e-07 -6.699973e-07  1.311880e-06
 [23,]  1.427419e-06 -1.789197e-06  8.804332e-07  1.501814e-06 -2.940669e-06
 [24,]  9.959993e-07 -1.253419e-06  6.102660e-07  1.049442e-06 -2.054095e-06
 [25,] -5.516977e-06  6.936136e-06 -3.402886e-06 -5.812840e-06  1.138207e-05
 [26,] -1.136012e-05  1.428593e-05 -6.996420e-06 -1.196963e-05  2.343538e-05
 [27,] -7.378614e-06  9.275463e-06 -4.551147e-06 -7.773847e-06  1.522188e-05
 [28,]  5.965146e-07 -7.507240e-07  3.679321e-07  6.288164e-07 -1.231246e-06
 [29,]  1.740895e-06 -2.173388e-06  1.073781e-06  1.828059e-06 -3.579912e-06
 [30,] -9.037622e-07  1.137423e-06 -5.574435e-07 -9.527018e-07  1.865469e-06
 [31,]  3.061777e-07 -2.526499e-06 -3.218409e-07  1.093873e-06 -1.481498e-06
 [32,] -2.526499e-06  3.126959e-08 -1.147179e-06 -1.440690e-06  2.141029e-06
 [33,] -3.218409e-07 -1.147179e-06  6.280161e-07  5.140158e-07 -5.601937e-07
 [34,]  1.093873e-06 -1.440690e-06  5.140158e-07  1.308669e-06 -1.599319e-06
 [35,] -1.481498e-06  2.141029e-06 -5.601937e-07 -1.599319e-06  3.112344e-06
               [,36]         [,37]         [,38]         [,39]         [,40]
  [1,] -3.099293e-07  2.075723e-07  1.929109e-06  8.602811e-08 -6.442752e-07
  [2,] -4.009505e-07  2.459724e-07  2.513697e-06  1.207052e-07 -8.369809e-07
  [3,] -1.891322e-07  1.072516e-07  1.186685e-06  5.160354e-08 -3.979889e-07
  [4,] -5.070315e-09 -4.519419e-09  3.167358e-08 -6.055009e-09 -1.475239e-08
  [5,]  3.390696e-08 -2.691239e-08 -2.089565e-07 -9.660977e-09  6.925679e-08
  [6,]  5.619863e-08 -3.217679e-08 -3.540259e-07 -1.600780e-08  1.186387e-07
  [7,] -3.217679e-08 -3.094723e-08  2.252121e-07  6.587959e-09 -7.939794e-08
  [8,] -3.540259e-07  2.252121e-07  2.217693e-06  1.073419e-07 -7.379622e-07
  [9,] -1.600780e-08  6.587959e-09  1.073419e-07  1.190865e-08 -3.288340e-08
 [10,]  1.186387e-07 -7.939794e-08 -7.379622e-07 -3.288340e-08  2.464925e-07
 [11,]  2.000702e-07 -1.338606e-07 -1.244121e-06 -5.543617e-08  4.155537e-07
 [12,]  2.288820e-07 -1.531807e-07 -1.423659e-06 -6.343705e-08  4.755447e-07
 [13,]  3.431042e-08 -2.297909e-08 -2.135601e-07 -9.523656e-09  7.132385e-08
 [14,] -9.688208e-07  6.172061e-07  6.060893e-06  2.910633e-07 -2.016534e-06
 [15,] -5.169426e-08  2.844334e-08  3.217617e-07  8.515208e-09 -1.106914e-07
 [16,]  6.416757e-06 -6.355801e-07  1.427419e-06  9.959993e-07 -5.516977e-06
 [17,] -8.072931e-06  7.998889e-07 -1.789197e-06 -1.253419e-06  6.936136e-06
 [18,]  3.949250e-06 -3.920278e-07  8.804332e-07  6.102660e-07 -3.402886e-06
 [19,]  6.762163e-06 -6.699973e-07  1.501814e-06  1.049442e-06 -5.812840e-06
 [20,] -1.323907e-05  1.311880e-06 -2.940669e-06 -2.054095e-06  1.138207e-05
 [21,] -7.634132e-06  7.568823e-07 -1.696946e-06 -1.183140e-06  6.567159e-06
 [22,]  7.568823e-07 -7.496902e-08  1.683701e-07  1.174822e-07 -6.507493e-07
 [23,] -1.696946e-06  1.683701e-07 -3.740721e-07 -2.631877e-07  1.457550e-06
 [24,] -1.183140e-06  1.174822e-07 -2.631877e-07 -1.828454e-07  1.019054e-06
 [25,]  6.567159e-06 -6.507493e-07  1.457550e-06  1.019054e-06 -5.644812e-06
 [26,]  1.351632e-05 -1.339971e-06  3.001548e-06  2.095481e-06 -1.162373e-05
 [27,]  8.782668e-06 -8.703366e-07  1.948749e-06  1.362843e-06 -7.548963e-06
 [28,] -7.103607e-07  7.036126e-08 -1.580210e-07 -1.102611e-07  6.107515e-07
 [29,] -2.066242e-06  2.053454e-07 -4.514825e-07 -3.201479e-07  1.772801e-06
 [30,]  1.076275e-06 -1.066021e-07  2.394726e-07  1.670645e-07 -9.252881e-07
 [31,] -3.434109e-07 -2.695352e-06 -1.484034e-06 -1.368197e-07  1.469513e-06
 [32,]  1.120222e-06  1.644538e-06 -1.159007e-06 -4.148769e-08 -8.402174e-07
 [33,] -4.613901e-07 -1.024720e-06 -7.787163e-07 -2.416122e-07  7.328088e-07
 [34,] -7.776941e-07 -2.114519e-06 -3.139203e-07 -7.430621e-08  1.234074e-06
 [35,]  1.152357e-06  1.632924e-06  5.422871e-07  1.945199e-07 -1.642658e-06
               [,41]         [,42]         [,43]         [,44]         [,45]
  [1,] -1.086298e-06 -1.242980e-06 -1.864396e-07  5.271048e-06  2.894325e-07
  [2,] -1.411087e-06 -1.614740e-06 -2.422059e-07  6.867319e-06  3.647376e-07
  [3,] -6.710120e-07 -7.678230e-07 -1.151586e-07  3.243850e-06  1.759392e-07
  [4,] -2.476573e-08 -2.833808e-08 -4.273379e-09  9.262858e-08  9.956237e-09
  [5,]  1.168672e-07  1.336342e-07  2.002752e-08 -5.691092e-07 -3.205609e-08
  [6,]  2.000702e-07  2.288820e-07  3.431042e-08 -9.688208e-07 -5.169426e-08
  [7,] -1.338606e-07 -1.531807e-07 -2.297909e-08  6.172061e-07  2.844334e-08
  [8,] -1.244121e-06 -1.423659e-06 -2.135601e-07  6.060893e-06  3.217617e-07
  [9,] -5.543617e-08 -6.343705e-08 -9.523656e-09  2.910633e-07  8.515208e-09
 [10,]  4.155537e-07  4.755447e-07  7.132385e-08 -2.016534e-06 -1.106914e-07
 [11,]  7.004437e-07  8.016047e-07  1.202575e-07 -3.399668e-06 -1.865828e-07
 [12,]  8.016047e-07  9.173449e-07  1.376028e-07 -3.890227e-06 -2.135159e-07
 [13,]  1.202575e-07  1.376028e-07  2.063961e-08 -5.835261e-07 -3.204134e-08
 [14,] -3.399668e-06 -3.890227e-06 -5.835261e-07  1.655381e-05  8.839254e-07
 [15,] -1.865828e-07 -2.135159e-07 -3.204134e-08  8.839254e-07  5.235330e-08
 [16,] -1.136012e-05 -7.378614e-06  5.965146e-07  1.740895e-06 -9.037622e-07
 [17,]  1.428593e-05  9.275463e-06 -7.507240e-07 -2.173388e-06  1.137423e-06
 [18,] -6.996420e-06 -4.551147e-06  3.679321e-07  1.073781e-06 -5.574435e-07
 [19,] -1.196963e-05 -7.773847e-06  6.288164e-07  1.828059e-06 -9.527018e-07
 [20,]  2.343538e-05  1.522188e-05 -1.231246e-06 -3.579912e-06  1.865469e-06
 [21,]  1.351632e-05  8.782668e-06 -7.103607e-07 -2.066242e-06  1.076275e-06
 [22,] -1.339971e-06 -8.703366e-07  7.036126e-08  2.053454e-07 -1.066021e-07
 [23,]  3.001548e-06  1.948749e-06 -1.580210e-07 -4.514825e-07  2.394726e-07
 [24,]  2.095481e-06  1.362843e-06 -1.102611e-07 -3.201479e-07  1.670645e-07
 [25,] -1.162373e-05 -7.548963e-06  6.107515e-07  1.772801e-06 -9.252881e-07
 [26,] -2.392732e-05 -1.554467e-05  1.257610e-06  3.651389e-06 -1.905407e-06
 [27,] -1.554467e-05 -1.009524e-05  8.168420e-07  2.369459e-06 -1.237546e-06
 [28,]  1.257610e-06  8.168420e-07 -6.603656e-08 -1.927240e-07  1.000501e-07
 [29,]  3.651389e-06  2.369459e-06 -1.927240e-07 -5.387130e-07  2.919906e-07
 [30,] -1.905407e-06 -1.237546e-06  1.000501e-07  2.919906e-07 -1.515589e-07
 [31,]  2.047082e-06  2.278008e-06 -3.389509e-08 -3.301992e-06 -4.891983e-08
 [32,] -9.517379e-07 -8.234554e-07  2.796935e-07 -3.570585e-06 -4.763589e-07
 [33,]  1.155165e-06  9.478773e-07  3.562908e-08 -1.868543e-06 -2.203722e-08
 [34,]  1.575773e-06  1.670940e-06 -1.210962e-07 -4.612094e-07  2.379629e-07
 [35,] -2.581372e-06 -2.036713e-06  1.640078e-07  6.637781e-07 -1.640838e-07
               [,46]         [,47]         [,48]         [,49]         [,50]
  [1,] -1.108662e-06 -1.439413e-06 -6.825105e-07 -1.722718e-09  1.243285e-07
  [2,] -1.439413e-06 -1.871107e-06 -8.861341e-07 -1.127673e-08  1.591599e-07
  [3,] -6.825105e-07 -8.861341e-07 -4.201735e-07 -1.060117e-09  7.653442e-08
  [4,] -1.722718e-09 -1.127673e-08 -1.060117e-09 -3.662002e-08 -8.900089e-09
  [5,]  1.243285e-07  1.591599e-07  7.653442e-08 -8.900089e-09 -1.620851e-08
  [6,]  2.073425e-07  2.672879e-07  1.276444e-07 -7.437325e-09 -2.517386e-08
  [7,] -1.307627e-07 -1.698197e-07 -8.049969e-08 -1.621929e-10  1.465983e-08
  [8,] -1.261476e-06 -1.644013e-06 -7.765907e-07 -2.693854e-08  1.352474e-07
  [9,] -5.970376e-08 -7.803737e-08 -3.675390e-08 -2.207140e-09  6.169981e-09
 [10,]  4.241288e-07  5.506771e-07  2.611037e-07  6.517142e-10 -4.755806e-08
 [11,]  6.961557e-07  9.134558e-07  4.285692e-07  3.993039e-08 -6.841897e-08
 [12,]  8.017799e-07  1.049356e-06  4.935968e-07  3.504221e-08 -8.151322e-08
 [13,]  1.227333e-07  1.593488e-07  7.555664e-08  1.907118e-10 -1.376366e-08
 [14,] -3.451038e-06 -4.495745e-06 -2.124530e-06 -6.645587e-08  3.718235e-07
 [15,] -1.789940e-07 -2.359293e-07 -1.101931e-07 -1.457089e-08  1.651875e-08
 [16,] -1.541025e-09 -1.258934e-09 -4.338826e-10 -2.698038e-10  5.322349e-10
 [17,] -1.258934e-09 -3.051241e-09 -1.750835e-09  4.360326e-10 -5.486187e-10
 [18,] -4.338826e-10 -1.750835e-09 -1.100496e-09  3.750242e-10 -5.257822e-10
 [19,] -2.698038e-10  4.360326e-10  3.750242e-10 -2.610839e-10  4.105015e-10
 [20,]  5.322349e-10 -5.486187e-10 -5.257822e-10  4.105015e-10 -6.753903e-10
 [21,]  2.075811e-10  3.766449e-10  2.115005e-10 -2.948322e-11  2.644016e-11
 [22,] -1.817914e-10 -1.484968e-10 -5.114374e-11 -3.180276e-11  6.279249e-11
 [23,] -1.438985e-09 -2.071231e-09 -1.021039e-09  3.922405e-11  6.164158e-11
 [24,] -1.735498e-10  1.038530e-10  1.228672e-10 -1.119156e-10  1.671802e-10
 [25,]  2.632068e-10  1.103435e-09  6.805168e-10 -2.475503e-10  3.192518e-10
 [26,]  7.280597e-10  1.307749e-09  6.833000e-10 -1.049429e-10  1.040054e-10
 [27,]  6.428728e-10  1.860732e-09  1.100057e-09 -3.208808e-10  4.304324e-10
 [28,]  1.705911e-10  1.393689e-10  4.804309e-11  2.986149e-11 -5.892654e-11
 [29,] -4.025553e-09 -5.483265e-09 -2.643881e-09  7.150698e-12  3.176865e-10
 [30,] -2.582517e-10 -2.111650e-10 -7.316975e-11 -4.549645e-11  8.770614e-11
 [31,] -4.988491e-08 -6.966046e-08 -6.964924e-09  6.576099e-09  1.243451e-08
 [32,] -6.966046e-08 -1.208270e-07 -8.783031e-08  3.487731e-09 -1.561382e-08
 [33,] -6.964924e-09 -8.783031e-08 -4.272770e-08  2.901055e-08 -3.137483e-08
 [34,]  6.576099e-09  3.487731e-09  2.901055e-08  8.066812e-09  6.852072e-09
 [35,]  1.243451e-08 -1.561382e-08 -3.137483e-08  6.852072e-09 -2.260374e-08
               [,51]         [,52]         [,53]         [,54]         [,55]
  [1,]  2.073425e-07 -1.307627e-07 -1.261476e-06 -5.970376e-08  4.241288e-07
  [2,]  2.672879e-07 -1.698197e-07 -1.644013e-06 -7.803737e-08  5.506771e-07
  [3,]  1.276444e-07 -8.049969e-08 -7.765907e-07 -3.675390e-08  2.611037e-07
  [4,] -7.437325e-09 -1.621929e-10 -2.693854e-08 -2.207140e-09  6.517142e-10
  [5,] -2.517386e-08  1.465983e-08  1.352474e-07  6.169981e-09 -4.755806e-08
  [6,] -4.043399e-08  2.445435e-08  2.306417e-07  1.071942e-08 -7.932336e-08
  [7,]  2.445435e-08 -1.557682e-08 -1.487983e-07 -7.041886e-09  5.005809e-08
  [8,]  2.306417e-07 -1.487983e-07 -1.452428e-06 -6.937825e-08  4.825997e-07
  [9,]  1.071942e-08 -7.041886e-09 -6.937825e-08 -3.339599e-09  2.284060e-08
 [10,] -7.932336e-08  5.005809e-08  4.825997e-07  2.284060e-08 -1.622650e-07
 [11,] -1.219441e-07  8.213526e-08  8.186163e-07  3.973211e-08 -2.663290e-07
 [12,] -1.427722e-07  9.461732e-08  9.353656e-07  4.512920e-08 -3.067441e-07
 [13,] -2.295365e-08  1.447596e-08  1.396504e-07  6.609445e-09 -4.695275e-08
 [14,]  6.324416e-07 -4.071238e-07 -3.968416e-06 -1.893742e-07  1.320251e-06
 [15,]  3.045403e-08 -2.109910e-08 -2.134278e-07 -1.046601e-08  6.847625e-08
 [16,]  2.075811e-10 -1.817914e-10 -1.438985e-09 -1.735498e-10  2.632068e-10
 [17,]  3.766449e-10 -1.484968e-10 -2.071231e-09  1.038530e-10  1.103435e-09
 [18,]  2.115005e-10 -5.114374e-11 -1.021039e-09  1.228672e-10  6.805168e-10
 [19,] -2.948322e-11 -3.180276e-11  3.922405e-11 -1.119156e-10 -2.475503e-10
 [20,]  2.644016e-11  6.279249e-11  6.164158e-11  1.671802e-10  3.192518e-10
 [21,] -5.675413e-11  2.453844e-11  2.838984e-10 -3.454378e-12 -1.218710e-10
 [22,]  2.453844e-11 -2.145972e-11 -1.697585e-10 -2.047885e-11  3.105444e-11
 [23,]  2.838984e-10 -1.697585e-10 -1.740742e-09 -5.307703e-11  6.414762e-10
 [24,] -3.454378e-12 -2.047885e-11 -5.307703e-11 -6.047818e-11 -9.870752e-11
 [25,] -1.218710e-10  3.105444e-11  6.414762e-10 -9.870752e-11 -4.813575e-10
 [26,] -1.610960e-10  8.589128e-11  9.975780e-10  2.734043e-12 -4.337094e-10
 [27,] -2.212706e-10  7.584513e-11  1.192036e-09 -8.704821e-11 -6.931990e-10
 [28,] -2.297981e-11  2.012426e-11  1.593031e-10  1.921490e-11 -2.914472e-11
 [29,]  7.634490e-10 -4.748233e-10 -4.731277e-09 -1.918437e-10  1.645059e-09
 [30,]  3.488288e-11 -3.044819e-11 -2.410839e-10 -3.034421e-11  4.137697e-11
 [31,]  1.174844e-08 -1.128219e-07 -6.962593e-08 -9.658717e-09  3.143862e-08
 [32,]  1.837141e-08  8.523436e-08 -8.934636e-08  3.598188e-09  3.618331e-08
 [33,]  1.104554e-08 -6.665505e-08 -4.914181e-08  4.836072e-09  4.357050e-08
 [34,] -3.004483e-10 -1.119161e-07 -3.196078e-09 -5.632908e-09  8.225091e-09
 [35,]  7.795708e-10  6.804682e-08  5.493275e-09  8.678039e-09  4.014123e-09
               [,56]         [,57]         [,58]         [,59]         [,60]
  [1,]  6.961557e-07  8.017799e-07  1.227333e-07 -3.451038e-06 -1.789940e-07
  [2,]  9.134558e-07  1.049356e-06  1.593488e-07 -4.495745e-06 -2.359293e-07
  [3,]  4.285692e-07  4.935968e-07  7.555664e-08 -2.124530e-06 -1.101931e-07
  [4,]  3.993039e-08  3.504221e-08  1.907118e-10 -6.645587e-08 -1.457089e-08
  [5,] -6.841897e-08 -8.151322e-08 -1.376366e-08  3.718235e-07  1.651875e-08
  [6,] -1.219441e-07 -1.427722e-07 -2.295365e-08  6.324416e-07  3.045403e-08
  [7,]  8.213526e-08  9.461732e-08  1.447596e-08 -4.071238e-07 -2.109910e-08
  [8,]  8.186163e-07  9.353656e-07  1.396504e-07 -3.968416e-06 -2.134278e-07
  [9,]  3.973211e-08  4.512920e-08  6.609445e-09 -1.893742e-07 -1.046601e-08
 [10,] -2.663290e-07 -3.067441e-07 -4.695275e-08  1.320251e-06  6.847625e-08
 [11,] -4.784088e-07 -5.393779e-07 -7.706722e-08  2.231912e-06  1.275523e-07
 [12,] -5.393779e-07 -6.111126e-07 -8.876024e-08  2.552286e-06  1.426372e-07
 [13,] -7.706722e-08 -8.876024e-08 -1.358707e-08  3.820438e-07  1.981535e-08
 [14,]  2.231912e-06  2.552286e-06  3.820438e-07 -1.084454e-05 -5.810120e-07
 [15,]  1.275523e-07  1.426372e-07  1.981535e-08 -5.810120e-07 -3.448293e-08
 [16,]  7.280597e-10  6.428728e-10  1.705911e-10 -4.025553e-09 -2.582517e-10
 [17,]  1.307749e-09  1.860732e-09  1.393689e-10 -5.483265e-09 -2.111650e-10
 [18,]  6.833000e-10  1.100057e-09  4.804309e-11 -2.643881e-09 -7.316975e-11
 [19,] -1.049429e-10 -3.208808e-10  2.986149e-11  7.150698e-12 -4.549645e-11
 [20,]  1.040054e-10  4.304324e-10 -5.892654e-11  3.176865e-10  8.770614e-11
 [21,] -1.610960e-10 -2.212706e-10 -2.297981e-11  7.634490e-10  3.488288e-11
 [22,]  8.589128e-11  7.584513e-11  2.012426e-11 -4.748233e-10 -3.044819e-11
 [23,]  9.975780e-10  1.192036e-09  1.593031e-10 -4.731277e-09 -2.410839e-10
 [24,]  2.734043e-12 -8.704821e-11  1.921490e-11 -1.918437e-10 -3.034421e-11
 [25,] -4.337094e-10 -6.931990e-10 -2.914472e-11  1.645059e-09  4.137697e-11
 [26,] -6.112295e-10 -7.783809e-10 -8.060209e-11  2.681934e-09  1.224403e-10
 [27,] -7.783809e-10 -1.151082e-09 -7.117751e-11  3.130130e-09  1.080707e-10
 [28,] -8.060209e-11 -7.117751e-11 -1.896924e-11  4.456470e-10  2.859368e-11
 [29,]  2.681934e-09  3.130130e-09  4.456470e-10 -1.290024e-08 -6.752783e-10
 [30,]  1.224403e-10  1.080707e-10  2.859368e-11 -6.752783e-10 -4.349435e-11
 [31,]  4.181921e-08  5.526825e-08  5.522459e-09 -1.831301e-07 -9.793087e-09
 [32,]  5.237739e-08  6.568016e-08  7.711691e-09 -2.366407e-07 -1.366995e-08
 [33,]  3.656338e-08  6.652411e-08  7.710449e-10 -1.203800e-07 -2.044806e-09
 [34,]  4.162138e-09  1.122871e-08 -7.280004e-10 -5.669988e-09  1.090469e-09
 [35,] -1.202573e-09  3.885549e-09 -1.376550e-09  1.739308e-08  2.329063e-09
               [,61]         [,62]         [,63]         [,64]         [,65]
  [1,] -7.489906e-09 -7.327093e-09 -4.604346e-09  5.286163e-09  3.792581e-09
  [2,] -7.327093e-09 -7.799694e-09 -4.517566e-09  4.931764e-09  3.211755e-09
  [3,] -4.604346e-09 -4.517566e-09 -2.845195e-09  3.247735e-09  2.330716e-09
  [4,]  5.286163e-09  4.931764e-09  3.247735e-09 -5.589810e-09 -3.276042e-09
  [5,]  3.792581e-09  3.211755e-09  2.330716e-09 -3.276042e-09 -2.448862e-09
  [6,] -9.630504e-10 -8.265595e-10 -5.901720e-10  1.421621e-09  7.223735e-10
  [7,] -4.282613e-09 -4.158860e-09 -2.670569e-09  4.242546e-09  2.563647e-09
  [8,] -7.822924e-10 -1.660414e-09 -4.832787e-10 -1.446186e-09 -7.039251e-10
  [9,]  2.592586e-10  1.640038e-10  1.574260e-10 -3.259114e-10 -2.194873e-10
 [10,]  2.815297e-09  2.861080e-09  1.730722e-09 -2.074985e-09 -1.369569e-09
 [11,]  4.707175e-09  4.782871e-09  2.894414e-09 -3.393117e-09 -2.270022e-09
 [12,]  5.411472e-09  5.461819e-09  3.328016e-09 -3.895772e-09 -2.651548e-09
 [13,]  8.291625e-10  8.111385e-10  5.097195e-10 -5.851994e-10 -4.198538e-10
 [14,] -2.446439e-08 -2.421077e-08 -1.506289e-08  1.784388e-08  1.240860e-08
 [15,]  3.159096e-09  2.677483e-09  1.940669e-09 -3.476193e-09 -2.207950e-09
 [16,] -2.438527e-06  3.067341e-06 -1.501018e-06 -2.569485e-06  5.031346e-06
 [17,]  3.067341e-06 -3.858458e-06  1.888289e-06  3.232279e-06 -6.328283e-06
 [18,] -1.501018e-06  1.888289e-06 -9.243603e-07 -1.581983e-06  3.096133e-06
 [19,] -2.569485e-06  3.232279e-06 -1.581983e-06 -2.707808e-06  5.300734e-06
 [20,]  5.031346e-06 -6.328283e-06  3.096133e-06  5.300734e-06 -1.038315e-05
 [21,]  2.901091e-06 -3.649386e-06  1.786109e-06  3.057209e-06 -5.984972e-06
 [22,] -2.876341e-07  3.618052e-07 -1.770509e-07 -3.030809e-07  5.934675e-07
 [23,]  6.445701e-07 -8.109316e-07  3.970021e-07  6.794135e-07 -1.329374e-06
 [24,]  4.501327e-07 -5.656430e-07  2.761158e-07  4.734069e-07 -9.309936e-07
 [25,] -2.494413e-06  3.139022e-06 -1.537815e-06 -2.630598e-06  5.141097e-06
 [26,] -5.136371e-06  6.460940e-06 -3.161780e-06 -5.412310e-06  1.059755e-05
 [27,] -3.337318e-06  4.197938e-06 -2.054297e-06 -3.516582e-06  6.885741e-06
 [28,]  2.699540e-07 -3.395670e-07  1.661698e-07  2.844516e-07 -5.569907e-07
 [29,]  7.847363e-07 -9.871150e-07  4.830391e-07  8.268884e-07 -1.619142e-06
 [30,] -4.089568e-07  5.144872e-07 -2.518688e-07 -4.310476e-07  8.434580e-07
 [31,]  1.824935e-06 -2.046051e-06  1.124942e-06  1.868273e-06 -2.837055e-06
 [32,] -2.046051e-06  2.447860e-06 -1.260421e-06 -2.161386e-06  3.392701e-06
 [33,]  1.124942e-06 -1.260421e-06  6.901481e-07  1.150740e-06 -1.745906e-06
 [34,]  1.868273e-06 -2.161386e-06  1.150740e-06  1.971851e-06 -2.930967e-06
 [35,] -2.837055e-06  3.392701e-06 -1.745906e-06 -2.930967e-06  5.451015e-06
               [,66]         [,67]         [,68]         [,69]         [,70]
  [1,] -9.630504e-10 -4.282613e-09 -7.822924e-10  2.592586e-10  2.815297e-09
  [2,] -8.265595e-10 -4.158860e-09 -1.660414e-09  1.640038e-10  2.861080e-09
  [3,] -5.901720e-10 -2.670569e-09 -4.832787e-10  1.574260e-10  1.730722e-09
  [4,]  1.421621e-09  4.242546e-09 -1.446186e-09 -3.259114e-10 -2.074985e-09
  [5,]  7.223735e-10  2.563647e-09 -7.039251e-10 -2.194873e-10 -1.369569e-09
  [6,] -5.192501e-10 -9.674107e-10  7.617782e-10  9.723927e-11  3.907434e-10
  [7,] -9.674107e-10 -3.782348e-09  8.063584e-10  2.642997e-10  1.738935e-09
  [8,]  7.617782e-10  8.063584e-10 -2.966752e-09 -2.198900e-10  3.124438e-10
  [9,]  9.723927e-11  2.642997e-10 -2.198900e-10 -5.220693e-11 -9.768192e-11
 [10,]  3.907434e-10  1.738935e-09  3.124438e-10 -9.768192e-11 -1.128293e-09
 [11,]  7.135712e-10  2.830900e-09  5.371575e-10 -1.584870e-10 -1.875866e-09
 [12,]  7.697397e-10  3.306521e-09  6.080039e-10 -1.865678e-10 -2.138641e-09
 [13,]  1.066135e-10  4.741024e-10  8.660289e-11 -2.870097e-11 -3.116646e-10
 [14,] -3.488390e-09 -1.458442e-08 -2.204948e-09  8.038208e-10  9.352982e-09
 [15,]  9.227221e-10  2.611581e-09 -1.298530e-09 -2.204406e-10 -1.216063e-09
 [16,]  2.901091e-06 -2.876341e-07  6.445701e-07  4.501327e-07 -2.494413e-06
 [17,] -3.649386e-06  3.618052e-07 -8.109316e-07 -5.656430e-07  3.139022e-06
 [18,]  1.786109e-06 -1.770509e-07  3.970021e-07  2.761158e-07 -1.537815e-06
 [19,]  3.057209e-06 -3.030809e-07  6.794135e-07  4.734069e-07 -2.630598e-06
 [20,] -5.984972e-06  5.934675e-07 -1.329374e-06 -9.309936e-07  5.141097e-06
 [21,] -3.451727e-06  3.421956e-07 -7.670588e-07 -5.346506e-07  2.969729e-06
 [22,]  3.421956e-07 -3.392772e-08  7.602944e-08  5.309489e-08 -2.942260e-07
 [23,] -7.670588e-07  7.602944e-08 -1.705373e-07 -1.183691e-07  6.608623e-07
 [24,] -5.346506e-07  5.309489e-08 -1.183691e-07 -8.557732e-08  4.543384e-07
 [25,]  2.969729e-06 -2.942260e-07  6.608623e-07  4.543384e-07 -2.566657e-06
 [26,]  6.110804e-06 -6.058554e-07  1.357757e-06  9.479005e-07 -5.254692e-06
 [27,]  3.970413e-06 -3.936499e-07  8.821741e-07  6.159569e-07 -3.414020e-06
 [28,] -3.211623e-07  3.184217e-08 -7.135632e-08 -4.983127e-08  2.761409e-07
 [29,] -9.336014e-07  9.256284e-08 -2.074393e-07 -1.448581e-07  8.027328e-07
 [30,]  4.866505e-07 -4.823800e-08  1.081848e-07  7.514313e-08 -4.191947e-07
 [31,] -1.432496e-06 -2.689378e-06 -4.807919e-07 -2.640147e-07  1.795941e-06
 [32,]  1.805998e-06  2.298580e-06  5.435348e-07  3.098127e-07 -2.098691e-06
 [33,] -8.823741e-07 -1.655271e-06 -2.963950e-07 -1.616030e-07  1.105777e-06
 [34,] -1.499100e-06 -2.841147e-06 -4.939052e-07 -2.775706e-07  1.913211e-06
 [35,]  2.971120e-06  1.474197e-06  7.489688e-07  4.473850e-07 -2.823664e-06
               [,71]         [,72]         [,73]         [,74]         [,75]
  [1,]  4.707175e-09  5.411472e-09  8.291625e-10 -2.446439e-08  3.159096e-09
  [2,]  4.782871e-09  5.461819e-09  8.111385e-10 -2.421077e-08  2.677483e-09
  [3,]  2.894414e-09  3.328016e-09  5.097195e-10 -1.506289e-08  1.940669e-09
  [4,] -3.393117e-09 -3.895772e-09 -5.851994e-10  1.784388e-08 -3.476193e-09
  [5,] -2.270022e-09 -2.651548e-09 -4.198538e-10  1.240860e-08 -2.207950e-09
  [6,]  7.135712e-10  7.697397e-10  1.066135e-10 -3.488390e-09  9.227221e-10
  [7,]  2.830900e-09  3.306521e-09  4.741024e-10 -1.458442e-08  2.611581e-09
  [8,]  5.371575e-10  6.080039e-10  8.660289e-11 -2.204948e-09 -1.298530e-09
  [9,] -1.584870e-10 -1.865678e-10 -2.870097e-11  8.038208e-10 -2.204406e-10
 [10,] -1.875866e-09 -2.138641e-09 -3.116646e-10  9.352982e-09 -1.216063e-09
 [11,] -3.245305e-09 -3.650403e-09 -5.211031e-10  1.580116e-08 -2.017873e-09
 [12,] -3.650403e-09 -4.145193e-09 -5.990716e-10  1.805954e-08 -2.316163e-09
 [13,] -5.211031e-10 -5.990716e-10 -9.179161e-11  2.708306e-09 -3.497246e-10
 [14,]  1.580116e-08  1.805954e-08  2.708306e-09 -8.096546e-08  1.071886e-08
 [15,] -2.017873e-09 -2.316163e-09 -3.497246e-10  1.071886e-08 -2.322918e-09
 [16,] -5.136371e-06 -3.337318e-06  2.699540e-07  7.847363e-07 -4.089568e-07
 [17,]  6.460940e-06  4.197938e-06 -3.395670e-07 -9.871150e-07  5.144872e-07
 [18,] -3.161780e-06 -2.054297e-06  1.661698e-07  4.830391e-07 -2.518688e-07
 [19,] -5.412310e-06 -3.516582e-06  2.844516e-07  8.268884e-07 -4.310476e-07
 [20,]  1.059755e-05  6.885741e-06 -5.569907e-07 -1.619142e-06  8.434580e-07
 [21,]  6.110804e-06  3.970413e-06 -3.211623e-07 -9.336014e-07  4.866505e-07
 [22,] -6.058554e-07 -3.936499e-07  3.184217e-08  9.256284e-08 -4.823800e-08
 [23,]  1.357757e-06  8.821741e-07 -7.135632e-08 -2.074393e-07  1.081848e-07
 [24,]  9.479005e-07  6.159569e-07 -4.983127e-08 -1.448581e-07  7.514313e-08
 [25,] -5.254692e-06 -3.414020e-06  2.761409e-07  8.027328e-07 -4.191947e-07
 [26,] -1.081904e-05 -7.029570e-06  5.686165e-07  1.652946e-06 -8.614323e-07
 [27,] -7.029570e-06 -4.567411e-06  3.694536e-07  1.073992e-06 -5.596985e-07
 [28,]  5.686165e-07  3.694536e-07 -2.989324e-08 -8.687325e-08  4.527357e-08
 [29,]  1.652946e-06  1.073992e-06 -8.687325e-08 -2.525629e-07  1.316054e-07
 [30,] -8.614323e-07 -5.596985e-07  4.527357e-08  1.316054e-07 -6.863849e-08
 [31,]  2.819301e-06  2.389311e-06 -2.020276e-07 -4.112804e-07  2.643833e-07
 [32,] -3.514636e-06 -2.807641e-06  2.265060e-07  6.682485e-07 -3.463545e-07
 [33,]  1.736345e-06  1.473032e-06 -1.245356e-07 -2.536673e-07  1.630475e-07
 [34,]  3.006544e-06  2.558818e-06 -2.068252e-07 -6.047959e-07  3.140287e-07
 [35,] -5.360702e-06 -3.764772e-06  3.140733e-07  7.204591e-07 -4.305440e-07
               [,76]         [,77]         [,78]         [,79]         [,80]
  [1,]  3.585250e-07  4.669188e-07  2.207151e-07  6.316257e-09 -3.876835e-08
  [2,]  4.669188e-07  6.080722e-07  2.874446e-07  8.229839e-09 -5.049803e-08
  [3,]  2.207151e-07  2.874446e-07  1.358767e-07  3.888410e-09 -2.386658e-08
  [4,]  6.316257e-09  8.229839e-09  3.888410e-09  1.093538e-10 -6.794939e-10
  [5,] -3.876835e-08 -5.049803e-08 -2.386658e-08 -6.794939e-10  4.185760e-09
  [6,] -6.583213e-08 -8.573964e-08 -4.052758e-08 -1.158112e-09  7.115349e-09
  [7,]  4.228946e-08  5.507494e-08  2.603423e-08  7.450278e-10 -4.572882e-09
  [8,]  4.118833e-07  5.364026e-07  2.535636e-07  7.258410e-09 -4.454326e-08
  [9,]  1.964082e-08  2.557821e-08  1.209127e-08  3.464230e-10 -2.124848e-09
 [10,] -1.371617e-07 -1.786244e-07 -8.443947e-08 -2.418682e-09  1.483642e-08
 [11,] -2.312435e-07 -3.011448e-07 -1.423582e-07 -4.078278e-09  2.501439e-08
 [12,] -2.646080e-07 -3.445990e-07 -1.628980e-07 -4.665069e-09  2.861994e-08
 [13,] -3.969015e-08 -5.168978e-08 -2.443405e-08 -6.992349e-10  4.291811e-09
 [14,]  1.125638e-06  1.465940e-06  6.929652e-07  1.983591e-08 -1.217302e-07
 [15,]  6.013568e-08  7.831630e-08  3.702072e-08  1.059477e-09 -6.502746e-09
 [16,] -1.770712e-07  2.237158e-07 -1.088988e-07 -1.869112e-07  3.663671e-07
 [17,]  2.237158e-07 -2.800622e-07  1.377264e-07  2.351994e-07 -4.605133e-07
 [18,] -1.088988e-07  1.377264e-07 -6.721793e-08 -1.151780e-07  2.247464e-07
 [19,] -1.869112e-07  2.351994e-07 -1.151780e-07 -1.970724e-07  3.853734e-07
 [20,]  3.663671e-07 -4.605133e-07  2.247464e-07  3.853734e-07 -7.577986e-07
 [21,]  2.109822e-07 -2.656383e-07  1.299739e-07  2.224866e-07 -4.352197e-07
 [22,] -2.088625e-08  2.638817e-08 -1.284505e-08 -2.204692e-08  4.321446e-08
 [23,]  4.731730e-08 -5.839905e-08  2.925554e-08  4.949524e-08 -9.641619e-08
 [24,]  3.303177e-08 -4.112364e-08  1.968923e-08  3.418593e-08 -6.960552e-08
 [25,] -1.810879e-07  2.282138e-07 -1.129117e-07 -1.919907e-07  3.699752e-07
 [26,] -3.740675e-07  4.697742e-07 -2.301127e-07 -3.937514e-07  7.716290e-07
 [27,] -2.431836e-07  3.050617e-07 -1.495796e-07 -2.558294e-07  5.014305e-07
 [28,]  1.960249e-08 -2.476623e-08  1.205554e-08  2.069181e-08 -4.055830e-08
 [29,]  5.838862e-08 -7.016422e-08  3.590989e-08  6.017483e-08 -1.180529e-07
 [30,] -2.966065e-08  3.752472e-08 -1.832999e-08 -3.139125e-08  6.116229e-08
 [31,]  1.232984e-07 -9.195265e-08  7.574125e-08  1.074928e-07 -1.774131e-07
 [32,] -9.195265e-08  1.884394e-07 -5.660923e-08 -1.259183e-07  2.292621e-07
 [33,]  7.574125e-08 -5.660923e-08  4.689285e-08  6.615639e-08 -1.094296e-07
 [34,]  1.074928e-07 -1.259183e-07  6.615639e-08  1.129328e-07 -1.845954e-07
 [35,] -1.774131e-07  2.292621e-07 -1.094296e-07 -1.845954e-07  3.997302e-07
               [,81]         [,82]         [,83]         [,84]         [,85]
  [1,] -6.583213e-08  4.228946e-08  4.118833e-07  1.964082e-08 -1.371617e-07
  [2,] -8.573964e-08  5.507494e-08  5.364026e-07  2.557821e-08 -1.786244e-07
  [3,] -4.052758e-08  2.603423e-08  2.535636e-07  1.209127e-08 -8.443947e-08
  [4,] -1.158112e-09  7.450278e-10  7.258410e-09  3.464230e-10 -2.418682e-09
  [5,]  7.115349e-09 -4.572882e-09 -4.454326e-08 -2.124848e-09  1.483642e-08
  [6,]  1.208637e-08 -7.765164e-09 -7.563210e-08 -3.606772e-09  2.518784e-08
  [7,] -7.765164e-09  4.988210e-09  4.858328e-08  2.316713e-09 -1.617877e-08
  [8,] -7.563210e-08  4.858328e-08  4.731791e-07  2.256361e-08 -1.575720e-07
  [9,] -3.606772e-09  2.316713e-09  2.256361e-08  1.075988e-09 -7.513673e-09
 [10,]  2.518784e-08 -1.617877e-08 -1.575720e-07 -7.513673e-09  5.247113e-08
 [11,]  4.246530e-08 -2.727610e-08 -2.656529e-07 -1.266742e-08  8.846136e-08
 [12,]  4.859060e-08 -3.121157e-08 -3.039843e-07 -1.449529e-08  1.012270e-07
 [13,]  7.287881e-09 -4.681612e-09 -4.559713e-08 -2.174317e-09  1.518435e-08
 [14,] -2.066946e-07  1.327735e-07  1.293156e-06  6.166435e-08 -4.306300e-07
 [15,] -1.104209e-08  7.093244e-09  6.908511e-08  3.294247e-09 -2.300613e-08
 [16,]  2.109822e-07 -2.088625e-08  4.731730e-08  3.303177e-08 -1.810879e-07
 [17,] -2.656383e-07  2.638817e-08 -5.839905e-08 -4.112364e-08  2.282138e-07
 [18,]  1.299739e-07 -1.284505e-08  2.925554e-08  1.968923e-08 -1.129117e-07
 [19,]  2.224866e-07 -2.204692e-08  4.949524e-08  3.418593e-08 -1.919907e-07
 [20,] -4.352197e-07  4.321446e-08 -9.641619e-08 -6.960552e-08  3.699752e-07
 [21,] -2.511729e-07  2.488619e-08 -5.593990e-08 -3.869868e-08  2.165761e-07
 [22,]  2.488619e-08 -2.463617e-09  5.581265e-09  3.896229e-09 -2.136004e-08
 [23,] -5.593990e-08  5.581265e-09 -1.193013e-08 -8.292888e-09  4.856013e-08
 [24,] -3.869868e-08  3.896229e-09 -8.292888e-09 -7.734233e-09  2.970888e-08
 [25,]  2.165761e-07 -2.136004e-08  4.856013e-08  2.970888e-08 -1.940999e-07
 [26,]  4.446336e-07 -4.412275e-08  9.841571e-08  6.935709e-08 -3.813632e-07
 [27,]  2.889128e-07 -2.868448e-08  6.378634e-08  4.510475e-08 -2.476305e-07
 [28,] -2.335657e-08  2.312192e-09 -5.238215e-09 -3.656749e-09  2.004715e-08
 [29,] -6.815440e-08  6.887171e-09 -1.361295e-08 -1.055301e-08  5.773851e-08
 [30,]  3.542035e-08 -3.498592e-09  7.982189e-09  5.307065e-09 -3.089158e-08
 [31,] -1.100858e-07  1.454359e-08 -2.195646e-09 -2.644203e-08  9.576784e-08
 [32,]  1.318030e-07 -1.084608e-08  6.387520e-08  2.445177e-08 -1.334601e-07
 [33,] -6.768365e-08  8.934012e-09 -1.328878e-09 -1.640731e-08  5.901912e-08
 [34,] -1.118662e-07  1.267925e-08 -2.789168e-08 -2.915939e-08  1.094640e-07
 [35,]  2.255911e-07 -2.092657e-08  4.362462e-08  2.016071e-08 -1.783433e-07
               [,86]         [,87]         [,88]         [,89]         [,90]
  [1,] -2.312435e-07 -2.646080e-07 -3.969015e-08  1.125638e-06  6.013568e-08
  [2,] -3.011448e-07 -3.445990e-07 -5.168978e-08  1.465940e-06  7.831630e-08
  [3,] -1.423582e-07 -1.628980e-07 -2.443405e-08  6.929652e-07  3.702072e-08
  [4,] -4.078278e-09 -4.665069e-09 -6.992349e-10  1.983591e-08  1.059477e-09
  [5,]  2.501439e-08  2.861994e-08  4.291811e-09 -1.217302e-07 -6.502746e-09
  [6,]  4.246530e-08  4.859060e-08  7.287881e-09 -2.066946e-07 -1.104209e-08
  [7,] -2.727610e-08 -3.121157e-08 -4.681612e-09  1.327735e-07  7.093244e-09
  [8,] -2.656529e-07 -3.039843e-07 -4.559713e-08  1.293156e-06  6.908511e-08
  [9,] -1.266742e-08 -1.449529e-08 -2.174317e-09  6.166435e-08  3.294247e-09
 [10,]  8.846136e-08  1.012270e-07  1.518435e-08 -4.306300e-07 -2.300613e-08
 [11,]  1.491373e-07  1.706595e-07  2.559958e-08 -7.260058e-07 -3.878642e-08
 [12,]  1.706595e-07  1.952860e-07  2.929316e-08 -8.307613e-07 -4.438275e-08
 [13,]  2.559958e-08  2.929316e-08  4.393858e-09 -1.246126e-07 -6.657260e-09
 [14,] -7.260058e-07 -8.307613e-07 -1.246126e-07  3.534073e-06  1.888038e-07
 [15,] -3.878642e-08 -4.438275e-08 -6.657260e-09  1.888038e-07  1.008650e-08
 [16,] -3.740675e-07 -2.431836e-07  1.960249e-08  5.838862e-08 -2.966065e-08
 [17,]  4.697742e-07  3.050617e-07 -2.476623e-08 -7.016422e-08  3.752472e-08
 [18,] -2.301127e-07 -1.495796e-07  1.205554e-08  3.590989e-08 -1.832999e-08
 [19,] -3.937514e-07 -2.558294e-07  2.069181e-08  6.017483e-08 -3.139125e-08
 [20,]  7.716290e-07  5.014305e-07 -4.055830e-08 -1.180529e-07  6.116229e-08
 [21,]  4.446336e-07  2.889128e-07 -2.335657e-08 -6.815440e-08  3.542035e-08
 [22,] -4.412275e-08 -2.868448e-08  2.312192e-09  6.887171e-09 -3.498592e-09
 [23,]  9.841571e-08  6.378634e-08 -5.238215e-09 -1.361295e-08  7.982189e-09
 [24,]  6.935709e-08  4.510475e-08 -3.656749e-09 -1.055301e-08  5.307065e-09
 [25,] -3.813632e-07 -2.476305e-07  2.004715e-08  5.773851e-08 -3.089158e-08
 [26,] -7.871624e-07 -5.113788e-07  4.141076e-08  1.194727e-07 -6.268107e-08
 [27,] -5.113788e-07 -3.321765e-07  2.692140e-08  7.722211e-08 -4.074273e-08
 [28,]  4.141076e-08  2.692140e-08 -2.170074e-09 -6.463854e-09  3.283552e-09
 [29,]  1.194727e-07  7.722211e-08 -6.463854e-09 -1.437843e-08  9.780810e-09
 [30,] -6.268107e-08 -4.074273e-08  3.283552e-09  9.780810e-09 -5.000603e-09
 [31,]  1.842242e-07  1.233183e-07 -1.364963e-08  3.490585e-08  2.063143e-08
 [32,] -2.639422e-07 -1.848003e-07  1.017953e-08  1.264846e-07 -1.541701e-08
 [33,]  1.133533e-07  7.572362e-08 -8.384859e-09  2.154142e-08  1.268539e-08
 [34,]  2.084953e-07  1.463067e-07 -1.189988e-08 -3.327827e-08  1.802337e-08
 [35,] -3.850964e-07 -2.377918e-07  1.964034e-08  4.883536e-08 -2.970714e-08
               [,91]         [,92]         [,93]         [,94]         [,95]
  [1,]  1.188499e-05 -2.773238e-06  7.316640e-06  1.251812e-05 -1.310710e-06
  [2,] -2.773238e-06  6.558267e-07 -1.707261e-06 -2.928869e-06  3.054917e-07
  [3,]  7.316640e-06 -1.707261e-06  4.504270e-06  7.706406e-06 -8.068992e-07
  [4,]  1.251812e-05 -2.928869e-06  7.706406e-06  1.319431e-05 -1.378942e-06
  [5,] -1.310710e-06  3.054917e-07 -8.068992e-07 -1.378942e-06  1.583372e-07
  [6,] -1.056811e-06  2.471624e-07 -6.505942e-07 -1.113936e-06  1.145642e-07
  [7,]  1.403058e-06 -3.261994e-07  8.637507e-07  1.475745e-06 -1.553165e-07
  [8,] -3.137572e-06  7.381015e-07 -1.931552e-06 -3.308704e-06  3.458697e-07
  [9,] -1.260454e-05  2.947357e-06 -7.759606e-06 -1.328224e-05  1.385787e-06
 [10,] -4.480251e-06  1.045043e-06 -2.758132e-06 -4.718886e-06  4.595832e-07
 [11,] -7.663961e-06  1.787637e-06 -4.718088e-06 -8.072228e-06  8.434220e-07
 [12,] -8.769979e-06  2.045879e-06 -5.398975e-06 -9.237165e-06  9.657422e-07
 [13,] -1.315716e-06  3.070086e-07 -8.099814e-07 -1.385806e-06  1.451008e-07
 [14,] -3.809725e-06  9.098002e-07 -2.345343e-06 -4.033902e-06  4.172936e-07
 [15,]  1.159647e-05 -2.711852e-06  7.139021e-06  1.222153e-05 -1.277200e-06
 [16,]  1.860282e-05 -2.182264e-05  1.145227e-05  1.959871e-05 -3.580785e-05
 [17,] -2.182264e-05  2.708659e-05 -1.343445e-05 -2.299895e-05  4.442596e-05
 [18,]  1.145227e-05 -1.343445e-05  7.050251e-06  1.206536e-05 -2.204400e-05
 [19,]  1.959871e-05 -2.299895e-05  1.206536e-05  2.065246e-05 -3.773611e-05
 [20,] -3.580785e-05  4.442596e-05 -2.204400e-05 -3.773611e-05  7.297055e-05
 [21,] -2.034465e-05  2.555830e-05 -1.252457e-05 -2.145176e-05  4.189465e-05
 [22,]  2.194280e-06 -2.574068e-06  1.350842e-06  2.311750e-06 -4.223680e-06
 [23,] -4.884616e-06  5.757233e-06 -3.007071e-06 -5.146113e-06  9.463022e-06
 [24,] -4.658572e-06  4.311318e-06 -2.867887e-06 -4.907537e-06  7.070510e-06
 [25,]  1.811490e-05 -2.212206e-05  1.115195e-05  1.909066e-05 -3.654896e-05
 [26,]  3.497391e-05 -4.498746e-05  2.153063e-05  3.685727e-05 -7.376060e-05
 [27,]  2.226561e-05 -2.912741e-05  1.370715e-05  2.346606e-05 -4.773559e-05
 [28,] -2.059407e-06  2.415854e-06 -1.267812e-06 -2.169656e-06  3.964072e-06
 [29,] -5.986582e-06  7.022781e-06 -3.685458e-06 -6.307082e-06  1.152336e-05
 [30,]  4.368694e-06 -3.948501e-06  2.689458e-06  4.595794e-06 -6.493190e-06
 [31,] -5.217735e-06  6.558776e-06 -3.212273e-06 -5.493043e-06  1.076272e-05
 [32,]  6.558776e-06 -8.251620e-06  4.037754e-06  6.912612e-06 -1.353319e-05
 [33,] -3.212273e-06  4.037754e-06 -1.977327e-06 -3.381660e-06  6.625651e-06
 [34,] -5.493043e-06  6.912612e-06 -3.381660e-06 -5.789760e-06  1.133696e-05
 [35,]  1.076272e-05 -1.353319e-05  6.625651e-06  1.133696e-05 -2.220119e-05
               [,96]         [,97]         [,98]         [,99]        [,100]
  [1,] -1.056811e-06  1.403058e-06 -3.137572e-06 -1.260454e-05 -4.480251e-06
  [2,]  2.471624e-07 -3.261994e-07  7.381015e-07  2.947357e-06  1.045043e-06
  [3,] -6.505942e-07  8.637507e-07 -1.931552e-06 -7.759606e-06 -2.758132e-06
  [4,] -1.113936e-06  1.475745e-06 -3.308704e-06 -1.328224e-05 -4.718886e-06
  [5,]  1.145642e-07 -1.553165e-07  3.458697e-07  1.385787e-06  4.595832e-07
  [6,]  9.501983e-08 -1.243047e-07  2.788346e-07  1.121509e-06  4.043136e-07
  [7,] -1.243047e-07  1.664190e-07 -3.701407e-07 -1.486737e-06 -5.286553e-07
  [8,]  2.788346e-07 -3.701407e-07  8.346755e-07  3.332607e-06  1.183661e-06
  [9,]  1.121509e-06 -1.486737e-06  3.332607e-06  1.337413e-05  4.760379e-06
 [10,]  4.043136e-07 -5.286553e-07  1.183661e-06  4.760379e-06  1.782090e-06
 [11,]  6.809672e-07 -9.043492e-07  2.024394e-06  8.129687e-06  2.891233e-06
 [12,]  7.795173e-07 -1.034900e-06  2.316686e-06  9.302672e-06  3.308215e-06
 [13,]  1.169932e-07 -1.553242e-07  3.473418e-07  1.395373e-06  4.959817e-07
 [14,]  3.398131e-07 -4.460875e-07  1.019078e-06  4.056441e-06  1.436057e-06
 [15,] -1.031553e-06  1.367394e-06 -3.064517e-06 -1.230364e-05 -4.371790e-06
 [16,] -2.034465e-05  2.194280e-06 -4.884616e-06 -4.658572e-06  1.811490e-05
 [17,]  2.555830e-05 -2.574068e-06  5.757233e-06  4.311318e-06 -2.212206e-05
 [18,] -1.252457e-05  1.350842e-06 -3.007071e-06 -2.867887e-06  1.115195e-05
 [19,] -2.145176e-05  2.311750e-06 -5.146113e-06 -4.907537e-06  1.909066e-05
 [20,]  4.189465e-05 -4.223680e-06  9.463022e-06  7.070510e-06 -3.654896e-05
 [21,]  2.419670e-05 -2.399731e-06  5.374558e-06  3.798153e-06 -2.075596e-05
 [22,] -2.399731e-06  2.588262e-07 -5.761569e-07 -5.494960e-07  2.136727e-06
 [23,]  5.374558e-06 -5.761569e-07  1.329836e-06  1.220082e-06 -4.754881e-06
 [24,]  3.798153e-06 -5.494960e-07  1.220082e-06  2.081595e-06 -3.792357e-06
 [25,] -2.075596e-05  2.136727e-06 -4.754881e-06 -3.792357e-06  1.889129e-05
 [26,] -4.273542e-05  4.125316e-06 -9.230932e-06 -5.662832e-06  3.638582e-05
 [27,] -2.775675e-05  2.626322e-06 -5.840628e-06 -3.208414e-06  2.346652e-05
 [28,]  2.252234e-06 -2.429156e-07  5.407465e-07  5.157226e-07 -2.005392e-06
 [29,]  6.547129e-06 -7.061421e-07  1.571936e-06  1.499180e-06 -5.829578e-06
 [30,] -3.437784e-06  5.153075e-07 -1.122289e-06 -2.004823e-06  3.565523e-06
 [31,]  6.205015e-06 -6.155709e-07  1.379648e-06  9.601880e-07 -5.335160e-06
 [32,] -7.804256e-06  7.735236e-07 -1.733703e-06 -1.209547e-06  6.713107e-06
 [33,]  3.819980e-06 -3.789731e-07  8.493736e-07  5.910272e-07 -3.284422e-06
 [34,]  6.537612e-06 -6.478017e-07  1.452230e-06  1.012116e-06 -5.624040e-06
 [35,] -1.280092e-05  1.269580e-06 -2.845410e-06 -1.983992e-06  1.100813e-05
              [,101]        [,102]        [,103]        [,104]        [,105]
  [1,] -7.663961e-06 -8.769979e-06 -1.315716e-06 -3.809725e-06  1.159647e-05
  [2,]  1.787637e-06  2.045879e-06  3.070086e-07  9.098002e-07 -2.711852e-06
  [3,] -4.718088e-06 -5.398975e-06 -8.099814e-07 -2.345343e-06  7.139021e-06
  [4,] -8.072228e-06 -9.237165e-06 -1.385806e-06 -4.033902e-06  1.222153e-05
  [5,]  8.434220e-07  9.657422e-07  1.451008e-07  4.172936e-07 -1.277200e-06
  [6,]  6.809672e-07  7.795173e-07  1.169932e-07  3.398131e-07 -1.031553e-06
  [7,] -9.043492e-07 -1.034900e-06 -1.553242e-07 -4.460875e-07  1.367394e-06
  [8,]  2.024394e-06  2.316686e-06  3.473418e-07  1.019078e-06 -3.064517e-06
  [9,]  8.129687e-06  9.302672e-06  1.395373e-06  4.056441e-06 -1.230364e-05
 [10,]  2.891233e-06  3.308215e-06  4.959817e-07  1.436057e-06 -4.371790e-06
 [11,]  4.945653e-06  5.658648e-06  8.484311e-07  2.456675e-06 -7.478539e-06
 [12,]  5.658648e-06  6.474862e-06  9.708718e-07  2.811208e-06 -8.557571e-06
 [13,]  8.484311e-07  9.708718e-07  1.456551e-07  4.217518e-07 -1.283776e-06
 [14,]  2.456675e-06  2.811208e-06  4.217518e-07  1.274364e-06 -3.733851e-06
 [15,] -7.478539e-06 -8.557571e-06 -1.283776e-06 -3.733851e-06  1.132085e-05
 [16,]  3.497391e-05  2.226561e-05 -2.059407e-06 -5.986582e-06  4.368694e-06
 [17,] -4.498746e-05 -2.912741e-05  2.415854e-06  7.022781e-06 -3.948501e-06
 [18,]  2.153063e-05  1.370715e-05 -1.267812e-06 -3.685458e-06  2.689458e-06
 [19,]  3.685727e-05  2.346606e-05 -2.169656e-06 -6.307082e-06  4.595794e-06
 [20,] -7.376060e-05 -4.773559e-05  3.964072e-06  1.152336e-05 -6.493190e-06
 [21,] -4.273542e-05 -2.775675e-05  2.252234e-06  6.547129e-06 -3.437784e-06
 [22,]  4.125316e-06  2.626322e-06 -2.429156e-07 -7.061421e-07  5.153075e-07
 [23,] -9.230932e-06 -5.840628e-06  5.407465e-07  1.571936e-06 -1.122289e-06
 [24,] -5.662832e-06 -3.208414e-06  5.157226e-07  1.499180e-06 -2.004823e-06
 [25,]  3.638582e-05  2.346652e-05 -2.005392e-06 -5.829578e-06  3.565523e-06
 [26,]  7.634103e-05  4.992500e-05 -3.871751e-06 -1.125500e-05  5.082665e-06
 [27,]  4.992500e-05  3.282980e-05 -2.464892e-06 -7.165327e-06  2.853970e-06
 [28,] -3.871751e-06 -2.464892e-06  2.279846e-07  6.627385e-07 -4.836319e-07
 [29,] -1.125500e-05 -7.165327e-06  6.627385e-07  1.926583e-06 -1.405892e-06
 [30,]  5.082665e-06  2.853970e-06 -4.836319e-07 -1.405892e-06  1.956936e-06
 [31,] -1.098206e-05 -7.134412e-06  5.776241e-07  1.663609e-06 -8.703781e-07
 [32,]  1.381752e-05  8.978023e-06 -7.260828e-07 -2.112617e-06  1.100421e-06
 [33,] -6.760833e-06 -4.392266e-06  3.556115e-07  1.024193e-06 -5.358442e-07
 [34,] -1.157600e-05 -7.522003e-06  6.081018e-07  1.770029e-06 -9.207021e-07
 [35,]  2.265884e-05  1.472105e-05 -1.191477e-06 -3.448560e-06  1.801542e-06
              [,106]        [,107]        [,108]        [,109]        [,110]
  [1,] -1.379310e-05 -3.591892e-06 -8.491337e-06 -1.707697e-05 -1.877695e-06
  [2,] -3.591892e-06 -9.340833e-06 -2.211260e-06 -7.078853e-06 -4.350491e-06
  [3,] -8.491337e-06 -2.211260e-06 -5.227390e-06 -1.051290e-05 -1.155938e-06
  [4,] -1.707697e-05 -7.078853e-06 -1.051290e-05 -1.798538e-05 -1.683463e-06
  [5,] -1.877695e-06 -4.350491e-06 -1.155938e-06 -1.683463e-06 -1.173611e-06
  [6,] -1.970130e-06 -4.221484e-06 -1.212847e-06 -1.615095e-06 -9.354698e-07
  [7,] -5.856837e-06 -6.478061e-06 -3.605590e-06 -6.488827e-06 -1.948732e-06
  [8,] -1.097006e-05 -2.036775e-05 -6.753382e-06 -1.442492e-05 -7.234008e-06
  [9,]  1.552457e-05  4.818604e-06  9.557234e-06  1.622472e-05  9.152150e-07
 [10,] -3.791395e-06 -1.149565e-05 -2.334048e-06 -3.022694e-06 -3.025835e-06
 [11,]  8.755913e-06  2.230246e-06  5.390302e-06  1.083709e-05  1.103298e-06
 [12,]  9.952410e-06  2.530933e-06  6.126868e-06  1.233829e-05  1.232602e-06
 [13,]  1.526951e-06  3.976368e-07  9.400250e-07  1.890489e-06  2.078684e-07
 [14,]  1.284619e-05  1.208735e-05  7.908378e-06  5.596063e-06 -3.286054e-07
 [15,] -2.061560e-05 -1.338980e-05 -1.269136e-05 -2.211873e-05 -3.755136e-06
 [16,]  1.590017e-06 -3.647795e-07  9.788459e-07  1.672533e-06 -3.515105e-07
 [17,] -3.647795e-07  9.153257e-08 -2.245648e-07 -3.882650e-07  8.270376e-08
 [18,]  9.788459e-07 -2.245648e-07  6.025980e-07  1.029645e-06 -2.163962e-07
 [19,]  1.672533e-06 -3.882650e-07  1.029645e-06  1.762413e-06 -3.700977e-07
 [20,] -3.515105e-07  8.270376e-08 -2.163962e-07 -3.700977e-07  1.531617e-07
 [21,] -1.070376e-07  2.472414e-08 -6.589410e-08 -1.122786e-07  1.073394e-08
 [22,]  1.875490e-07 -4.302720e-08  1.154587e-07  1.972819e-07 -4.146210e-08
 [23,] -4.161265e-07  1.018619e-07 -2.561759e-07 -4.419065e-07  9.263462e-08
 [24,] -1.635677e-06  3.824382e-07 -1.006956e-06 -1.723787e-06  3.488041e-07
 [25,] -1.000213e-07  2.436613e-08 -6.157543e-08 -1.042596e-07 -1.729511e-07
 [26,] -1.018096e-06  2.365255e-07 -6.267604e-07 -1.070922e-06  2.296247e-07
 [27,] -1.159746e-06  2.714855e-07 -7.139635e-07 -1.219911e-06  2.643954e-07
 [28,] -1.760213e-07  4.038255e-08 -1.083622e-07 -1.851561e-07  3.891362e-08
 [29,] -5.017748e-07  1.302964e-07 -3.089024e-07 -5.380649e-07  1.120482e-07
 [30,]  1.554948e-06 -3.582193e-07  9.572570e-07  1.638037e-06 -3.410506e-07
 [31,]  1.637876e-07  1.690540e-07  2.776234e-09  5.498485e-09  4.987639e-08
 [32,]  1.690540e-07  2.122545e-07  8.938107e-08  7.079610e-09 -8.143272e-09
 [33,]  2.776234e-09  8.938107e-08  1.604449e-07  1.633569e-09 -1.099869e-07
 [34,]  5.498485e-09  7.079610e-09  1.633569e-09 -5.645074e-09 -8.728515e-10
 [35,]  4.987639e-08 -8.143272e-09 -1.099869e-07 -8.728515e-10  8.602128e-08
              [,111]        [,112]        [,113]        [,114]        [,115]
  [1,] -1.970130e-06 -5.856837e-06 -1.097006e-05  1.552457e-05 -3.791395e-06
  [2,] -4.221484e-06 -6.478061e-06 -2.036775e-05  4.818604e-06 -1.149565e-05
  [3,] -1.212847e-06 -3.605590e-06 -6.753382e-06  9.557234e-06 -2.334048e-06
  [4,] -1.615095e-06 -6.488827e-06 -1.442492e-05  1.622472e-05 -3.022694e-06
  [5,] -9.354698e-07 -1.948732e-06 -7.234008e-06  9.152150e-07 -3.025835e-06
  [6,] -3.389969e-07 -1.717288e-06 -6.408257e-06  8.815848e-07 -2.384167e-06
  [7,] -1.717288e-06 -4.010651e-06 -1.215448e-05  5.146618e-06 -4.787577e-06
  [8,] -6.408257e-06 -1.215448e-05 -3.927566e-05  1.017608e-05 -1.875510e-05
  [9,]  8.815848e-07  5.146618e-06  1.017608e-05 -1.495642e-05  1.063668e-06
 [10,] -2.384167e-06 -4.787577e-06 -1.875510e-05  1.063668e-06 -7.829540e-06
 [11,]  1.262715e-06  3.760962e-06  6.999883e-06 -9.970806e-06  2.288540e-06
 [12,]  1.444594e-06  4.295739e-06  8.012732e-06 -1.140620e-05  2.553917e-06
 [13,]  2.181012e-07  6.483753e-07  1.214430e-06 -1.718632e-06  4.197226e-07
 [14,] -8.890844e-07  2.907133e-06  1.312386e-05 -4.540896e-06 -1.996276e-06
 [15,] -3.511028e-06 -1.000023e-05 -2.615298e-05  1.905786e-05 -8.314991e-06
 [16,] -1.070376e-07  1.875490e-07 -4.161265e-07 -1.635677e-06 -1.000213e-07
 [17,]  2.472414e-08 -4.302720e-08  1.018619e-07  3.824382e-07  2.436613e-08
 [18,] -6.589410e-08  1.154587e-07 -2.561759e-07 -1.006956e-06 -6.157543e-08
 [19,] -1.122786e-07  1.972819e-07 -4.419065e-07 -1.723787e-06 -1.042596e-07
 [20,]  1.073394e-08 -4.146210e-08  9.263462e-08  3.488041e-07 -1.729511e-07
 [21,]  1.100196e-08 -1.262564e-08  2.755037e-08  1.137951e-07  4.500172e-08
 [22,] -1.262564e-08  2.212219e-08 -4.908373e-08 -1.929346e-07 -1.179793e-08
 [23,]  2.755037e-08 -4.908373e-08  1.148757e-07  4.325503e-07  2.508602e-08
 [24,]  1.137951e-07 -1.929346e-07  4.325503e-07  1.696561e-06  1.549468e-07
 [25,]  4.500172e-08 -1.179793e-08  2.508602e-08  1.549468e-07  5.584031e-07
 [26,]  7.017106e-08 -1.200885e-07  2.667202e-07  1.054104e-06  7.210201e-08
 [27,]  8.130831e-08 -1.367968e-07  3.038759e-07  1.206102e-06  8.787966e-08
 [28,]  1.184949e-08 -2.076242e-08  4.606687e-08  1.810760e-07  1.107276e-08
 [29,]  3.262610e-08 -5.918636e-08  1.452992e-07  5.269217e-07  2.839662e-08
 [30,] -1.030985e-07  1.834123e-07 -4.100997e-07 -1.597081e-06 -9.143805e-08
 [31,] -4.818669e-08  1.831417e-08  1.394404e-07  3.970603e-08 -6.742536e-08
 [32,] -3.676636e-08  1.901940e-08  1.933019e-07  1.497149e-08 -6.810391e-08
 [33,]  2.223931e-08 -2.901427e-10  1.117682e-07 -4.347180e-08 -4.020242e-09
 [34,] -1.726877e-09  1.674611e-09  1.777776e-09  3.417218e-09 -4.146972e-09
 [35,] -3.104068e-08  6.510058e-09 -3.296242e-08  4.432346e-08 -2.117156e-08
              [,116]        [,117]        [,118]        [,119]        [,120]
  [1,]  8.755913e-06  9.952410e-06  1.526951e-06  1.284619e-05 -2.061560e-05
  [2,]  2.230246e-06  2.530933e-06  3.976368e-07  1.208735e-05 -1.338980e-05
  [3,]  5.390302e-06  6.126868e-06  9.400250e-07  7.908378e-06 -1.269136e-05
  [4,]  1.083709e-05  1.233829e-05  1.890489e-06  5.596063e-06 -2.211873e-05
  [5,]  1.103298e-06  1.232602e-06  2.078684e-07 -3.286054e-07 -3.755136e-06
  [6,]  1.262715e-06  1.444594e-06  2.181012e-07 -8.890844e-07 -3.511028e-06
  [7,]  3.760962e-06  4.295739e-06  6.483753e-07  2.907133e-06 -1.000023e-05
  [8,]  6.999883e-06  8.012732e-06  1.214430e-06  1.312386e-05 -2.615298e-05
  [9,] -9.970806e-06 -1.140620e-05 -1.718632e-06 -4.540896e-06  1.905786e-05
 [10,]  2.288540e-06  2.553917e-06  4.197226e-07 -1.996276e-06 -8.314991e-06
 [11,] -5.744897e-06 -6.612834e-06 -9.693146e-07 -8.240311e-06  1.302339e-05
 [12,] -6.612834e-06 -7.658048e-06 -1.101772e-06 -9.407775e-06  1.478937e-05
 [13,] -9.693146e-07 -1.101772e-06 -1.690396e-07 -1.422124e-06  2.282229e-06
 [14,] -8.240311e-06 -9.407775e-06 -1.422124e-06  2.227265e-05  8.007301e-06
 [15,]  1.302339e-05  1.478937e-05  2.282229e-06  8.007301e-06 -2.966286e-05
 [16,] -1.018096e-06 -1.159746e-06 -1.760213e-07 -5.017748e-07  1.554948e-06
 [17,]  2.365255e-07  2.714855e-07  4.038255e-08  1.302964e-07 -3.582193e-07
 [18,] -6.267604e-07 -7.139635e-07 -1.083622e-07 -3.089024e-07  9.572570e-07
 [19,] -1.070922e-06 -1.219911e-06 -1.851561e-07 -5.380649e-07  1.638037e-06
 [20,]  2.296247e-07  2.643954e-07  3.891362e-08  1.120482e-07 -3.410506e-07
 [21,]  7.017106e-08  8.130831e-08  1.184949e-08  3.262610e-08 -1.030985e-07
 [22,] -1.200885e-07 -1.367968e-07 -2.076242e-08 -5.918636e-08  1.834123e-07
 [23,]  2.667202e-07  3.038759e-07  4.606687e-08  1.452992e-07 -4.100997e-07
 [24,]  1.054104e-06  1.206102e-06  1.810760e-07  5.269217e-07 -1.597081e-06
 [25,]  7.210201e-08  8.787966e-08  1.107276e-08  2.839662e-08 -9.143805e-08
 [26,]  6.607260e-07  7.581663e-07  1.127073e-07  3.212427e-07 -9.898892e-07
 [27,]  7.581663e-07  8.747473e-07  1.283886e-07  3.659050e-07 -1.123255e-06
 [28,]  1.127073e-07  1.283886e-07  1.948626e-08  5.554848e-08 -1.721389e-07
 [29,]  3.212427e-07  3.659050e-07  5.554848e-08  1.925912e-07 -4.987371e-07
 [30,] -9.898892e-07 -1.123255e-06 -1.721389e-07 -4.987371e-07  1.526716e-06
 [31,] -6.132332e-08 -3.567298e-08 -1.813194e-08  3.681487e-07  3.391056e-08
 [32,] -1.041773e-07 -1.159962e-07 -1.871495e-08  5.075029e-07  3.359329e-08
 [33,] -8.242488e-08 -1.561643e-07 -3.073402e-10  2.581948e-07  4.424622e-09
 [34,] -4.560462e-09 -5.604835e-09 -6.087043e-10  2.021067e-08 -2.235259e-09
 [35,]  3.544972e-08  9.277863e-08 -5.521515e-09 -5.573095e-08  6.264253e-09
              [,121]        [,122]        [,123]        [,124]        [,125]
  [1,]  1.335671e-07 -6.107724e-07  8.222676e-08  1.415057e-07 -5.184360e-07
  [2,] -6.107724e-07 -3.926840e-07 -3.760039e-07 -6.428688e-07 -3.699918e-07
  [3,]  8.222676e-08 -3.760039e-07  5.062012e-08  8.711359e-08 -3.191597e-07
  [4,]  1.415057e-07 -6.428688e-07  8.711359e-08  1.485044e-07 -5.466849e-07
  [5,] -5.184360e-07 -3.699918e-07 -3.191597e-07 -5.466849e-07 -3.575107e-07
  [6,] -7.277469e-08  1.632942e-08 -4.480147e-08 -7.657310e-08  7.169022e-09
  [7,]  1.255647e-08 -7.227795e-08  7.728962e-09  1.369748e-08 -5.947069e-08
  [8,] -5.939349e-07 -4.165083e-07 -3.656383e-07 -6.258482e-07 -3.678741e-07
  [9,] -5.621287e-07  4.181994e-07 -3.460577e-07 -5.923695e-07  2.901257e-07
 [10,] -8.918369e-07 -3.837646e-07 -5.490327e-07 -9.400804e-07 -4.195175e-07
 [11,] -9.638824e-07 -3.144494e-07 -5.933854e-07 -1.016198e-06 -3.447809e-07
 [12,] -1.358627e-06 -4.745249e-07 -8.363982e-07 -1.432239e-06 -5.430670e-07
 [13,] -1.478641e-08  6.761494e-08 -9.102831e-09 -1.566525e-08  5.739294e-08
 [14,] -4.457171e-08  1.949047e-07 -2.743930e-08 -4.447961e-08  1.675226e-07
 [15,] -3.485702e-07 -9.506057e-07 -2.145869e-07 -3.676703e-07 -8.636582e-07
 [16,] -4.312961e-08  1.811726e-08 -2.654906e-08 -4.544968e-08  1.818219e-08
 [17,]  1.811726e-08 -2.159599e-09  1.114881e-08  1.909119e-08 -5.491019e-10
 [18,] -2.654906e-08  1.114881e-08 -1.634801e-08 -2.797721e-08  1.118936e-08
 [19,] -4.544968e-08  1.909119e-08 -2.797721e-08 -4.789353e-08  1.915965e-08
 [20,]  1.818219e-08 -5.491019e-10  1.118936e-08  1.915965e-08  2.624495e-10
 [21,]  5.625536e-09 -1.257919e-09  3.463581e-09  5.928856e-09 -4.142153e-10
 [22,] -5.130659e-09  2.136041e-09 -3.158254e-09 -5.406651e-09  2.167190e-09
 [23,]  1.119975e-08 -2.975729e-09  6.894157e-09  1.180249e-08 -3.449148e-09
 [24,]  6.402729e-08 -1.528952e-08  3.941756e-08  6.746951e-08 -1.022984e-08
 [25,]  3.121266e-08  9.218647e-10  1.921758e-08  3.289134e-08  1.045796e-08
 [26,]  4.726266e-08 -6.779696e-09  2.909693e-08  4.980202e-08 -2.279293e-09
 [27,]  6.823469e-08 -4.963264e-09  4.200992e-08  7.190192e-08  3.734736e-09
 [28,]  4.774621e-09 -2.005654e-09  2.939087e-09  5.031462e-09 -2.012841e-09
 [29,]  1.387896e-08 -5.831143e-09  8.543397e-09  1.462620e-08 -5.851161e-09
 [30,] -2.723681e-08  2.056291e-08 -1.676712e-08 -2.870340e-08  2.415676e-08
 [31,]  5.125344e-09  4.402380e-09  3.344746e-09 -4.035535e-09  3.237932e-10
 [32,]  4.402380e-09  4.233928e-09  2.511680e-09 -3.543021e-09  7.879862e-10
 [33,]  3.344746e-09  2.511680e-09  1.752350e-09 -2.365763e-09  1.299127e-10
 [34,] -4.035535e-09 -3.543021e-09 -2.365763e-09  3.965279e-09 -1.490786e-09
 [35,]  3.237932e-10  7.879862e-10  1.299127e-10 -1.490786e-09  1.740584e-09
              [,126]        [,127]        [,128]        [,129]        [,130]
  [1,] -7.277469e-08  1.255647e-08 -5.939349e-07 -5.621287e-07 -8.918369e-07
  [2,]  1.632942e-08 -7.227795e-08 -4.165083e-07  4.181994e-07 -3.837646e-07
  [3,] -4.480147e-08  7.728962e-09 -3.656383e-07 -3.460577e-07 -5.490327e-07
  [4,] -7.657310e-08  1.369748e-08 -6.258482e-07 -5.923695e-07 -9.400804e-07
  [5,]  7.169022e-09 -5.947069e-08 -3.678741e-07  2.901257e-07 -4.195175e-07
  [6,]  4.546752e-09 -1.003875e-08  1.931132e-08  6.679057e-08  1.748430e-08
  [7,] -1.003875e-08 -1.032301e-09 -7.347446e-08 -6.766154e-08 -1.082132e-07
  [8,]  1.931132e-08 -7.347446e-08 -4.847366e-07  4.675649e-07 -3.355921e-07
  [9,]  6.679057e-08 -6.766154e-08  4.675649e-07  6.901681e-07  5.171318e-07
 [10,]  1.748430e-08 -1.082132e-07 -3.355921e-07  5.171318e-07 -5.191918e-07
 [11,]  3.768380e-08 -1.182707e-07 -3.102113e-07  7.218087e-07 -3.230274e-07
 [12,]  3.779090e-08 -1.648276e-07 -4.061120e-07  8.665751e-07 -6.312760e-07
 [13,]  8.056450e-09 -1.390051e-09  6.575097e-08  6.222989e-08  9.872991e-08
 [14,]  2.326412e-08 -4.900898e-09  1.908110e-07  1.809180e-07  2.876106e-07
 [15,] -7.519953e-08 -4.394341e-08 -8.992087e-07 -3.735803e-07 -1.361522e-06
 [16,]  5.625536e-09 -5.130659e-09  1.119975e-08  6.402729e-08  3.121266e-08
 [17,] -1.257919e-09  2.136041e-09 -2.975729e-09 -1.528952e-08  9.218647e-10
 [18,]  3.463581e-09 -3.158254e-09  6.894157e-09  3.941756e-08  1.921758e-08
 [19,]  5.928856e-09 -5.406651e-09  1.180249e-08  6.746951e-08  3.289134e-08
 [20,] -4.142153e-10  2.167190e-09 -3.449148e-09 -1.022984e-08  1.045796e-08
 [21,] -8.200691e-10  6.433467e-10 -1.371242e-09 -4.994590e-09 -9.706983e-10
 [22,]  6.433467e-10 -6.392033e-10  1.271256e-09  7.532619e-09  3.637297e-09
 [23,] -1.371242e-09  1.271256e-09 -3.193672e-09 -1.723257e-08 -8.458790e-09
 [24,] -4.994590e-09  7.532619e-09 -1.723257e-08 -6.622099e-08 -1.445995e-08
 [25,] -9.706983e-10  3.637297e-09 -8.458790e-09 -1.445995e-08  3.115520e-09
 [26,] -2.703657e-09  5.507365e-09 -1.199395e-08 -4.082839e-08 -2.354495e-10
 [27,] -2.316945e-09  7.980927e-09 -1.833381e-08 -4.575593e-08  1.421437e-08
 [28,] -6.227693e-10  5.679844e-10 -1.239857e-09 -7.088077e-09 -3.455366e-09
 [29,] -1.810245e-09  1.651029e-09 -3.604916e-09 -2.060472e-08 -1.004434e-08
 [30,]  6.002575e-09 -3.255004e-09  8.022974e-09  6.285376e-08  4.567693e-08
 [31,] -1.506180e-09  5.925053e-10 -1.184383e-10  1.568101e-09 -2.104392e-09
 [32,] -1.145966e-09  5.390195e-10  8.768904e-10  1.547479e-09 -1.551881e-09
 [33,] -9.502831e-10  3.874879e-10 -1.230237e-10  1.070396e-09 -1.212221e-09
 [34,]  1.381584e-09 -5.340984e-10  1.013951e-09 -1.863232e-09  1.392527e-09
 [35,] -3.677151e-10  4.220127e-11 -8.688782e-10  7.977991e-10  3.035207e-11
              [,131]        [,132]        [,133]        [,134]        [,135]
  [1,] -9.638824e-07 -1.358627e-06 -1.478641e-08 -4.457171e-08 -3.485702e-07
  [2,] -3.144494e-07 -4.745249e-07  6.761494e-08  1.949047e-07 -9.506057e-07
  [3,] -5.933854e-07 -8.363982e-07 -9.102831e-09 -2.743930e-08 -2.145869e-07
  [4,] -1.016198e-06 -1.432239e-06 -1.566525e-08 -4.447961e-08 -3.676703e-07
  [5,] -3.447809e-07 -5.430670e-07  5.739294e-08  1.675226e-07 -8.636582e-07
  [6,]  3.768380e-08  3.779090e-08  8.056450e-09  2.326412e-08 -7.519953e-08
  [7,] -1.182707e-07 -1.648276e-07 -1.390051e-09 -4.900898e-09 -4.394341e-08
  [8,] -3.102113e-07 -4.061120e-07  6.575097e-08  1.908110e-07 -8.992087e-07
  [9,]  7.218087e-07  8.665751e-07  6.222989e-08  1.809180e-07 -3.735803e-07
 [10,] -3.230274e-07 -6.312760e-07  9.872991e-08  2.876106e-07 -1.361522e-06
 [11,] -1.439632e-07 -3.268869e-07  1.067056e-07  3.112124e-07 -1.333479e-06
 [12,] -3.268869e-07 -7.237652e-07  1.504055e-07  4.383935e-07 -1.982935e-06
 [13,]  1.067056e-07  1.504055e-07  1.636915e-09  4.934266e-09  3.858811e-08
 [14,]  3.112124e-07  4.383935e-07  4.934266e-09  9.114866e-09  1.127659e-07
 [15,] -1.333479e-06 -1.982935e-06  3.858811e-08  1.127659e-07 -1.196292e-06
 [16,]  4.726266e-08  6.823469e-08  4.774621e-09  1.387896e-08 -2.723681e-08
 [17,] -6.779696e-09 -4.963264e-09 -2.005654e-09 -5.831143e-09  2.056291e-08
 [18,]  2.909693e-08  4.200992e-08  2.939087e-09  8.543397e-09 -1.676712e-08
 [19,]  4.980202e-08  7.190192e-08  5.031462e-09  1.462620e-08 -2.870340e-08
 [20,] -2.279293e-09  3.734736e-09 -2.012841e-09 -5.851161e-09  2.415676e-08
 [21,] -2.703657e-09 -2.316945e-09 -6.227693e-10 -1.810245e-09  6.002575e-09
 [22,]  5.507365e-09  7.980927e-09  5.679844e-10  1.651029e-09 -3.255004e-09
 [23,] -1.199395e-08 -1.833381e-08 -1.239857e-09 -3.604916e-09  8.022974e-09
 [24,] -4.082839e-08 -4.575593e-08 -7.088077e-09 -2.060472e-08  6.285376e-08
 [25,] -2.354495e-10  1.421437e-08 -3.455366e-09 -1.004434e-08  4.567693e-08
 [26,] -2.096851e-08 -1.742453e-08 -5.232165e-09 -1.520924e-08  5.330387e-08
 [27,] -1.742453e-08 -5.669512e-10 -7.553853e-09 -2.195822e-08  8.694790e-08
 [28,] -5.232165e-09 -7.553853e-09 -5.285696e-10 -1.536457e-09  3.015223e-09
 [29,] -1.520924e-08 -2.195822e-08 -1.536457e-09 -4.468352e-09  8.765000e-09
 [30,]  5.330387e-08  8.694790e-08  3.015223e-09  8.765000e-09 -6.393762e-11
 [31,] -3.512256e-09 -4.080556e-09 -5.673961e-10  1.575748e-08 -3.403888e-09
 [32,] -2.743161e-09 -3.062673e-09 -4.873610e-10  1.184543e-08 -2.766609e-09
 [33,] -2.075388e-09 -2.251781e-09 -3.702768e-10  9.639640e-09 -2.063348e-09
 [34,]  2.425557e-09  2.741809e-09  4.467499e-10 -1.332443e-08  2.495257e-09
 [35,] -1.154911e-10 -1.109578e-10 -3.584520e-11  2.187156e-09 -1.410060e-10
              [,136]        [,137]        [,138]        [,139]        [,140]
  [1,] -2.288785e-07 -2.976408e-07 -1.409005e-07 -4.115600e-09  2.499504e-08
  [2,] -2.976408e-07 -3.880254e-07 -1.832333e-07 -5.002927e-09  3.194420e-08
  [3,] -1.409005e-07 -1.832333e-07 -8.674388e-08 -2.535323e-09  1.538646e-08
  [4,] -4.115600e-09 -5.002927e-09 -2.535323e-09 -4.598162e-10  6.152283e-10
  [5,]  2.499504e-08  3.194420e-08  1.538646e-08  6.152283e-10 -3.136789e-09
  [6,]  4.208548e-08  5.458733e-08  2.590878e-08  7.790278e-10 -4.769397e-09
  [7,] -2.675860e-08 -3.533878e-08 -1.647592e-08 -2.259331e-10  2.799746e-09
  [8,] -2.626176e-07 -3.421264e-07 -1.616731e-07 -4.605913e-09  2.833589e-08
  [9,] -1.247747e-08 -1.633204e-08 -7.681579e-09 -1.675118e-10  1.318432e-09
 [10,]  8.736511e-08  1.140947e-07  5.378307e-08  1.367998e-09 -9.240014e-09
 [11,]  1.472209e-07  1.922885e-07  9.063235e-08  2.490316e-09 -1.548051e-08
 [12,]  1.685545e-07  2.199533e-07  1.037665e-07  2.876232e-09 -1.791926e-08
 [13,]  2.533777e-08  3.295002e-08  1.559825e-08  4.556134e-10 -2.767051e-09
 [14,] -7.178868e-07 -9.349167e-07 -4.419460e-07 -1.265159e-08  7.760014e-08
 [15,] -3.837726e-08 -4.988696e-08 -2.362686e-08 -8.001130e-10  4.167041e-09
 [16,] -1.023161e-05  1.286973e-05 -6.298781e-06 -1.078147e-05  2.110849e-05
 [17,]  1.286973e-05 -1.618989e-05  7.922862e-06  1.356211e-05 -2.655251e-05
 [18,] -6.298781e-06  7.922862e-06 -3.877656e-06 -6.637289e-06  1.299481e-05
 [19,] -1.078147e-05  1.356211e-05 -6.637289e-06 -1.136119e-05  2.224346e-05
 [20,]  2.110849e-05 -2.655251e-05  1.299481e-05  2.224346e-05 -4.354929e-05
 [21,]  1.217288e-05 -1.531225e-05  7.493867e-06  1.282736e-05 -2.511401e-05
 [22,] -1.206859e-06  1.518036e-06 -7.429664e-07 -1.271718e-06  2.489831e-06
 [23,]  2.704577e-06 -3.402934e-06  1.664992e-06  2.850334e-06 -5.580494e-06
 [24,]  1.886783e-06 -2.373444e-06  1.161542e-06  1.988251e-06 -3.892694e-06
 [25,] -1.047023e-05  1.317088e-05 -6.445681e-06 -1.103332e-05  2.160154e-05
 [26,] -2.155079e-05  2.710941e-05 -1.326710e-05 -2.270976e-05  4.446221e-05
 [27,] -1.400229e-05  1.761415e-05 -8.620090e-06 -1.475541e-05  2.888881e-05
 [28,]  1.132680e-06 -1.424731e-06  6.973003e-07  1.193552e-06 -2.336794e-06
 [29,]  3.291681e-06 -4.142874e-06  2.026424e-06  3.469579e-06 -6.792841e-06
 [30,] -1.716146e-06  2.158640e-06 -1.056494e-06 -1.808375e-06  3.540527e-06
 [31,]  6.572359e-06 -7.728668e-06  4.046710e-06  6.936672e-06 -1.145250e-05
 [32,] -7.728668e-06  9.193076e-06 -4.757862e-06 -8.129636e-06  1.405644e-05
 [33,]  4.046710e-06 -4.757862e-06  2.490208e-06  4.270388e-06 -7.049510e-06
 [34,]  6.936672e-06 -8.129636e-06  4.270388e-06  7.310380e-06 -1.206916e-05
 [35,] -1.145250e-05  1.405644e-05 -7.049510e-06 -1.206916e-05  2.230941e-05
              [,141]        [,142]        [,143]        [,144]        [,145]
  [1,]  4.208548e-08 -2.675860e-08 -2.626176e-07 -1.247747e-08  8.736511e-08
  [2,]  5.458733e-08 -3.533878e-08 -3.421264e-07 -1.633204e-08  1.140947e-07
  [3,]  2.590878e-08 -1.647592e-08 -1.616731e-07 -7.681579e-09  5.378307e-08
  [4,]  7.790278e-10 -2.259331e-10 -4.605913e-09 -1.675118e-10  1.367998e-09
  [5,] -4.769397e-09  2.799746e-09  2.833589e-08  1.318432e-09 -9.240014e-09
  [6,] -7.964578e-09  5.213341e-09  4.820756e-08  2.252600e-09 -1.599354e-08
  [7,]  5.213341e-09 -4.595062e-09 -3.103987e-08 -1.423688e-09  1.055471e-08
  [8,]  4.820756e-08 -3.103987e-08 -3.017856e-07 -1.440274e-08  1.005203e-07
  [9,]  2.252600e-09 -1.423688e-09 -1.440274e-08 -7.384366e-10  4.787909e-09
 [10,] -1.599354e-08  1.055471e-08  1.005203e-07  4.787909e-09 -3.362352e-08
 [11,] -2.681457e-08  1.747829e-08  1.694872e-07  8.094564e-09 -5.664079e-08
 [12,] -3.085563e-08  2.021642e-08  1.939183e-07  9.235141e-09 -6.475147e-08
 [13,] -4.659031e-09  2.962284e-09  2.907282e-08  1.381305e-09 -9.671667e-09
 [14,]  1.316406e-07 -8.443710e-08 -8.247057e-07 -3.936996e-08  2.746232e-07
 [15,]  7.045455e-09 -4.483564e-09 -4.405217e-08 -2.062048e-09  1.464891e-08
 [16,]  1.217288e-05 -1.206859e-06  2.704577e-06  1.886783e-06 -1.047023e-05
 [17,] -1.531225e-05  1.518036e-06 -3.402934e-06 -2.373444e-06  1.317088e-05
 [18,]  7.493867e-06 -7.429664e-07  1.664992e-06  1.161542e-06 -6.445681e-06
 [19,]  1.282736e-05 -1.271718e-06  2.850334e-06  1.988251e-06 -1.103332e-05
 [20,] -2.511401e-05  2.489831e-06 -5.580494e-06 -3.892694e-06  2.160154e-05
 [21,] -1.448275e-05  1.435840e-06 -3.218120e-06 -2.244837e-06  1.245716e-05
 [22,]  1.435840e-06 -1.423538e-07  3.190157e-07  2.225536e-07 -1.235005e-06
 [23,] -3.218120e-06  3.190157e-07 -7.154717e-07 -4.988379e-07  2.768206e-06
 [24,] -2.244837e-06  2.225536e-07 -4.988379e-07 -3.479513e-07  1.930882e-06
 [25,]  1.245716e-05 -1.235005e-06  2.768206e-06  1.930882e-06 -1.071496e-05
 [26,]  2.564044e-05 -2.542002e-06  5.697721e-06  3.974310e-06 -2.205446e-05
 [27,]  1.665957e-05 -1.651626e-06  3.702132e-06  2.582268e-06 -1.432967e-05
 [28,] -1.347586e-06  1.336041e-07 -2.994075e-07 -2.088745e-07  1.159096e-06
 [29,] -3.917189e-06  3.882669e-07 -8.714688e-07 -6.072404e-07  3.369803e-06
 [30,]  2.041757e-06 -2.024263e-07  4.536383e-07  3.164688e-07 -1.756172e-06
 [31,] -5.974302e-06 -8.071352e-06 -1.752486e-06 -9.801484e-07  6.741035e-06
 [32,]  7.559151e-06  6.819233e-06  2.023818e-06  1.216355e-06 -7.889588e-06
 [33,] -3.678243e-06 -4.968776e-06 -1.079034e-06 -6.029552e-07  4.149695e-06
 [34,] -6.297600e-06 -8.504030e-06 -1.834170e-06 -1.032398e-06  7.099194e-06
 [35,]  1.247347e-05  4.157149e-06  3.029374e-06  1.965168e-06 -1.172109e-05
              [,146]        [,147]        [,148]        [,149]        [,150]
  [1,]  1.472209e-07  1.685545e-07  2.533777e-08 -7.178868e-07 -3.837726e-08
  [2,]  1.922885e-07  2.199533e-07  3.295002e-08 -9.349167e-07 -4.988696e-08
  [3,]  9.063235e-08  1.037665e-07  1.559825e-08 -4.419460e-07 -2.362686e-08
  [4,]  2.490316e-09  2.876232e-09  4.556134e-10 -1.265159e-08 -8.001130e-10
  [5,] -1.548051e-08 -1.791926e-08 -2.767051e-09  7.760014e-08  4.167041e-09
  [6,] -2.681457e-08 -3.085563e-08 -4.659031e-09  1.316406e-07  7.045455e-09
  [7,]  1.747829e-08  2.021642e-08  2.962284e-09 -8.443710e-08 -4.483564e-09
  [8,]  1.694872e-07  1.939183e-07  2.907282e-08 -8.247057e-07 -4.405217e-08
  [9,]  8.094564e-09  9.235141e-09  1.381305e-09 -3.936996e-08 -2.062048e-09
 [10,] -5.664079e-08 -6.475147e-08 -9.671667e-09  2.746232e-07  1.464891e-08
 [11,] -9.567609e-08 -1.092445e-07 -1.629794e-08  4.630852e-07  2.475216e-08
 [12,] -1.092445e-07 -1.248869e-07 -1.865965e-08  5.298266e-07  2.832102e-08
 [13,] -1.629794e-08 -1.865965e-08 -2.804992e-09  7.947294e-08  4.248517e-09
 [14,]  4.630852e-07  5.298266e-07  7.947294e-08 -2.254125e-06 -1.203914e-07
 [15,]  2.475216e-08  2.832102e-08  4.248517e-09 -1.203914e-07 -6.492632e-09
 [16,] -2.155079e-05 -1.400229e-05  1.132680e-06  3.291681e-06 -1.716146e-06
 [17,]  2.710941e-05  1.761415e-05 -1.424731e-06 -4.142874e-06  2.158640e-06
 [18,] -1.326710e-05 -8.620090e-06  6.973003e-07  2.026424e-06 -1.056494e-06
 [19,] -2.270976e-05 -1.475541e-05  1.193552e-06  3.469579e-06 -1.808375e-06
 [20,]  4.446221e-05  2.888881e-05 -2.336794e-06 -6.792841e-06  3.540527e-06
 [21,]  2.564044e-05  1.665957e-05 -1.347586e-06 -3.917189e-06  2.041757e-06
 [22,] -2.542002e-06 -1.651626e-06  1.336041e-07  3.882669e-07 -2.024263e-07
 [23,]  5.697721e-06  3.702132e-06 -2.994075e-07 -8.714688e-07  4.536383e-07
 [24,]  3.974310e-06  2.582268e-06 -2.088745e-07 -6.072404e-07  3.164688e-07
 [25,] -2.205446e-05 -1.432967e-05  1.159096e-06  3.369803e-06 -1.756172e-06
 [26,] -4.539442e-05 -2.949457e-05  2.385758e-06  6.935901e-06 -3.614714e-06
 [27,] -2.949457e-05 -1.916383e-05  1.550110e-06  4.506802e-06 -2.348605e-06
 [28,]  2.385758e-06  1.550110e-06 -1.253923e-07 -3.644022e-07  1.899842e-07
 [29,]  6.935901e-06  4.506802e-06 -3.644022e-07 -1.062322e-06  5.521132e-07
 [30,] -3.614714e-06 -2.348605e-06  1.899842e-07  5.521132e-07 -2.878480e-07
 [31,]  1.143750e-05  9.016967e-06 -7.275864e-07 -2.151534e-06  1.102330e-06
 [32,] -1.411216e-05 -1.054807e-05  8.555945e-07  2.439621e-06 -1.296385e-06
 [33,]  7.041452e-06  5.551907e-06 -4.479870e-07 -1.324732e-06  6.787286e-07
 [34,]  1.204567e-05  9.494168e-06 -7.679174e-07 -2.232939e-06  1.163489e-06
 [35,] -2.261196e-05 -1.567621e-05  1.267838e-06  3.689446e-06 -1.920911e-06
              [,151]        [,152]        [,153]        [,154]        [,155]
  [1,]  3.809350e-08  1.045126e-07  2.345112e-08  4.014176e-08  7.794450e-10
  [2,]  1.045126e-07  1.377231e-07  6.434005e-08  1.101323e-07 -4.281588e-09
  [3,]  2.345112e-08  6.434005e-08  1.443698e-08  2.471207e-08  4.798422e-10
  [4,]  4.014176e-08  1.101323e-07  2.471207e-08  4.230021e-08  8.213600e-10
  [5,]  7.794450e-10 -4.281588e-09  4.798422e-10  8.213600e-10  1.944772e-09
  [6,] -1.409929e-07 -2.062189e-07 -8.679803e-08 -1.485741e-07  1.695174e-08
  [7,]  1.091384e-08  2.142337e-08  6.718775e-09  1.150067e-08  2.642953e-09
  [8,]  1.700844e-08  1.091501e-08  1.047073e-08  1.792295e-08  1.067410e-08
  [9,] -7.190013e-09 -6.368447e-08 -4.426316e-09 -7.576577e-09 -3.073210e-09
 [10,] -9.336625e-10 -2.079517e-08 -5.747808e-10 -9.838545e-10  5.114401e-09
 [11,] -2.428711e-08 -6.739210e-08 -1.495163e-08 -2.559301e-08 -5.794463e-10
 [12,] -2.775392e-08 -7.710783e-08 -1.708587e-08 -2.924623e-08 -6.286661e-10
 [13,] -4.217103e-09 -1.156996e-08 -2.596133e-09 -4.443853e-09 -8.628768e-11
 [14,] -1.225884e-08 -3.363337e-08 -7.546788e-09 -1.291799e-08 -2.508746e-10
 [15,]  9.231208e-08  1.807982e-07  5.682916e-08  9.727572e-08 -1.207107e-09
 [16,]  3.979286e-09 -2.044337e-09  2.449728e-09  4.556260e-09 -2.219087e-09
 [17,] -2.044337e-09  1.259807e-09 -1.258535e-09 -1.924554e-09  1.933898e-09
 [18,]  2.449728e-09 -1.258535e-09  1.508102e-09  2.804925e-09 -1.366114e-09
 [19,]  4.556260e-09 -1.924554e-09  2.804925e-09  4.807647e-09 -2.119030e-09
 [20,] -2.219087e-09  1.933898e-09 -1.366114e-09 -2.119030e-09  3.136435e-09
 [21,] -2.156129e-09  7.107212e-10 -1.327355e-09 -1.335137e-09  1.327385e-09
 [22,]  4.702714e-10 -2.411177e-10  2.895082e-10  5.383759e-10 -2.622172e-10
 [23,] -1.030894e-09  5.335570e-10 -6.346394e-10 -1.182295e-09  5.836004e-10
 [24,] -3.794146e-09  1.103532e-09 -2.335752e-09 -4.089667e-09  7.897022e-10
 [25,] -2.735835e-10 -6.288771e-10 -1.684233e-10 -4.271684e-10 -1.450020e-09
 [26,] -5.709980e-10 -1.331381e-09 -3.515176e-10 -7.438461e-10 -2.830165e-09
 [27,] -1.372889e-09 -5.878897e-10 -8.451776e-10 -1.626584e-09 -1.681289e-09
 [28,] -4.405229e-10  2.263163e-10 -2.711947e-10 -5.043962e-10  2.456618e-10
 [29,] -1.280578e-09  6.578901e-10 -7.883493e-10 -1.466255e-09  7.141265e-10
 [30,]  2.991121e-09 -1.433021e-09  1.841394e-09  3.799756e-09 -1.104341e-09
 [31,] -2.210335e-10  2.812442e-10 -1.359178e-10 -2.286355e-10  3.970249e-10
 [32,]  2.812442e-10 -3.633260e-10  1.731680e-10  2.975927e-10 -4.905121e-10
 [33,] -1.359178e-10  1.731680e-10 -8.392431e-11 -1.409104e-10  2.442588e-10
 [34,] -2.286355e-10  2.975927e-10 -1.409104e-10 -2.431251e-10  4.212789e-10
 [35,]  3.970249e-10 -4.905121e-10  2.442588e-10  4.212789e-10 -7.979863e-10
              [,156]        [,157]        [,158]        [,159]        [,160]
  [1,] -1.409929e-07  1.091384e-08  1.700844e-08 -7.190013e-09 -9.336625e-10
  [2,] -2.062189e-07  2.142337e-08  1.091501e-08 -6.368447e-08 -2.079517e-08
  [3,] -8.679803e-08  6.718775e-09  1.047073e-08 -4.426316e-09 -5.747808e-10
  [4,] -1.485741e-07  1.150067e-08  1.792295e-08 -7.576577e-09 -9.838545e-10
  [5,]  1.695174e-08  2.642953e-09  1.067410e-08 -3.073210e-09  5.114401e-09
  [6,]  3.701744e-07 -1.437082e-08  4.679183e-08  7.443564e-08  5.870740e-08
  [7,] -1.437082e-08  6.327238e-09  1.836771e-08 -5.794386e-09  6.460409e-09
  [8,]  4.679183e-08  1.836771e-08  6.469370e-08 -1.912224e-08  2.795875e-08
  [9,]  7.443564e-08 -5.794386e-09 -1.912224e-08 -1.087595e-08 -7.678237e-09
 [10,]  5.870740e-08  6.460409e-09  2.795875e-08 -7.678237e-09  1.431542e-08
 [11,]  9.103572e-08 -6.868277e-09 -1.075264e-08  4.735101e-09  8.909844e-10
 [12,]  1.041637e-07 -7.868758e-09 -1.234317e-08  5.412113e-09  1.057990e-09
 [13,]  1.560847e-08 -1.208205e-09 -1.882902e-09  7.959632e-10  1.033602e-10
 [14,]  4.537322e-08 -3.512576e-09 -5.473520e-09  2.313860e-09  3.005297e-10
 [15,] -2.538229e-07  2.229592e-08  2.381196e-08 -3.877455e-08 -1.108753e-08
 [16,] -2.156129e-09  4.702714e-10 -1.030894e-09 -3.794146e-09 -2.735835e-10
 [17,]  7.107212e-10 -2.411177e-10  5.335570e-10  1.103532e-09 -6.288771e-10
 [18,] -1.327355e-09  2.895082e-10 -6.346394e-10 -2.335752e-09 -1.684233e-10
 [19,] -1.335137e-09  5.383759e-10 -1.182295e-09 -4.089667e-09 -4.271684e-10
 [20,]  1.327385e-09 -2.622172e-10  5.836004e-10  7.897022e-10 -1.450020e-09
 [21,] -1.603407e-09 -2.539054e-10  5.685906e-10  7.743492e-10 -5.325846e-10
 [22,] -2.539054e-10  5.617574e-11 -1.205656e-10 -4.471272e-10 -3.135074e-11
 [23,]  5.685906e-10 -1.205656e-10  2.968113e-10  9.973272e-10  9.394731e-11
 [24,]  7.743492e-10 -4.471272e-10  9.973272e-10  3.967301e-09  1.135109e-09
 [25,] -5.325846e-10 -3.135074e-11  9.394731e-11  1.135109e-09  1.382591e-09
 [26,] -1.059551e-09 -6.595329e-11  1.626765e-10  2.044054e-09  2.343420e-09
 [27,] -3.808819e-10 -1.605359e-10  3.922328e-10  2.497229e-09  1.921877e-09
 [28,]  2.386921e-10 -5.206093e-11  1.141241e-10  4.200271e-10  3.028679e-11
 [29,]  6.938659e-10 -1.513385e-10  3.317530e-10  1.220998e-09  8.804218e-11
 [30,] -2.106586e-09  3.536918e-10 -7.701534e-10 -3.518346e-09 -7.730961e-10
 [31,]  2.565184e-10 -2.518882e-11  5.123880e-11  2.680959e-11 -2.104464e-10
 [32,] -2.586787e-10  3.315683e-11 -8.745740e-11 -2.775128e-11  2.677571e-10
 [33,]  1.575895e-10 -1.548559e-11  3.153632e-11  1.663175e-11 -1.296142e-10
 [34,]  2.670471e-10 -2.617861e-11  5.591151e-11  2.724775e-11 -2.219133e-10
 [35,] -4.298862e-10  4.655881e-11 -1.048404e-10 -7.047850e-11  4.066362e-10
              [,161]        [,162]        [,163]        [,164]        [,165]
  [1,] -2.428711e-08 -2.775392e-08 -4.217103e-09 -1.225884e-08  9.231208e-08
  [2,] -6.739210e-08 -7.710783e-08 -1.156996e-08 -3.363337e-08  1.807982e-07
  [3,] -1.495163e-08 -1.708587e-08 -2.596133e-09 -7.546788e-09  5.682916e-08
  [4,] -2.559301e-08 -2.924623e-08 -4.443853e-09 -1.291799e-08  9.727572e-08
  [5,] -5.794463e-10 -6.286661e-10 -8.628768e-11 -2.508746e-10 -1.207107e-09
  [6,]  9.103572e-08  1.041637e-07  1.560847e-08  4.537322e-08 -2.538229e-07
  [7,] -6.868277e-09 -7.868758e-09 -1.208205e-09 -3.512576e-09  2.229592e-08
  [8,] -1.075264e-08 -1.234317e-08 -1.882902e-09 -5.473520e-09  2.381196e-08
  [9,]  4.735101e-09  5.412113e-09  7.959632e-10  2.313860e-09 -3.877455e-08
 [10,]  8.909844e-10  1.057990e-09  1.033602e-10  3.005297e-10 -1.108753e-08
 [11,]  1.602042e-08  1.832632e-08  2.688681e-09  7.815890e-09 -5.920240e-08
 [12,]  1.832632e-08  2.101807e-08  3.072470e-09  8.931606e-09 -6.766100e-08
 [13,]  2.688681e-09  3.072470e-09  4.668501e-10  1.357103e-09 -1.021932e-08
 [14,]  7.815890e-09  8.931606e-09  1.357103e-09  3.945235e-09 -2.970703e-08
 [15,] -5.920240e-08 -6.766100e-08 -1.021932e-08 -2.970703e-08  1.884867e-07
 [16,] -5.709980e-10 -1.372889e-09 -4.405229e-10 -1.280578e-09  2.991121e-09
 [17,] -1.331381e-09 -5.878897e-10  2.263163e-10  6.578901e-10 -1.433021e-09
 [18,] -3.515176e-10 -8.451776e-10 -2.711947e-10 -7.883493e-10  1.841394e-09
 [19,] -7.438461e-10 -1.626584e-09 -5.043962e-10 -1.466255e-09  3.799756e-09
 [20,] -2.830165e-09 -1.681289e-09  2.456618e-10  7.141265e-10 -1.104341e-09
 [21,] -1.059551e-09 -3.808819e-10  2.386921e-10  6.938659e-10 -2.106586e-09
 [22,] -6.595329e-11 -1.605359e-10 -5.206093e-11 -1.513385e-10  3.536918e-10
 [23,]  1.626765e-10  3.922328e-10  1.141241e-10  3.317530e-10 -7.701534e-10
 [24,]  2.044054e-09  2.497229e-09  4.200271e-10  1.220998e-09 -3.518346e-09
 [25,]  2.343420e-09  1.921877e-09  3.028679e-11  8.804218e-11 -7.730961e-10
 [26,]  4.543793e-09  3.617119e-09  6.321176e-11  1.837534e-10 -1.704146e-09
 [27,]  3.617119e-09  3.154272e-09  1.519843e-10  4.418108e-10 -2.019858e-09
 [28,]  6.321176e-11  1.519843e-10  4.876765e-11  1.417651e-10 -3.311291e-10
 [29,]  1.837534e-10  4.418108e-10  1.417651e-10  4.121041e-10 -9.625756e-10
 [30,] -1.704146e-09 -2.019858e-09 -3.311291e-10 -9.625756e-10  2.292949e-09
 [31,] -4.008973e-10 -2.696614e-10  2.446929e-11  7.112747e-11 -1.478432e-11
 [32,]  5.306475e-10  3.715406e-10 -3.113486e-11 -9.050395e-11  5.673711e-11
 [33,] -2.469002e-10 -1.661232e-10  1.504665e-11  4.373773e-11 -9.200689e-12
 [34,] -4.216501e-10 -2.818871e-10  2.531087e-11  7.357373e-11 -1.828997e-11
 [35,]  8.180376e-10  5.376942e-10 -4.395224e-11 -1.277648e-10  7.118910e-11
              [,166]        [,167]        [,168]        [,169]        [,170]
  [1,] -7.099539e-06 -7.524102e-07 -4.371785e-06 -7.464883e-06  5.091373e-08
  [2,] -7.524102e-07 -3.269888e-06 -4.617656e-07 -7.686772e-07 -9.479520e-07
  [3,] -4.371785e-06 -4.617656e-07 -2.689470e-06 -4.594343e-06  3.207617e-08
  [4,] -7.464883e-06 -7.686772e-07 -4.594343e-06 -7.864628e-06  5.255623e-08
  [5,]  5.091373e-08 -9.479520e-07  3.207617e-08  5.255623e-08 -2.993678e-07
  [6,]  1.054733e-07 -6.888940e-07  6.435165e-08  1.073005e-07 -2.639637e-07
  [7,] -1.772994e-06 -1.418631e-06 -1.084627e-06 -1.860029e-06 -3.709644e-07
  [8,] -2.099292e-06 -5.485308e-06 -1.292058e-06 -2.191499e-06 -1.616684e-06
  [9,]  7.108088e-06  1.893187e-07  4.376330e-06  7.491697e-06 -2.084223e-07
 [10,]  7.423897e-07 -2.522191e-06  4.574762e-07  7.760345e-07 -8.134233e-07
 [11,]  4.579018e-06  4.852850e-07  2.819688e-06  4.814656e-06 -3.283803e-08
 [12,]  5.239723e-06  5.553065e-07  3.226539e-06  5.509360e-06 -3.757622e-08
 [13,]  7.859474e-07  8.329481e-08  4.839741e-07  8.263924e-07 -5.636354e-09
 [14,]  2.225940e-06  1.654624e-07  1.370709e-06  2.400890e-06 -1.020778e-08
 [15,] -8.076254e-06 -2.373259e-06 -4.971156e-06 -8.506715e-06 -4.073693e-07
 [16,] -3.049323e-07  7.130519e-08 -1.877224e-07 -3.213415e-07  8.495504e-08
 [17,]  7.130519e-08 -1.668074e-08  4.389688e-08  7.514397e-08 -1.984203e-08
 [18,] -1.877224e-07  4.389688e-08 -1.155657e-07 -1.978243e-07  5.230001e-08
 [19,] -3.213415e-07  7.514397e-08 -1.978243e-07 -3.386203e-07  8.949835e-08
 [20,]  8.495504e-08 -1.984203e-08  5.230001e-08  8.949835e-08 -4.151740e-08
 [21,]  1.779538e-08 -4.088723e-09  1.095521e-08  1.864639e-08 -1.587312e-09
 [22,] -3.596798e-08  8.410733e-09 -2.214261e-08 -3.790352e-08  1.002079e-08
 [23,]  8.058717e-08 -1.888802e-08  4.961106e-08  8.495321e-08 -2.245677e-08
 [24,]  3.115996e-07 -7.287347e-08  1.918270e-07  3.283671e-07 -8.263924e-08
 [25,] -2.532121e-08  5.917860e-09 -1.558823e-08 -2.667775e-08  5.589582e-08
 [26,]  1.966729e-07 -4.598982e-08  1.210758e-07  2.072564e-07 -5.479373e-08
 [27,]  2.250504e-07 -5.262553e-08  1.385456e-07  2.371610e-07 -6.269985e-08
 [28,]  3.375723e-08 -7.893770e-09  2.078161e-08  3.557380e-08 -9.404854e-09
 [29,]  9.806098e-08 -2.303741e-08  6.036830e-08  1.034100e-07 -2.733194e-08
 [30,] -2.976079e-07  6.964811e-08 -1.832133e-07 -3.136672e-07  8.294281e-08
 [31,] -1.607099e-08 -1.033014e-08  2.233524e-08  1.411583e-08  1.445381e-08
 [32,] -1.033014e-08 -8.218975e-09  1.418038e-08  9.474691e-09  9.263311e-09
 [33,]  2.233524e-08  1.418038e-08 -3.842368e-08 -2.413355e-08 -2.262330e-08
 [34,]  1.411583e-08  9.474691e-09 -2.413355e-08 -1.559546e-08 -1.430519e-08
 [35,]  1.445381e-08  9.263311e-09 -2.262330e-08 -1.430519e-08 -1.404106e-08
              [,171]        [,172]        [,173]        [,174]        [,175]
  [1,]  1.054733e-07 -1.772994e-06 -2.099292e-06  7.108088e-06  7.423897e-07
  [2,] -6.888940e-07 -1.418631e-06 -5.485308e-06  1.893187e-07 -2.522191e-06
  [3,]  6.435165e-08 -1.084627e-06 -1.292058e-06  4.376330e-06  4.574762e-07
  [4,]  1.073005e-07 -1.860029e-06 -2.191499e-06  7.491697e-06  7.760345e-07
  [5,] -2.639637e-07 -3.709644e-07 -1.616684e-06 -2.084223e-07 -8.134233e-07
  [6,] -4.402813e-07 -3.163022e-07 -1.410186e-06 -1.991959e-07 -7.301888e-07
  [7,] -3.163022e-07 -9.225183e-07 -2.635900e-06  1.569223e-06 -8.655438e-07
  [8,] -1.410186e-06 -2.635900e-06 -9.598064e-06  1.211612e-06 -4.231447e-06
  [9,] -1.991959e-07  1.569223e-06  1.211612e-06 -7.230270e-06 -1.173881e-06
 [10,] -7.301888e-07 -8.655438e-07 -4.231447e-06 -1.173881e-06 -2.303770e-06
 [11,] -6.802750e-08  1.143535e-06  1.353989e-06 -4.584532e-06 -4.788221e-07
 [12,] -7.784316e-08  1.308535e-06  1.549355e-06 -5.246032e-06 -5.479111e-07
 [13,] -1.167631e-08  1.962775e-07  2.324000e-07 -7.868938e-07 -8.218551e-08
 [14,] -2.299635e-08  5.638656e-07  6.075716e-07 -2.290722e-06 -2.164259e-07
 [15,] -2.249565e-07 -2.614748e-06 -4.921561e-06  7.839476e-06 -4.260774e-07
 [16,]  1.779538e-08 -3.596798e-08  8.058717e-08  3.115996e-07 -2.532121e-08
 [17,] -4.088723e-09  8.410733e-09 -1.888802e-08 -7.287347e-08  5.917860e-09
 [18,]  1.095521e-08 -2.214261e-08  4.961106e-08  1.918270e-07 -1.558823e-08
 [19,]  1.864639e-08 -3.790352e-08  8.495321e-08  3.283671e-07 -2.667775e-08
 [20,] -1.587312e-09  1.002079e-08 -2.245677e-08 -8.263924e-08  5.589582e-08
 [21,] -1.300142e-09  2.099031e-09 -4.699357e-09 -1.888176e-08 -7.521460e-09
 [22,]  2.099031e-09 -4.242565e-09  9.505581e-09  3.675442e-08 -2.986739e-09
 [23,] -4.699357e-09  9.505581e-09 -2.133846e-08 -8.238019e-08  6.704531e-09
 [24,] -1.888176e-08  3.675442e-08 -8.238019e-08 -3.193861e-07  1.451640e-08
 [25,] -7.521460e-09 -2.986739e-09  6.704531e-09  1.451640e-08 -1.356075e-07
 [26,] -1.147749e-08  2.319836e-08 -5.197716e-08 -2.009735e-07  1.633106e-08
 [27,] -1.313352e-08  2.654560e-08 -5.947733e-08 -2.299718e-07  1.868710e-08
 [28,] -1.970020e-09  3.981800e-09 -8.921324e-09 -3.449533e-08  2.803168e-09
 [29,] -5.713971e-09  1.156668e-08 -2.601377e-08 -1.002800e-07  8.175264e-09
 [30,]  1.743673e-08 -3.510404e-08  7.867444e-08  3.041525e-07 -2.473482e-08
 [31,] -3.528394e-08  8.466361e-08  2.889926e-09  7.215947e-09  6.117128e-09
 [32,] -2.315924e-08  5.394686e-08  9.478569e-10  4.108959e-09  3.938814e-09
 [33,]  5.764401e-08 -1.375059e-07 -6.740330e-09 -1.046155e-08 -8.563194e-09
 [34,]  3.622638e-08 -8.649603e-08 -3.766700e-09 -6.195456e-09 -5.432980e-09
 [35,]  3.482377e-08 -8.295600e-08 -3.648695e-09 -6.603842e-09 -5.512785e-09
              [,176]        [,177]        [,178]        [,179]        [,180]
  [1,]  4.579018e-06  5.239723e-06  7.859474e-07  2.225940e-06 -8.076254e-06
  [2,]  4.852850e-07  5.553065e-07  8.329481e-08  1.654624e-07 -2.373259e-06
  [3,]  2.819688e-06  3.226539e-06  4.839741e-07  1.370709e-06 -4.971156e-06
  [4,]  4.814656e-06  5.509360e-06  8.263924e-07  2.400890e-06 -8.506715e-06
  [5,] -3.283803e-08 -3.757622e-08 -5.636354e-09 -1.020778e-08 -4.073693e-07
  [6,] -6.802750e-08 -7.784316e-08 -1.167631e-08 -2.299635e-08 -2.249565e-07
  [7,]  1.143535e-06  1.308535e-06  1.962775e-07  5.638656e-07 -2.614748e-06
  [8,]  1.353989e-06  1.549355e-06  2.324000e-07  6.075716e-07 -4.921561e-06
  [9,] -4.584532e-06 -5.246032e-06 -7.868938e-07 -2.290722e-06  7.839476e-06
 [10,] -4.788221e-07 -5.479111e-07 -8.218551e-08 -2.164259e-07 -4.260774e-07
 [11,] -2.953348e-06 -3.379485e-06 -5.069156e-07 -1.435674e-06  5.208974e-06
 [12,] -3.379485e-06 -3.867109e-06 -5.800583e-07 -1.642826e-06  5.960574e-06
 [13,] -5.069156e-07 -5.800583e-07 -8.700752e-08 -2.464205e-07  8.940736e-07
 [14,] -1.435674e-06 -1.642826e-06 -2.464205e-07 -9.007675e-07  2.588891e-06
 [15,]  5.208974e-06  5.960574e-06  8.940736e-07  2.588891e-06 -9.948733e-06
 [16,]  1.966729e-07  2.250504e-07  3.375723e-08  9.806098e-08 -2.976079e-07
 [17,] -4.598982e-08 -5.262553e-08 -7.893770e-09 -2.303741e-08  6.964811e-08
 [18,]  1.210758e-07  1.385456e-07  2.078161e-08  6.036830e-08 -1.832133e-07
 [19,]  2.072564e-07  2.371610e-07  3.557380e-08  1.034100e-07 -3.136672e-07
 [20,] -5.479373e-08 -6.269985e-08 -9.404854e-09 -2.733194e-08  8.294281e-08
 [21,] -1.147749e-08 -1.313352e-08 -1.970020e-09 -5.713971e-09  1.743673e-08
 [22,]  2.319836e-08  2.654560e-08  3.981800e-09  1.156668e-08 -3.510404e-08
 [23,] -5.197716e-08 -5.947733e-08 -8.921324e-09 -2.601377e-08  7.867444e-08
 [24,] -2.009735e-07 -2.299718e-07 -3.449533e-08 -1.002800e-07  3.041525e-07
 [25,]  1.633106e-08  1.868710e-08  2.803168e-09  8.175264e-09 -2.473482e-08
 [26,] -1.268491e-07 -1.451523e-07 -2.177248e-08 -6.324663e-08  1.919489e-07
 [27,] -1.451523e-07 -1.660967e-07 -2.491397e-08 -7.237235e-08  2.196448e-07
 [28,] -2.177248e-08 -2.491397e-08 -3.736950e-09 -1.085575e-08  3.294638e-08
 [29,] -6.324663e-08 -7.237235e-08 -1.085575e-08 -3.177556e-08  9.576181e-08
 [30,]  1.919489e-07  2.196448e-07  3.294638e-08  9.576181e-08 -2.904477e-07
 [31,]  1.036503e-08  1.186037e-08  1.779123e-09  1.457584e-09  8.679554e-09
 [32,]  6.662916e-09  7.624592e-09  1.143588e-09 -8.812394e-10  5.848498e-09
 [33,] -1.440530e-08 -1.648353e-08 -2.472601e-09 -9.474285e-09 -1.530452e-08
 [34,] -9.104623e-09 -1.041850e-08 -1.562678e-09 -4.564411e-09 -9.975004e-09
 [35,] -9.322010e-09 -1.066682e-08 -1.600094e-09 -3.734029e-09 -9.074761e-09
              [,181]        [,182]        [,183]        [,184]        [,185]
  [1,] -2.078921e-07 -1.902433e-07 -1.279761e-07  2.108560e-07  1.296290e-07
  [2,] -1.902433e-07 -1.752181e-07 -1.171293e-07  1.939118e-07  1.179583e-07
  [3,] -1.279761e-07 -1.171293e-07 -7.879512e-08  1.298137e-07  7.979225e-08
  [4,]  2.108560e-07  1.939118e-07  1.298137e-07 -2.156120e-07 -1.310242e-07
  [5,]  1.296290e-07  1.179583e-07  7.979225e-08 -1.310242e-07 -8.136027e-08
  [6,] -5.472928e-08 -5.065185e-08 -3.369156e-08  5.603890e-08  3.386899e-08
  [7,] -1.621549e-07 -1.491606e-07 -9.982501e-08  1.654397e-07  1.009822e-07
  [8,]  5.453184e-08  4.973611e-08  3.356918e-08 -5.575240e-08 -3.422409e-08
  [9,]  1.339977e-08  1.224327e-08  8.252155e-09 -1.361856e-08 -8.417426e-09
 [10,]  7.930687e-08  7.303101e-08  4.882916e-08 -8.089667e-08 -4.920464e-08
 [11,]  1.331966e-07  1.227465e-07  8.200143e-08 -1.353383e-07 -8.257236e-08
 [12,]  1.526492e-07  1.404303e-07  9.398274e-08 -1.550510e-07 -9.481457e-08
 [13,]  2.301449e-08  2.106069e-08  1.416746e-08 -2.334260e-08 -1.435045e-08
 [14,] -6.990560e-07 -6.411000e-07 -4.303549e-07  7.094993e-07  4.352158e-07
 [15,]  1.328195e-07  1.217142e-07  8.176742e-08 -1.352262e-07 -8.280148e-08
 [16,] -1.205071e-05  1.515914e-05 -7.417140e-06 -1.269868e-05  2.486178e-05
 [17,]  1.515914e-05 -1.906967e-05  9.329390e-06  1.597425e-05 -3.127460e-05
 [18,] -7.417140e-06  9.329390e-06 -4.568599e-06 -7.815959e-06  1.530290e-05
 [19,] -1.269868e-05  1.597425e-05 -7.815959e-06 -1.338149e-05  2.619860e-05
 [20,]  2.486178e-05 -3.127460e-05  1.530290e-05  2.619860e-05 -5.129238e-05
 [21,]  1.433654e-05 -1.803400e-05  8.826104e-06  1.510741e-05 -2.957804e-05
 [22,] -1.421430e-06  1.788082e-06 -8.748813e-07 -1.497860e-06  2.932547e-06
 [23,]  3.185894e-06 -4.007684e-06  1.960899e-06  3.357200e-06 -6.572809e-06
 [24,]  2.221886e-06 -2.794736e-06  1.368526e-06  2.341357e-06 -4.584146e-06
 [25,] -1.233222e-05  1.551326e-05 -7.590404e-06 -1.299532e-05  2.544255e-05
 [26,] -2.538213e-05  3.192864e-05 -1.562506e-05 -2.674693e-05  5.236626e-05
 [27,] -1.649248e-05  2.074666e-05 -1.015102e-05 -1.737928e-05  3.402559e-05
 [28,]  1.334062e-06 -1.678178e-06  8.211071e-07  1.405794e-06 -2.752299e-06
 [29,]  3.878050e-06 -4.878381e-06  2.386916e-06  4.086574e-06 -8.000795e-06
 [30,] -2.021266e-06  2.542643e-06 -1.244077e-06 -2.129949e-06  4.170067e-06
 [31,]  7.435049e-06 -8.506720e-06  4.645504e-06  7.608711e-06 -1.307381e-05
 [32,] -8.506720e-06  1.036600e-05 -5.355386e-06 -9.085573e-06  1.590193e-05
 [33,]  4.645504e-06 -5.355386e-06  2.749234e-06  4.750410e-06 -8.144448e-06
 [34,]  7.608711e-06 -9.085573e-06  4.750410e-06  8.118378e-06 -1.363482e-05
 [35,] -1.307381e-05  1.590193e-05 -8.144448e-06 -1.363482e-05  2.559964e-05
              [,186]        [,187]        [,188]        [,189]        [,190]
  [1,] -5.472928e-08 -1.621549e-07  5.453184e-08  1.339977e-08  7.930687e-08
  [2,] -5.065185e-08 -1.491606e-07  4.973611e-08  1.224327e-08  7.303101e-08
  [3,] -3.369156e-08 -9.982501e-08  3.356918e-08  8.252155e-09  4.882916e-08
  [4,]  5.603890e-08  1.654397e-07 -5.575240e-08 -1.361856e-08 -8.089667e-08
  [5,]  3.386899e-08  1.009822e-07 -3.422409e-08 -8.417426e-09 -4.920464e-08
  [6,] -1.504379e-08 -4.324408e-08  1.454785e-08  3.555718e-09  2.113019e-08
  [7,] -4.324408e-08 -1.283909e-07  4.281888e-08  1.050938e-08  6.227039e-08
  [8,]  1.454785e-08  4.281888e-08 -1.491015e-08 -3.566078e-09 -2.080239e-08
  [9,]  3.555718e-09  1.050938e-08 -3.566078e-09 -8.925075e-10 -5.090311e-09
 [10,]  2.113019e-08  6.227039e-08 -2.080239e-08 -5.090311e-09 -3.057098e-08
 [11,]  3.600736e-08  1.046860e-07 -3.493674e-08 -8.544287e-09 -5.134138e-08
 [12,]  4.095838e-08  1.199766e-07 -4.003954e-08 -9.806942e-09 -5.870713e-08
 [13,]  6.058750e-09  1.795119e-08 -6.036893e-09 -1.483409e-09 -8.779587e-09
 [14,] -1.855485e-07 -5.470172e-07  1.834640e-07  4.502720e-08  2.674871e-07
 [15,]  3.522346e-08  1.039953e-07 -3.518606e-08 -8.581106e-09 -5.084431e-08
 [16,]  1.433654e-05 -1.421430e-06  3.185894e-06  2.221886e-06 -1.233222e-05
 [17,] -1.803400e-05  1.788082e-06 -4.007684e-06 -2.794736e-06  1.551326e-05
 [18,]  8.826104e-06 -8.748813e-07  1.960899e-06  1.368526e-06 -7.590404e-06
 [19,]  1.510741e-05 -1.497860e-06  3.357200e-06  2.341357e-06 -1.299532e-05
 [20,] -2.957804e-05  2.932547e-06 -6.572809e-06 -4.584146e-06  2.544255e-05
 [21,] -1.705719e-05  1.691052e-06 -3.790207e-06 -2.643928e-06  1.467144e-05
 [22,]  1.691052e-06 -1.676633e-07  3.757890e-07  2.620804e-07 -1.454634e-06
 [23,] -3.790207e-06  3.757890e-07 -8.422682e-07 -5.874088e-07  3.260318e-06
 [24,] -2.643928e-06  2.620804e-07 -5.874088e-07 -4.099442e-07  2.273788e-06
 [25,]  1.467144e-05 -1.454634e-06  3.260318e-06  2.273788e-06 -1.262030e-05
 [26,]  3.019823e-05 -2.993924e-06  6.710377e-06  4.680624e-06 -2.597506e-05
 [27,]  1.962084e-05 -1.945354e-06  4.360184e-06  3.040851e-06 -1.687775e-05
 [28,] -1.587112e-06  1.573579e-07 -3.526912e-07 -2.459717e-07  1.365226e-06
 [29,] -4.613654e-06  4.574315e-07 -1.025257e-06 -7.150275e-07  3.968643e-06
 [30,]  2.404667e-06 -2.384164e-07  5.343701e-07  3.726769e-07 -2.068483e-06
 [31,] -6.896423e-06 -7.611969e-06 -1.965644e-06 -1.140085e-06  7.396064e-06
 [32,]  8.729922e-06  6.444810e-06  2.248941e-06  1.404887e-06 -8.770808e-06
 [33,] -4.238280e-06 -4.678020e-06 -1.228157e-06 -6.695603e-07  4.615395e-06
 [34,] -7.259841e-06 -8.082538e-06 -2.011553e-06 -1.201752e-06  7.853561e-06
 [35,]  1.436914e-05  3.743217e-06  3.456380e-06  2.281505e-06 -1.319778e-05
              [,191]        [,192]        [,193]        [,194]        [,195]
  [1,]  1.331966e-07  1.526492e-07  2.301449e-08 -6.990560e-07  1.328195e-07
  [2,]  1.227465e-07  1.404303e-07  2.106069e-08 -6.411000e-07  1.217142e-07
  [3,]  8.200143e-08  9.398274e-08  1.416746e-08 -4.303549e-07  8.176742e-08
  [4,] -1.353383e-07 -1.550510e-07 -2.334260e-08  7.094993e-07 -1.352262e-07
  [5,] -8.257236e-08 -9.481457e-08 -1.435045e-08  4.352158e-07 -8.280148e-08
  [6,]  3.600736e-08  4.095838e-08  6.058750e-09 -1.855485e-07  3.522346e-08
  [7,]  1.046860e-07  1.199766e-07  1.795119e-08 -5.470172e-07  1.039953e-07
  [8,] -3.493674e-08 -4.003954e-08 -6.036893e-09  1.834640e-07 -3.518606e-08
  [9,] -8.544287e-09 -9.806942e-09 -1.483409e-09  4.502720e-08 -8.581106e-09
 [10,] -5.134138e-08 -5.870713e-08 -8.779587e-09  2.674871e-07 -5.084431e-08
 [11,] -8.742761e-08 -9.957278e-08 -1.474540e-08  4.511428e-07 -8.539650e-08
 [12,] -9.957278e-08 -1.136471e-07 -1.689887e-08  5.161504e-07 -9.778894e-08
 [13,] -1.474540e-08 -1.689887e-08 -2.547796e-09  7.738829e-08 -1.470365e-08
 [14,]  4.511428e-07  5.161504e-07  7.738829e-08 -2.355975e-06  4.471358e-07
 [15,] -8.539650e-08 -9.778894e-08 -1.470365e-08  4.471358e-07 -8.515633e-08
 [16,] -2.538213e-05 -1.649248e-05  1.334062e-06  3.878050e-06 -2.021266e-06
 [17,]  3.192864e-05  2.074666e-05 -1.678178e-06 -4.878381e-06  2.542643e-06
 [18,] -1.562506e-05 -1.015102e-05  8.211071e-07  2.386916e-06 -1.244077e-06
 [19,] -2.674693e-05 -1.737928e-05  1.405794e-06  4.086574e-06 -2.129949e-06
 [20,]  5.236626e-05  3.402559e-05 -2.752299e-06 -8.000795e-06  4.170067e-06
 [21,]  3.019823e-05  1.962084e-05 -1.587112e-06 -4.613654e-06  2.404667e-06
 [22,] -2.993924e-06 -1.945354e-06  1.573579e-07  4.574315e-07 -2.384164e-07
 [23,]  6.710377e-06  4.360184e-06 -3.526912e-07 -1.025257e-06  5.343701e-07
 [24,]  4.680624e-06  3.040851e-06 -2.459717e-07 -7.150275e-07  3.726769e-07
 [25,] -2.597506e-05 -1.687775e-05  1.365226e-06  3.968643e-06 -2.068483e-06
 [26,] -5.346366e-05 -3.473774e-05  2.809904e-06  8.168251e-06 -4.257345e-06
 [27,] -3.473774e-05 -2.257145e-05  1.825784e-06  5.307463e-06 -2.766284e-06
 [28,]  2.809904e-06  1.825784e-06 -1.476860e-07 -4.293157e-07  2.237622e-07
 [29,]  8.168251e-06  5.307463e-06 -4.293157e-07 -1.248003e-06  6.504654e-07
 [30,] -4.257345e-06 -2.766284e-06  2.237622e-07  6.504654e-07 -3.390269e-07
 [31,]  1.291034e-05  9.851708e-06 -8.230896e-07 -1.798813e-06  1.108023e-06
 [32,] -1.612047e-05 -1.174094e-05  9.417279e-07  2.982811e-06 -1.485963e-06
 [33,]  7.978994e-06  6.158437e-06 -5.142758e-07 -1.129377e-06  6.935838e-07
 [34,]  1.373226e-05  1.051367e-05 -8.423148e-07 -2.623956e-06  1.314453e-06
 [35,] -2.580533e-05 -1.762825e-05  1.447323e-06  3.765879e-06 -2.089782e-06
              [,196]        [,197]        [,198]        [,199]        [,200]
  [1,] -3.968335e-06  1.829247e-06 -2.443002e-06 -4.212279e-06  8.734467e-07
  [2,]  1.829247e-06  6.990604e-07  1.126117e-06  1.887836e-06  3.110783e-07
  [3,] -2.443002e-06  1.126117e-06 -1.503936e-06 -2.593161e-06  5.376955e-07
  [4,] -4.212279e-06  1.887836e-06 -2.593161e-06 -4.439309e-06  9.237345e-07
  [5,]  8.734467e-07  3.110783e-07  5.376955e-07  9.237345e-07  2.333935e-07
  [6,]  5.146640e-07  4.549077e-08  3.168373e-07  5.479458e-07 -2.255716e-09
  [7,] -2.673428e-07  5.017033e-07 -1.645668e-07 -2.853079e-07  1.838184e-07
  [8,]  2.310587e-06  1.169900e-06  1.422448e-06  2.399756e-06  4.489393e-07
  [9,]  4.520459e-06 -1.639074e-06  2.782877e-06  4.761849e-06 -7.580728e-07
 [10,]  2.410110e-06  2.952624e-07  1.483718e-06  2.551395e-06  1.940628e-07
 [11,]  3.056739e-06 -7.178789e-07  1.881786e-06  3.240808e-06 -1.414154e-07
 [12,]  3.602107e-06 -7.547559e-07  2.217514e-06  3.818339e-06 -8.994328e-08
 [13,]  4.393105e-07 -2.025049e-07  2.704501e-07  4.663162e-07 -9.669404e-08
 [14,]  1.379139e-06 -4.558230e-07  8.490307e-07  1.357357e-06 -2.922043e-07
 [15,] -3.398132e-06  2.329651e-06 -2.091959e-06 -3.585956e-06  1.167132e-06
 [16,]  2.051502e-06 -4.870223e-07  1.262945e-06  2.161775e-06 -3.790818e-07
 [17,] -4.870223e-07  1.147246e-07 -2.998207e-07 -5.132564e-07  8.796031e-08
 [18,]  1.262945e-06 -2.998207e-07  7.774950e-07  1.330832e-06 -2.333672e-07
 [19,]  2.161775e-06 -5.132564e-07  1.330832e-06  2.278013e-06 -3.994582e-07
 [20,] -3.790818e-07  8.796031e-08 -2.333672e-07 -3.994582e-07  1.355379e-07
 [21,] -1.580276e-07  3.777554e-08 -9.728527e-08 -1.665184e-07  1.686426e-08
 [22,]  2.419950e-07 -5.744595e-08  1.489769e-07  2.550028e-07 -4.472054e-08
 [23,] -4.954171e-07  1.106890e-07 -3.049892e-07 -5.220976e-07  9.427328e-08
 [24,] -2.123003e-06  4.982743e-07 -1.306961e-06 -2.237157e-06  3.746256e-07
 [25,] -3.249281e-07  6.837771e-08 -2.000266e-07 -3.423805e-07 -1.257408e-07
 [26,] -1.292628e-06  2.984205e-07 -7.957682e-07 -1.362110e-06  2.371650e-07
 [27,] -1.455044e-06  3.300440e-07 -8.957546e-07 -1.533255e-06  2.663329e-07
 [28,] -2.271095e-07  5.391531e-08 -1.398131e-07 -2.393171e-07  4.196588e-08
 [29,] -6.600754e-07  1.568860e-07 -4.063555e-07 -6.956808e-07  1.219797e-07
 [30,]  1.997664e-06 -4.765910e-07  1.229802e-06  2.105072e-06 -3.720000e-07
 [31,]  1.245570e-07  1.993321e-08 -2.116330e-07  3.428593e-09  1.949921e-07
 [32,]  1.993321e-08  4.645193e-09 -2.849917e-08  1.613239e-09  2.968777e-08
 [33,] -2.116330e-07 -2.849917e-08  3.364496e-07 -8.107667e-09 -3.057527e-07
 [34,]  3.428593e-09  1.613239e-09 -8.107667e-09 -3.405988e-09  4.062491e-11
 [35,]  1.949921e-07  2.968777e-08 -3.057527e-07  4.062491e-11  2.594785e-07
              [,201]        [,202]        [,203]        [,204]        [,205]
  [1,]  5.146640e-07 -2.673428e-07  2.310587e-06  4.520459e-06  2.410110e-06
  [2,]  4.549077e-08  5.017033e-07  1.169900e-06 -1.639074e-06  2.952624e-07
  [3,]  3.168373e-07 -1.645668e-07  1.422448e-06  2.782877e-06  1.483718e-06
  [4,]  5.479458e-07 -2.853079e-07  2.399756e-06  4.761849e-06  2.551395e-06
  [5,] -2.255716e-09  1.838184e-07  4.489393e-07 -7.580728e-07  1.940628e-07
  [6,]  1.337934e-09  1.312245e-07  1.523303e-07 -5.205217e-07 -4.726953e-08
  [7,]  1.312245e-07  1.260643e-07  7.856637e-07  3.771912e-07  4.897200e-07
  [8,]  1.523303e-07  7.856637e-07  2.035604e-06 -2.070975e-06  5.952073e-07
  [9,] -5.205217e-07  3.771912e-07 -2.070975e-06 -4.932531e-06 -2.289101e-06
 [10,] -4.726953e-08  4.897200e-07  5.952073e-07 -2.289101e-06 -9.230123e-09
 [11,] -3.307967e-07  2.329457e-07 -1.005851e-06 -3.163354e-06 -1.045585e-06
 [12,] -3.772699e-07  2.786749e-07 -1.098015e-06 -3.650669e-06 -1.089709e-06
 [13,] -5.697536e-08  2.959592e-08 -2.557912e-07 -5.004329e-07 -2.668088e-07
 [14,] -1.843715e-07  9.807524e-08 -6.264039e-07 -1.449147e-06 -8.146542e-07
 [15,]  5.922805e-07 -4.326379e-08  3.080413e-06  4.100592e-06  2.872747e-06
 [16,] -1.580276e-07  2.419950e-07 -4.954171e-07 -2.123003e-06 -3.249281e-07
 [17,]  3.777554e-08 -5.744595e-08  1.106890e-07  4.982743e-07  6.837771e-08
 [18,] -9.728527e-08  1.489769e-07 -3.049892e-07 -1.306961e-06 -2.000266e-07
 [19,] -1.665184e-07  2.550028e-07 -5.220976e-07 -2.237157e-06 -3.423805e-07
 [20,]  1.686426e-08 -4.472054e-08  9.427328e-08  3.746256e-07 -1.257408e-07
 [21,]  1.502199e-08 -1.863431e-08  3.602630e-08  1.636463e-07  5.477537e-08
 [22,] -1.863431e-08  2.855383e-08 -5.842246e-08 -2.504112e-07 -3.831413e-08
 [23,]  3.602630e-08 -5.842246e-08  1.849087e-07  5.453608e-07  1.338729e-07
 [24,]  1.636463e-07 -2.504112e-07  5.453608e-07  2.211661e-06  4.007159e-07
 [25,]  5.477537e-08 -3.831413e-08  1.338729e-07  4.007159e-07  5.949911e-07
 [26,]  9.583564e-08 -1.524517e-07  3.626407e-07  1.357404e-06  2.408156e-07
 [27,]  1.049565e-07 -1.716093e-07  4.488277e-07  1.543743e-06  3.002238e-07
 [28,]  1.749428e-08 -2.678982e-08  5.484466e-08  2.350250e-07  3.597084e-08
 [29,]  5.083288e-08 -7.786245e-08  1.595691e-07  6.832124e-07  1.045193e-07
 [30,] -1.549409e-07  2.356443e-07 -4.830173e-07 -2.071918e-06 -3.221204e-07
 [31,] -7.520019e-08  3.203959e-08 -3.068228e-08  9.305384e-08 -4.896034e-08
 [32,] -1.449365e-08  1.177454e-08 -2.376020e-09  1.469279e-08 -7.676893e-09
 [33,]  1.213294e-07 -4.404514e-08  5.733382e-08 -1.481430e-07  8.015770e-08
 [34,]  3.444844e-09 -8.920719e-09 -8.387901e-10  1.510595e-09 -2.691104e-09
 [35,] -9.570142e-08  7.409466e-09 -5.180214e-08  1.313290e-07 -7.665101e-08
              [,206]        [,207]        [,208]        [,209]        [,210]
  [1,]  3.056739e-06  3.602107e-06  4.393105e-07  1.379139e-06 -3.398132e-06
  [2,] -7.178789e-07 -7.547559e-07 -2.025049e-07 -4.558230e-07  2.329651e-06
  [3,]  1.881786e-06  2.217514e-06  2.704501e-07  8.490307e-07 -2.091959e-06
  [4,]  3.240808e-06  3.818339e-06  4.663162e-07  1.357357e-06 -3.585956e-06
  [5,] -1.414154e-07 -8.994328e-08 -9.669404e-08 -2.922043e-07  1.167132e-06
  [6,] -3.307967e-07 -3.772699e-07 -5.697536e-08 -1.843715e-07  5.922805e-07
  [7,]  2.329457e-07  2.786749e-07  2.959592e-08  9.807524e-08 -4.326379e-08
  [8,] -1.005851e-06 -1.098015e-06 -2.557912e-07 -6.264039e-07  3.080413e-06
  [9,] -3.163354e-06 -3.650669e-06 -5.004329e-07 -1.449147e-06  4.100592e-06
 [10,] -1.045585e-06 -1.089709e-06 -2.668088e-07 -8.146542e-07  2.872747e-06
 [11,] -1.503798e-06 -1.642177e-06 -3.383932e-07 -1.049535e-06  3.076589e-06
 [12,] -1.642177e-06 -1.736419e-06 -3.987677e-07 -1.234541e-06  3.706691e-06
 [13,] -3.383932e-07 -3.987677e-07 -4.863343e-08 -1.526762e-07  3.761868e-07
 [14,] -1.049535e-06 -1.234541e-06 -1.526762e-07 -1.233126e-07  1.110616e-06
 [15,]  3.076589e-06  3.706691e-06  3.761868e-07  1.110616e-06 -2.429875e-06
 [16,] -1.292628e-06 -1.455044e-06 -2.271095e-07 -6.600754e-07  1.997664e-06
 [17,]  2.984205e-07  3.300440e-07  5.391531e-08  1.568860e-07 -4.765910e-07
 [18,] -7.957682e-07 -8.957546e-07 -1.398131e-07 -4.063555e-07  1.229802e-06
 [19,] -1.362110e-06 -1.533255e-06 -2.393171e-07 -6.956808e-07  2.105072e-06
 [20,]  2.371650e-07  2.663329e-07  4.196588e-08  1.219797e-07 -3.720000e-07
 [21,]  9.583564e-08  1.049565e-07  1.749428e-08  5.083288e-08 -1.549409e-07
 [22,] -1.524517e-07 -1.716093e-07 -2.678982e-08 -7.786245e-08  2.356443e-07
 [23,]  3.626407e-07  4.488277e-07  5.484466e-08  1.595691e-07 -4.830173e-07
 [24,]  1.357404e-06  1.543743e-06  2.350250e-07  6.832124e-07 -2.071918e-06
 [25,]  2.408156e-07  3.002238e-07  3.597084e-08  1.045193e-07 -3.221204e-07
 [26,]  8.471318e-07  9.802666e-07  1.430991e-07  4.159041e-07 -1.264231e-06
 [27,]  9.802666e-07  1.154686e-06  1.610792e-07  4.681602e-07 -1.426933e-06
 [28,]  1.430991e-07  1.610792e-07  2.514193e-08  7.307299e-08 -2.211494e-07
 [29,]  4.159041e-07  4.681602e-07  7.307299e-08  2.127978e-07 -6.428499e-07
 [30,] -1.264231e-06 -1.426933e-06 -2.211494e-07 -6.428499e-07  1.941330e-06
 [31,]  6.231855e-08  1.811121e-07 -1.378896e-08 -5.199810e-08  2.780827e-08
 [32,]  8.701554e-09  2.655391e-08 -2.206686e-09  2.885900e-10  4.578684e-09
 [33,] -9.843695e-08 -2.935318e-07  2.342862e-08  6.077114e-08 -3.524797e-08
 [34,] -1.551630e-09 -1.296245e-09 -3.795590e-10 -1.313307e-09 -5.640632e-11
 [35,]  8.041994e-08  2.507782e-07 -2.158641e-08 -4.360242e-08  2.591651e-08
              [,211]        [,212]        [,213]        [,214]        [,215]
  [1,] -4.549527e-07 -2.435970e-07 -4.549219e-07 -4.452713e-07 -8.304091e-08
  [2,] -3.605408e-07 -1.869558e-07 -3.605748e-07 -3.483147e-07 -6.226981e-08
  [3,] -2.693736e-07 -1.427587e-07 -2.693546e-07 -2.636811e-07 -4.042075e-08
  [4,]  8.481388e-07  4.825138e-07  8.481694e-07  8.481522e-07  1.024513e-07
  [5,]  2.793468e-07  1.527338e-07  2.792868e-07  2.781911e-07  5.221326e-08
  [6,]  2.203735e-07  1.332729e-07  2.203386e-07  2.187299e-07 -7.751956e-09
  [7,] -6.440508e-08 -2.097314e-08 -6.440144e-08 -6.406358e-08 -2.053234e-08
  [8,]  1.067273e-07  6.669038e-08  1.067218e-07  1.175703e-07  2.081376e-08
  [9,]  2.900984e-08  1.677280e-08  2.900460e-08  2.948618e-08  5.944321e-09
 [10,]  1.739244e-07  9.320785e-08  1.739533e-07  1.702545e-07  3.174351e-08
 [11,] -5.424967e-07 -3.363222e-07 -5.424370e-07 -5.487015e-07  1.682653e-08
 [12,] -3.916107e-07 -2.495720e-07 -3.915725e-07 -3.987006e-07  2.926083e-08
 [13,]  5.036509e-08  2.696716e-08  5.036167e-08  4.929332e-08  9.192961e-09
 [14,] -1.052537e-07  1.987952e-08 -1.052570e-07 -7.530465e-08 -1.943772e-07
 [15,]  2.836561e-07  1.573862e-07  2.836613e-07  2.851397e-07  5.253771e-08
 [16,] -6.920712e-06 -1.657261e-10 -2.901838e-06 -6.427058e-06 -1.424311e-10
 [17,]  8.705364e-06  3.068083e-11  3.649975e-06  8.084493e-06  4.099814e-12
 [18,] -4.260222e-06  1.901577e-10 -1.786087e-06 -3.956327e-06  2.085539e-10
 [19,] -7.292525e-06  1.005461e-10 -3.057527e-06 -6.772368e-06  1.242900e-10
 [20,]  1.427886e-05  1.013423e-09  5.987535e-06  1.326047e-05  9.636198e-10
 [21,]  8.233675e-06 -6.866890e-11  3.452153e-06  7.646391e-06 -9.745716e-11
 [22,] -8.163259e-07 -1.954806e-11 -3.422837e-07 -7.580973e-07 -1.694429e-11
 [23,]  1.829413e-06 -1.467168e-10  7.669113e-07  1.698961e-06 -1.519123e-10
 [24,]  1.277007e-06  7.750372e-10  5.359691e-07  1.185983e-06  7.678116e-10
 [25,] -7.080483e-06  1.674518e-09 -2.967499e-06 -6.575354e-06  1.693449e-09
 [26,] -1.457738e-05 -2.659520e-10 -6.112156e-06 -1.353768e-05 -2.149148e-10
 [27,] -9.471505e-06 -1.932130e-10 -3.971323e-06 -8.795980e-06 -1.621680e-10
 [28,]  7.661497e-07  1.834654e-11  3.212445e-07  7.115001e-07  1.493107e-11
 [29,]  2.227018e-06  3.927392e-11  9.337205e-07  2.068296e-06  3.380309e-11
 [30,] -1.160705e-06  7.791063e-11 -4.866057e-07 -1.077904e-06  8.179194e-11
 [31,]  4.044236e-06  3.724176e-08  2.507367e-06  3.673847e-06  2.282389e-07
 [32,] -4.727231e-06  2.361537e-08 -2.793988e-06 -4.431528e-06 -5.897792e-08
 [33,]  2.404094e-06 -5.888752e-08  1.457972e-06  2.186088e-06  5.595309e-08
 [34,]  4.089540e-06 -3.752066e-08  2.470034e-06  3.718496e-06  7.841928e-08
 [35,] -7.528826e-06 -3.590345e-08 -4.358084e-06 -7.321624e-06 -1.664609e-07
              [,216]        [,217]        [,218]        [,219]        [,220]
  [1,] -4.447196e-07 -4.409684e-07 -4.452427e-07 -3.979652e-07 -9.688700e-09
  [2,] -3.476589e-07 -3.546423e-07 -3.479659e-07 -3.083102e-07 -1.257605e-08
  [3,] -2.630746e-07 -2.713586e-07 -2.633959e-07 -2.342979e-07 -5.963954e-09
  [4,]  8.478412e-07  8.435602e-07  8.482062e-07  7.891460e-07 -6.657682e-11
  [5,]  2.778028e-07  2.752499e-07  2.782183e-07  2.439405e-07  1.094869e-09
  [6,]  2.187081e-07  2.208987e-07  2.186297e-07  2.346047e-07  1.737623e-09
  [7,] -6.295061e-08 -9.132996e-08 -6.318614e-08 -2.047791e-08 -1.204638e-09
  [8,]  1.175679e-07  1.159716e-07  1.177098e-07  9.183509e-08 -1.098889e-08
  [9,]  2.949466e-08  2.768625e-08  2.952602e-08  2.533359e-08 -5.225769e-10
 [10,]  1.701242e-07  1.686943e-07  1.702242e-07  1.521231e-07  3.706568e-09
 [11,] -5.488977e-07 -5.513142e-07 -5.487309e-07 -5.769774e-07  6.248961e-09
 [12,] -3.989870e-07 -4.017521e-07 -3.987552e-07 -4.316873e-07  7.150621e-09
 [13,]  4.923224e-08  4.881696e-08  4.929014e-08  4.405634e-08  1.072578e-09
 [14,] -7.324666e-08 -7.800814e-08 -7.477820e-08  8.288496e-08 -3.043670e-08
 [15,]  2.849148e-07  2.821689e-07  2.851944e-07  2.472452e-07 -1.543963e-09
 [16,] -2.559930e-07 -1.544851e-08 -5.827087e-06 -6.920712e-06 -4.164021e-11
 [17,]  3.218588e-07  1.926570e-08  7.329954e-06  8.705365e-06 -5.384114e-11
 [18,] -1.573195e-07 -9.226964e-09 -3.587256e-06 -4.260221e-06 -2.496857e-11
 [19,] -2.695030e-07 -1.601452e-08 -6.140408e-06 -7.292525e-06 -4.222245e-13
 [20,]  5.287809e-07  3.252515e-08  1.202198e-05  1.427886e-05  4.656030e-12
 [21,]  3.043249e-07  1.812527e-08  6.932826e-06  8.233675e-06  8.339120e-12
 [22,] -3.019558e-08 -1.822412e-09 -6.873284e-07 -8.163258e-07 -5.109997e-12
 [23,]  6.750417e-08  3.902387e-09  1.540530e-06  1.829413e-06 -4.783410e-11
 [24,]  4.790765e-08  3.569424e-09  1.074593e-06  1.277008e-06 -2.379310e-12
 [25,] -2.602483e-07 -1.402800e-08 -5.963206e-06 -7.080484e-06  1.592958e-11
 [26,] -5.391475e-07 -3.246465e-08 -1.227399e-05 -1.457738e-05  2.685622e-11
 [27,] -3.503254e-07 -2.111392e-08 -7.974892e-06 -9.471505e-06  3.073079e-11
 [28,]  2.833867e-08  1.709364e-09  6.450810e-07  7.661505e-07  4.609738e-12
 [29,]  8.238132e-08  4.965078e-09  1.875221e-06  2.227020e-06 -1.296975e-10
 [30,] -4.283829e-08 -2.488631e-09 -9.773769e-07 -1.160705e-06 -6.743641e-12
 [31,]  3.067659e-07  8.421625e-08  3.488581e-06  4.026395e-06  6.598835e-09
 [32,] -1.747166e-07  2.454495e-08 -4.039395e-06 -4.740145e-06  7.295468e-09
 [33,]  1.047095e-07  5.173349e-08  2.062021e-06  2.393195e-06  4.039668e-09
 [34,]  1.618354e-07 -1.160688e-09  3.508722e-06  4.098304e-06 -1.861871e-09
 [35,] -3.780004e-07 -6.487600e-08 -6.390953e-06 -7.531861e-06 -1.838342e-10
              [,221]        [,222]        [,223]        [,224]        [,225]
  [1,] -4.546847e-07 -4.500905e-07 -8.077554e-11 -4.221651e-07 -4.501236e-07
  [2,] -3.603532e-07 -3.665149e-07  6.730206e-11 -3.269450e-07 -3.665668e-07
  [3,] -2.692088e-07 -2.770847e-07  9.771463e-11 -2.491889e-07 -2.769945e-07
  [4,]  8.482014e-07  8.433348e-07  8.055601e-11  8.248563e-07  8.433999e-07
  [5,]  2.791987e-07  2.762181e-07  4.988035e-11  2.637715e-07  2.762377e-07
  [6,]  2.202668e-07  2.225420e-07 -3.590867e-11  2.247168e-07  2.225796e-07
  [7,] -6.439067e-08 -9.232345e-08  3.787836e-10 -4.525879e-08 -9.240925e-08
  [8,]  1.069423e-07  1.054425e-07  1.856409e-11  1.116086e-07  1.054518e-07
  [9,]  2.901097e-08  2.717517e-08  2.669560e-11  2.803896e-08  2.718392e-08
 [10,]  1.739094e-07  1.721650e-07  3.090198e-11  1.614852e-07  1.721969e-07
 [11,] -5.424981e-07 -5.453915e-07  5.209808e-11 -5.634335e-07 -5.454089e-07
 [12,] -3.916729e-07 -3.949545e-07  5.961527e-11 -4.156227e-07 -3.949949e-07
 [13,]  5.033542e-08  4.982682e-08  8.942175e-12  4.673537e-08  4.983048e-08
 [14,] -1.046346e-07 -1.068184e-07 -2.381574e-11  2.746117e-09 -1.067508e-07
 [15,]  2.836985e-07  2.805989e-07  5.016515e-11  2.704607e-07  2.806319e-07
 [16,] -6.740135e-07 -1.594021e-10 -1.308350e-10 -9.227651e-07 -1.723806e-10
 [17,]  8.475768e-07  9.467276e-11 -2.916162e-12  1.160589e-06 -5.674070e-11
 [18,] -4.146432e-07 -9.813101e-11  2.117835e-10 -5.677733e-07  1.866887e-10
 [19,] -7.099416e-07 -1.251324e-10  1.331145e-10 -9.721106e-07  1.327444e-10
 [20,]  1.391170e-06  2.480409e-10  9.491677e-10  1.904453e-06  9.537620e-10
 [21,]  8.016121e-07  1.480550e-10 -1.061775e-10  1.097604e-06 -9.783069e-11
 [22,] -7.950278e-08 -1.880214e-11 -1.543276e-11 -1.088440e-07 -2.053131e-11
 [23,]  1.779492e-07 -1.628070e-11 -1.502140e-10  2.437699e-07 -1.980318e-10
 [24,]  1.250331e-07  1.950409e-11  7.695824e-10  1.709143e-07  7.670854e-10
 [25,] -6.878627e-07 -1.050012e-10  1.704526e-09 -9.424821e-07  1.720304e-09
 [26,] -1.419538e-06 -2.220122e-10 -2.035014e-10 -1.943607e-06 -1.765977e-10
 [27,] -9.223372e-07 -1.310628e-10 -1.539990e-10 -1.262861e-06 -1.231679e-10
 [28,]  7.461514e-08  1.764645e-11  1.363630e-11  1.021529e-07  1.908321e-11
 [29,]  2.167649e-07 -9.180059e-11  4.207486e-11  2.969560e-07 -8.761082e-11
 [30,] -1.129463e-07 -2.673648e-11  8.381585e-11 -1.546694e-07  7.702172e-11
 [31,]  7.285224e-07  7.655887e-08  1.918915e-09  7.567129e-07  8.056624e-08
 [32,] -6.062454e-07  3.907965e-08  1.217979e-09 -7.098513e-07  4.003963e-08
 [33,]  3.643598e-07  4.713114e-08 -3.052534e-09  3.810549e-07  4.908368e-08
 [34,]  5.957860e-07 -1.335696e-08 -1.931109e-09  6.521116e-07 -9.222785e-09
 [35,] -9.623423e-07 -5.450090e-08 -1.876860e-09 -1.161684e-06 -4.841789e-08
              [,226]        [,227]        [,228]        [,229]        [,230]
  [1,]  1.471053e-05 -7.178844e-06  2.522021e-05  6.713511e-07  1.830924e-06
  [2,]  1.163360e-05 -1.277440e-05  2.649395e-05  6.422055e-07  2.338564e-06
  [3,]  9.045375e-06 -4.426643e-06  1.551535e-05  4.028531e-07  1.116448e-06
  [4,] -7.363772e-06 -9.154915e-06  3.715332e-06 -8.438421e-07 -7.164757e-08
  [5,] -7.508590e-06 -4.588334e-06 -2.958439e-06 -3.027385e-07 -2.412383e-07
  [6,] -7.950671e-06 -3.691869e-06 -4.392163e-06 -2.602643e-07 -3.132138e-07
  [7,] -4.976119e-06 -7.045771e-06  2.985466e-06  9.072892e-08  2.266944e-07
  [8,] -3.469234e-06 -2.363126e-05  2.271588e-05  1.417138e-07  1.987184e-06
  [9,]  4.764530e-06  5.742402e-06 -3.118612e-06 -1.740026e-08  8.980522e-08
 [10,] -2.065296e-05 -1.112072e-05 -9.646793e-06 -2.566677e-07 -7.004195e-07
 [11,] -9.494274e-06  4.312565e-06 -1.543052e-05  4.030300e-07 -1.144162e-06
 [12,] -1.140716e-05  4.507115e-06 -1.788629e-05  2.319628e-07 -1.319256e-06
 [13,] -1.628515e-06  7.947267e-07 -2.791979e-06 -7.432125e-08 -2.026906e-07
 [14,]  6.746811e-05  5.211159e-06  6.407156e-05  7.840168e-07  5.682035e-06
 [15,] -1.182813e-05 -1.604186e-05  7.089641e-06 -2.470061e-07  2.406347e-07
 [16,]  9.321515e-06  1.607840e-07  4.147387e-06  7.809590e-06  2.701386e-09
 [17,] -1.078651e-05 -2.274340e-08 -4.602762e-06 -9.823237e-06  1.799008e-09
 [18,]  5.734511e-06  9.863951e-08  2.549609e-06  4.806028e-06  2.713602e-10
 [19,]  9.796194e-06  1.659008e-07  4.347265e-06  8.228916e-06  3.838323e-10
 [20,] -1.751712e-05 -5.177543e-09 -7.444204e-06 -1.611207e-05 -2.125105e-09
 [21,] -1.008419e-05 -8.164210e-09 -4.296620e-06 -9.290096e-06 -1.897030e-10
 [22,]  1.099593e-06  1.896645e-08  4.892104e-07  9.211726e-07  3.187833e-10
 [23,] -1.993292e-06 -3.750080e-08 -9.343257e-07 -2.064048e-06  2.428551e-09
 [24,] -2.218019e-06 -1.405643e-07 -1.175069e-06 -1.440641e-06 -5.743051e-10
 [25,]  8.944910e-06 -2.629626e-08  3.615317e-06  7.989457e-06 -2.295731e-09
 [26,]  1.749696e-05 -7.431704e-08  7.244738e-06  1.644797e-05 -8.676267e-10
 [27,]  1.154870e-05 -6.376709e-08  4.655437e-06  1.068747e-05 -6.950750e-10
 [28,] -1.031928e-06 -1.779943e-08 -4.591317e-07 -8.645520e-07 -2.982086e-10
 [29,] -2.914522e-06 -4.336732e-08 -1.259024e-06 -2.512286e-06  6.298643e-09
 [30,]  2.302109e-06  1.760058e-07  1.147126e-06  1.309807e-06  3.293462e-10
 [31,] -2.284153e-06  7.238850e-08 -8.970248e-07 -3.531359e-06 -5.356083e-08
 [32,]  5.441804e-06  1.188855e-07  3.696366e-06  3.899798e-06  8.794854e-08
 [33,] -1.566555e-06  1.263761e-07 -7.118936e-07 -2.162986e-06  2.848585e-09
 [34,] -3.424666e-06  3.963471e-08 -1.962722e-06 -3.438469e-06  8.541116e-09
 [35,]  6.512468e-06  2.404304e-08  3.649774e-06  6.778732e-06  8.358219e-08
              [,231]        [,232]        [,233]        [,234]        [,235]
  [1,]  4.504200e-07  1.374101e-06  8.567408e-07  1.125374e-05  1.464630e-05
  [2,]  3.550022e-07  1.569879e-06  2.518667e-07  1.263612e-05  1.150893e-05
  [3,]  2.665835e-07  8.458137e-07  5.167037e-07  6.917314e-06  9.016557e-06
  [4,] -8.476892e-07 -8.271168e-07 -4.147041e-07 -1.061114e-05 -6.114019e-06
  [5,] -2.784246e-07 -3.761618e-07 -3.245518e-07 -6.893815e-06 -6.968424e-06
  [6,] -2.197522e-07 -3.922443e-07 -2.551219e-07 -7.461705e-06 -7.726528e-06
  [7,]  6.360454e-08  2.013967e-07  1.116281e-07 -5.155294e-06 -4.999532e-06
  [8,] -1.110894e-07  9.560296e-07 -2.263063e-07 -1.801784e-06 -3.217867e-06
  [9,] -2.923298e-08  2.343217e-08 -4.656945e-07  8.196205e-06  4.717212e-06
 [10,] -1.722974e-07 -5.256788e-07 -3.228038e-07 -1.876561e-05 -2.007175e-05
 [11,]  5.452304e-07 -5.053162e-08  2.835119e-07 -7.258139e-06 -9.764834e-06
 [12,]  3.947911e-07 -2.869339e-07  9.524614e-08 -8.843719e-06 -1.125430e-05
 [13,] -4.986329e-08 -1.521185e-07 -9.484463e-08 -1.245834e-06 -1.621405e-06
 [14,]  9.097057e-08  3.007689e-06 -5.726244e-08  6.745120e-05  6.727062e-05
 [15,] -2.839226e-07 -1.256545e-07  1.163324e-07 -1.456672e-05 -1.084223e-05
 [16,]  3.110552e-07  1.986722e-08  7.184389e-06  8.918444e-06  5.766533e-07
 [17,] -3.910801e-07 -2.197057e-08 -8.932673e-06 -1.069359e-05 -9.414944e-08
 [18,]  1.911262e-07  1.189872e-08  4.419195e-06  5.486372e-06  3.549983e-07
 [19,]  3.274754e-07  1.948229e-08  7.570333e-06  9.372465e-06  5.814384e-07
 [20,] -6.424493e-07 -3.959642e-08 -1.465221e-05 -1.744143e-05 -1.370836e-07
 [21,] -3.697488e-07 -2.222856e-08 -8.425144e-06 -1.005634e-05 -3.686032e-08
 [22,]  3.669039e-08  2.343616e-09  8.474278e-07  1.052049e-06  6.802540e-08
 [23,] -8.201770e-08 -3.480211e-09 -1.897929e-06 -1.887189e-06 -1.169266e-07
 [24,] -5.817457e-08 -4.243968e-09 -1.405727e-06 -1.799008e-06 -5.604287e-07
 [25,]  3.162858e-07  1.669329e-08  7.297108e-06  9.007170e-06 -7.573177e-11
 [26,]  6.550423e-07  3.872353e-08  1.484797e-05  1.775545e-05 -3.659442e-07
 [27,]  4.256500e-07  2.483212e-08  9.617605e-06  1.184468e-05 -4.145743e-07
 [28,] -3.443427e-08 -2.198523e-09 -7.953398e-07 -9.873074e-07 -6.383783e-08
 [29,] -1.000778e-07 -2.566753e-09 -2.312015e-06 -2.785903e-06 -1.003296e-07
 [30,]  5.206540e-08  3.212262e-09  1.288603e-06  1.908056e-06  5.476211e-07
 [31,] -2.631559e-07 -3.310606e-08 -2.896680e-06 -2.309746e-06  1.108060e-06
 [32,]  1.330554e-07  3.994421e-08  3.370445e-06  5.431623e-06  1.443481e-06
 [33,] -8.297844e-08 -2.063721e-08 -1.943634e-06 -1.518725e-06  6.821395e-07
 [34,] -1.176238e-07  3.027058e-09 -2.920473e-06 -3.434869e-06  2.207657e-08
 [35,]  3.352487e-07  5.829112e-08  5.605465e-06  6.476051e-06 -1.203761e-07
              [,236]        [,237]        [,238]        [,239]        [,240]
  [1,]  2.080255e-05  2.123687e-05 -2.493038e-07  4.223719e-07  1.157846e-05
  [2,]  2.685974e-05  2.743550e-05 -2.309308e-06  3.271628e-07  1.268547e-05
  [3,]  1.279576e-05  1.307384e-05 -1.536238e-07  2.493093e-07  7.127817e-06
  [4,] -4.896208e-07 -4.765833e-07 -2.672834e-07 -8.248309e-07 -1.065246e-05
  [5,] -2.479693e-06 -2.524588e-06 -7.078851e-07 -2.638176e-07 -6.967813e-06
  [6,] -3.956638e-06 -4.039798e-06 -6.057681e-07 -2.247579e-07 -7.628320e-06
  [7,]  2.464442e-06  2.543702e-06 -9.811587e-07  4.521690e-08 -5.267228e-06
  [8,]  2.326907e-05  2.377191e-05 -3.960100e-06 -1.114008e-07 -2.232888e-06
  [9,]  1.085670e-06  1.110832e-06 -1.284767e-07 -2.802891e-08  8.177777e-06
 [10,] -7.958290e-06 -8.125633e-06 -1.907849e-06 -1.615348e-07 -1.914555e-05
 [11,] -1.258132e-05 -1.286153e-05  1.607945e-07  5.633346e-07 -7.250693e-06
 [12,] -1.462577e-05 -1.494646e-05  1.839954e-07  4.155144e-07 -8.793998e-06
 [13,] -2.302926e-06 -2.351007e-06  2.759893e-08 -4.675826e-08 -1.281781e-06
 [14,]  6.398912e-05  6.536786e-05  9.500718e-08 -2.169807e-09  6.846941e-05
 [15,]  3.129253e-06  3.205655e-06 -1.400203e-06 -2.704261e-07 -1.468366e-05
 [16,]  8.429598e-07  2.554915e-08  1.438697e-07  1.121850e-06  1.513441e-07
 [17,] -9.984504e-07  3.227994e-08 -3.356274e-08 -1.411455e-06  1.243656e-08
 [18,]  5.185989e-07  1.572857e-08  8.822664e-08  6.886653e-07  9.282758e-08
 [19,]  8.629890e-07  7.402406e-10  1.512490e-07  1.181854e-06  1.329451e-07
 [20,] -1.692792e-06 -2.559577e-09 -3.316319e-08 -2.315008e-06 -1.616796e-08
 [21,] -9.783570e-07 -2.802413e-09 -9.576849e-09 -1.333443e-06 -7.910752e-09
 [22,]  9.943068e-08  3.013714e-09  1.697001e-08  1.323269e-07  1.785264e-08
 [23,] -1.885711e-07  2.804998e-08 -3.781166e-08 -2.963709e-07 -1.232398e-09
 [24,] -1.505605e-07  9.704678e-10 -1.495780e-07 -2.072941e-07 -1.031160e-07
 [25,]  8.266036e-07 -9.550870e-09 -1.179241e-08  1.145903e-06  8.427167e-09
 [26,]  1.709170e-06 -1.606248e-08 -9.245487e-08  2.361746e-06 -6.808709e-08
 [27,]  1.102850e-06 -1.852802e-08 -1.058874e-07  1.535323e-06 -5.604738e-08
 [28,] -9.331816e-08 -2.828394e-09 -1.592610e-08 -1.241925e-07 -1.675440e-08
 [29,] -1.878281e-07  7.702188e-08 -4.628141e-08 -3.610231e-07  3.653185e-08
 [30,]  1.412661e-07  5.434869e-09  1.402107e-07  1.880439e-07  1.475629e-07
 [31,]  5.277992e-07  1.037550e-06 -1.539902e-09 -5.816196e-07  1.049505e-06
 [32,]  1.869641e-06  1.411831e-06 -9.554053e-10  5.066400e-07  1.413409e-06
 [33,]  4.077983e-07  6.387369e-07  3.285737e-09 -3.521097e-07  6.113901e-07
 [34,] -4.024997e-07  3.299711e-08  2.094183e-09 -4.692479e-07  2.945650e-08
 [35,]  6.949017e-07 -6.599286e-08  1.833901e-09  9.563001e-07 -4.928431e-08
              [,241]        [,242]        [,243]        [,244]        [,245]
  [1,] -3.772355e-05 -7.057289e-06 -3.696110e-05 -2.270248e-07 -1.749046e-06
  [2,] -2.317875e-05  3.426834e-07 -2.330326e-05 -2.938996e-07 -2.277797e-06
  [3,] -2.322335e-05 -4.344610e-06 -2.275397e-05 -1.397538e-07 -1.076743e-06
  [4,] -1.819994e-05 -6.583817e-06 -1.740081e-05 -5.151060e-09 -3.083001e-08
  [5,]  4.070712e-06  7.490176e-07  3.997301e-06  2.464933e-08  1.891537e-07
  [6,]  5.314693e-06  6.972979e-07  5.262187e-06  4.163280e-08  3.211644e-07
  [7,] -4.471985e-06 -8.486528e-07 -4.359574e-06 -2.677662e-08 -2.062656e-07
  [8,] -1.951157e-05  6.310811e-07 -1.961781e-05 -2.592455e-07 -2.009327e-06
  [9,]  1.680028e-05  6.563199e-06  1.601901e-05 -1.124968e-08 -9.581596e-08
 [10,]  1.436365e-05  2.661343e-06  1.413712e-05  8.677439e-08  6.691131e-07
 [11,]  2.430160e-05  4.546092e-06  2.383724e-05  1.462803e-07  1.128080e-06
 [12,]  2.780900e-05  5.201630e-06  2.727686e-05  1.674347e-07  1.290842e-06
 [13,]  4.176148e-06  7.812702e-07  4.091741e-06  2.513255e-08  1.936264e-07
 [14,] -5.985828e-05 -5.782870e-07 -6.008922e-05 -7.089258e-07 -5.491310e-06
 [15,] -2.003073e-05 -6.244603e-06 -1.926742e-05 -3.893512e-08 -2.933675e-07
 [16,] -1.705077e-06  8.450279e-08 -6.790182e-07 -1.382468e-06 -2.534024e-09
 [17,]  1.930570e-06 -2.341570e-08  8.211948e-07  1.738736e-06 -1.799277e-09
 [18,] -1.046037e-06  5.202164e-08 -4.147992e-07 -8.497118e-07 -5.145478e-10
 [19,] -1.771316e-06  9.154610e-08 -6.929504e-07 -1.456526e-06 -5.308599e-10
 [20,]  3.177686e-06 -8.780712e-09  1.396866e-06  2.851440e-06  9.988341e-10
 [21,]  1.794551e-06 -7.369697e-09  7.943474e-07  1.643720e-06  3.048692e-10
 [22,] -2.012030e-07  9.966101e-09 -8.010221e-08 -1.630676e-07 -2.988983e-10
 [23,] -1.887994e-08 -2.602993e-08  1.776145e-08  3.651018e-07 -2.248005e-09
 [24,]  2.307526e-07 -9.262108e-08  3.900869e-08  2.544814e-07 -3.250116e-10
 [25,] -2.082154e-06 -3.324255e-08 -8.617435e-07 -1.414410e-06  3.097091e-10
 [26,] -3.330577e-06 -5.455899e-08 -1.494438e-06 -2.910273e-06  1.115696e-09
 [27,] -2.529923e-06 -6.268288e-08 -1.098088e-06 -1.891498e-06  8.816815e-10
 [28,]  1.887588e-07 -9.354797e-09  7.517004e-08  1.530447e-07  2.805177e-10
 [29,]  4.637170e-07 -3.554426e-08  1.430878e-07  4.439701e-07 -6.331618e-09
 [30,] -4.405435e-07  8.444324e-08 -1.063733e-07 -2.318758e-07 -4.250314e-10
 [31,] -1.760394e-06 -1.097949e-07 -1.610627e-06 -1.426721e-07 -1.746556e-07
 [32,] -7.140909e-07 -1.424220e-07 -9.019015e-07  5.316543e-07 -2.894139e-08
 [33,] -8.377294e-07 -6.758999e-08 -7.462545e-07 -2.321498e-08 -5.878783e-08
 [34,] -6.654781e-07 -2.314754e-09 -5.078896e-07 -2.801403e-07 -8.695997e-08
 [35,]  1.016391e-06  1.187813e-08  7.083396e-07  5.429122e-07  8.287626e-08
              [,246]        [,247]        [,248]        [,249]        [,250]
  [1,] -5.841104e-09 -9.337507e-07 -1.659624e-06 -2.310009e-05 -3.765003e-05
  [2,] -7.316294e-09 -1.216042e-06  3.879307e-07 -2.618600e-05 -2.319237e-05
  [3,] -3.595582e-09 -5.748356e-07 -1.021679e-06 -1.422086e-05 -2.317811e-05
  [4,] -2.964015e-10 -1.645434e-08 -1.748740e-06 -3.066622e-06 -1.812250e-05
  [5,]  6.353818e-10  1.009787e-07  1.814074e-07  2.489431e-06  4.062220e-06
  [6,]  1.056826e-09  1.714591e-07  1.479172e-07  3.983882e-06  5.312195e-06
  [7,] -6.692853e-10 -1.101397e-07 -1.956298e-07 -2.746428e-06 -4.458186e-06
  [8,] -6.446511e-09 -1.072711e-06  4.385685e-07 -2.299776e-05 -1.951449e-05
  [9,] -1.163958e-10 -5.115219e-08  1.760974e-06  1.576276e-06  1.673633e-05
 [10,]  2.225133e-09  3.572209e-07  6.297054e-07  8.777219e-06  1.435350e-05
 [11,]  3.754224e-09  6.022443e-07  1.070165e-06  1.487313e-05  2.427985e-05
 [12,]  4.296964e-09  6.891420e-07  1.224624e-06  1.701846e-05  2.778308e-05
 [13,]  6.466335e-10  1.033699e-07  1.837271e-07  2.557273e-06  4.168009e-06
 [14,] -1.769231e-08 -2.931622e-06  5.336817e-07 -6.364079e-05 -5.988187e-05
 [15,] -1.126375e-09 -1.566181e-07 -1.619861e-06 -5.971050e-06 -1.995801e-05
 [16,] -5.503102e-08 -4.395487e-09 -1.289703e-06 -1.869623e-06  9.294353e-08
 [17,]  6.922020e-08  2.707134e-09  1.587237e-06  1.968967e-06 -5.942630e-08
 [18,] -3.383450e-08 -2.705926e-09 -7.903242e-07 -1.147334e-06  5.721823e-08
 [19,] -5.798312e-08 -3.489670e-09 -1.359050e-06 -1.945036e-06  1.233837e-07
 [20,]  1.135193e-07  6.913905e-09  2.622023e-06  3.160111e-06  6.498562e-08
 [21,]  6.543919e-08  4.120594e-09  1.487573e-06  1.815746e-06 -1.971888e-08
 [22,] -6.491129e-09 -5.184652e-10 -1.521258e-07 -2.206118e-07  1.095643e-08
 [23,]  1.453501e-08 -3.957321e-10  3.395277e-07  2.506992e-08 -5.947884e-08
 [24,]  1.013115e-08  5.467338e-10  2.598990e-07  4.140737e-07 -1.436312e-07
 [25,] -5.631112e-08 -2.948392e-09 -1.356309e-06 -1.934823e-06 -2.407946e-07
 [26,] -1.158587e-07 -6.225579e-09 -2.617421e-06 -3.231655e-06 -6.012681e-08
 [27,] -7.530098e-08 -3.693453e-09 -1.692505e-06 -2.413077e-06 -6.892338e-08
 [28,]  6.092146e-09  4.865889e-10  1.427753e-07  2.069747e-07 -1.028922e-08
 [29,]  1.768648e-08 -2.401070e-09  4.150402e-07  5.177598e-07 -1.149057e-07
 [30,] -9.230640e-09 -7.371401e-10 -2.449586e-07 -6.014171e-07  1.105765e-07
 [31,] -4.360997e-08 -5.109819e-08 -5.919575e-07 -1.716472e-06 -1.114966e-06
 [32,]  4.166130e-08 -6.447353e-08  6.689635e-07 -6.911147e-07 -1.450294e-06
 [33,] -2.173102e-08 -3.108890e-08 -1.184222e-07 -8.743616e-07 -6.863686e-07
 [34,] -4.421158e-08 -1.866163e-09 -5.883084e-07 -6.635219e-07 -2.081582e-08
 [35,]  4.275172e-08  6.583550e-09  7.854947e-07  1.055791e-06  1.205935e-07
              [,251]        [,252]        [,253]        [,254]        [,255]
  [1,] -2.036136e-05 -2.080528e-05 -4.763764e-06 -2.068881e-10 -2.412222e-05
  [2,] -2.651693e-05 -2.708719e-05  1.101376e-06 -2.179542e-10 -2.635237e-05
  [3,] -1.253486e-05 -1.280815e-05 -2.932669e-06 -1.204117e-10 -1.485012e-05
  [4,] -3.588386e-07 -3.719798e-07 -5.015500e-06 -2.537726e-11 -3.869247e-06
  [5,]  2.201957e-06  2.249948e-06  5.142865e-07  4.610169e-11  2.595021e-06
  [6,]  3.738834e-06  3.819859e-06  4.240867e-07  4.110691e-11  4.105100e-06
  [7,] -2.401612e-06 -2.454073e-06 -5.642741e-07  4.190876e-11 -2.861983e-06
  [8,] -2.339149e-05 -2.389423e-05  1.243358e-06 -2.079400e-10 -2.308722e-05
  [9,] -1.115407e-06 -1.133990e-06  5.050576e-06 -1.006322e-11  2.380908e-06
 [10,]  7.789536e-06  7.959376e-06  1.814874e-06  4.966127e-11  9.189327e-06
 [11,]  1.313252e-05  1.341884e-05  3.072504e-06  9.891749e-11  1.555559e-05
 [12,]  1.502740e-05  1.535504e-05  3.515834e-06  1.083623e-10  1.779979e-05
 [13,]  2.254084e-06  2.303228e-06  5.273678e-07  2.290334e-11  2.670426e-06
 [14,] -6.392681e-05 -6.530277e-05  1.518293e-06 -5.767127e-10 -6.422873e-05
 [15,] -3.415227e-06 -3.493854e-06 -4.649510e-06 -3.470134e-11 -6.754648e-06
 [16,] -1.688933e-07 -2.451407e-08  4.358633e-08 -1.990630e-07  3.441016e-09
 [17,]  1.509127e-07 -3.195851e-08 -1.019889e-08  2.508664e-07 -3.822130e-08
 [18,] -1.039732e-07 -1.509135e-08  2.683262e-08 -1.209284e-07  2.118358e-09
 [19,] -1.530688e-07 -3.895474e-10  4.593517e-08 -2.097663e-07  2.906635e-08
 [20,]  3.014554e-07  2.709120e-09  1.118655e-08  4.103922e-07  1.067452e-08
 [21,]  1.767576e-07  4.540319e-09 -6.806954e-09  2.358575e-07  9.438063e-11
 [22,] -1.992165e-08 -2.891623e-09  5.141182e-09 -2.348027e-08  4.050857e-10
 [23,]  1.068165e-08 -2.822222e-08 -1.153034e-08  5.262676e-08 -3.872140e-08
 [24,]  2.539622e-08 -1.418288e-09 -4.996699e-08  3.624785e-08 -3.522972e-08
 [25,] -1.390448e-07  9.322168e-09 -6.012623e-08 -2.037128e-07 -3.457513e-08
 [26,] -2.896174e-07  1.573565e-08 -2.811217e-08 -4.181037e-07 -4.662724e-09
 [27,] -1.805093e-07  1.802863e-08 -3.216855e-08 -2.724351e-07 -7.215451e-09
 [28,]  1.869716e-08  2.713806e-09 -4.825190e-09  2.203706e-08 -3.809342e-10
 [29,] -2.885078e-08 -7.710661e-08 -1.404396e-08  6.405989e-08 -8.609507e-08
 [30,] -2.832843e-08 -4.058127e-09  4.255016e-08 -3.338883e-08  2.320836e-08
 [31,] -1.256060e-06 -1.113842e-06 -5.414702e-10 -1.750932e-07 -1.129916e-06
 [32,] -1.263055e-06 -1.450563e-06 -2.245028e-10  2.032113e-07 -1.453074e-06
 [33,] -7.719970e-07 -6.857036e-07 -3.332270e-10 -2.894523e-08 -6.603787e-07
 [34,] -1.932817e-07 -1.963560e-08 -3.343347e-10 -1.828636e-07 -2.034775e-08
 [35,]  2.674123e-07  1.204649e-07  6.054666e-11  2.053839e-07  9.768549e-08
              [,256]        [,257]        [,258]        [,259]        [,260]
  [1,]  1.112188e-05  1.015908e-05  1.471080e-08  1.497780e-10  1.163283e-09
  [2,]  1.541128e-05  1.407032e-05  1.802288e-08  1.947094e-10  1.502023e-09
  [3,]  6.846853e-06  6.254131e-06  9.056262e-09  9.220634e-11  7.161400e-10
  [4,]  1.170564e-05  1.070325e-05  1.239664e-09  2.896789e-12  2.631885e-11
  [5,]  4.590882e-06  4.222966e-06 -8.070342e-10 -1.588226e-11 -1.286907e-10
  [6,]  3.156514e-06  2.989276e-06 -2.615134e-09 -2.746572e-11 -1.987124e-10
  [7,]  8.181804e-06  7.495320e-06  1.701485e-09  1.748605e-11  1.035000e-10
  [8,]  2.667029e-05  2.445537e-05  1.556749e-08  1.717199e-10  1.328464e-09
  [9,] -8.341318e-06 -7.630832e-06  3.340469e-10  7.893837e-12  6.641374e-11
 [10,]  1.110256e-05  1.020794e-05 -4.320049e-09 -5.695184e-11 -4.371352e-10
 [11,] -6.301849e-06 -5.735570e-06 -7.800746e-09 -9.585476e-11 -7.441052e-10
 [12,] -6.898262e-06 -6.270300e-06 -8.897514e-09 -1.100196e-10 -8.467125e-10
 [13,] -1.231237e-06 -1.124651e-06 -1.628544e-09 -1.658103e-11 -1.287800e-10
 [14,] -3.531470e-06 -3.262318e-06  4.293044e-08  4.694909e-10  3.652265e-09
 [15,]  1.982442e-05  1.812598e-05  3.733694e-09  2.529859e-11  1.951173e-10
 [16,] -2.955985e-08 -2.645655e-08 -2.144051e-09 -2.334100e-11 -2.493061e-11
 [17,] -5.228497e-09 -5.042990e-09 -3.954504e-10 -9.409282e-13 -3.830364e-12
 [18,] -1.814753e-08 -1.623708e-08 -1.276012e-09  3.573158e-11  3.463379e-11
 [19,] -3.036708e-08 -2.712533e-08 -2.054556e-09  2.221061e-11  2.273754e-11
 [20,] -1.447545e-08 -1.071286e-08 -1.348155e-09  1.619560e-10  1.626511e-10
 [21,] -2.908871e-09 -3.858767e-09 -2.211042e-10 -1.791472e-11 -1.770907e-11
 [22,] -3.486733e-09 -3.120656e-09 -2.528967e-10 -2.753177e-12 -2.940665e-12
 [23,]  6.641820e-09  5.868167e-09  4.439209e-10 -2.598245e-11 -2.863387e-11
 [24,]  3.836425e-09  2.957785e-10  1.037435e-09  1.327989e-10  1.315051e-10
 [25,] -2.889716e-08 -2.576191e-08 -1.672933e-09  2.918117e-10  2.925728e-10
 [26,] -1.866179e-08 -1.189197e-08 -2.159440e-09 -3.624140e-11 -3.315496e-11
 [27,] -3.892671e-08 -3.474032e-08 -2.565083e-09 -2.695432e-11 -2.443844e-11
 [28,]  3.272393e-09  2.928846e-09  2.373550e-10  2.583942e-12  2.759918e-12
 [29,]  9.407414e-09  8.503666e-09  5.899035e-10  6.368041e-12 -8.289365e-13
 [30,] -5.061482e-08 -4.710269e-08 -3.242588e-09  1.373477e-11  1.389320e-11
 [31,] -2.662173e-10 -2.625096e-11 -2.668417e-10  7.748361e-11 -2.249972e-11
 [32,] -3.479183e-10 -3.416422e-11 -3.478565e-10  1.005898e-10 -2.923258e-11
 [33,] -1.638752e-10 -1.614716e-11 -1.642602e-10  4.771311e-11 -1.383785e-11
 [34,] -3.679463e-12 -4.514597e-13 -4.393390e-12  1.627466e-12 -4.176242e-13
 [35,]  3.033636e-11  2.925816e-12  2.940049e-11 -7.989664e-12  2.485745e-12
              [,261]        [,262]        [,263]        [,264]        [,265]
  [1,]  5.055803e-12  6.180967e-10  2.471739e-11  1.059972e-05  1.071306e-05
  [2,]  4.691203e-12  8.048840e-10 -5.422530e-12  1.467184e-05  1.519088e-05
  [3,]  3.112441e-12  3.805127e-10  1.521651e-11  6.525399e-06  6.595174e-06
  [4,]  1.449724e-12  1.095300e-11  2.596634e-11  1.115558e-05  1.127484e-05
  [5,]  1.053883e-12 -6.675158e-11  2.110193e-11  4.431553e-06  4.332489e-06
  [6,] -6.114058e-13 -1.135098e-10  6.999854e-12  3.283302e-06  3.149420e-06
  [7,] -6.457195e-13  7.290701e-11 -3.079290e-11  7.848817e-06  8.133612e-06
  [8,]  3.952327e-12  7.099982e-10 -6.414623e-12  2.565371e-05  2.652743e-05
  [9,] -1.299828e-12  3.377078e-11 -2.354157e-11 -7.961796e-06 -8.249064e-06
 [10,] -8.810291e-14 -2.363796e-10  2.314241e-11  1.071929e-05  1.068418e-05
 [11,]  6.188269e-13 -3.984610e-10  4.730515e-11 -5.977209e-06 -6.587823e-06
 [12,] -9.652095e-13 -4.560536e-10  3.060421e-11 -6.529181e-06 -7.457772e-06
 [13,] -5.596976e-13 -6.842578e-11 -2.736314e-12 -1.173431e-06 -1.185979e-06
 [14,]  1.204400e-11  1.940384e-09  1.175597e-11 -3.364043e-06 -3.399926e-06
 [15,]  1.742281e-12  1.037211e-10  1.986685e-11  1.889363e-05  1.909561e-05
 [16,] -2.406762e-11 -2.321687e-11 -3.949515e-10 -2.598335e-08 -5.797867e-09
 [17,] -5.451798e-13 -2.263227e-12 -2.313247e-10 -4.642859e-09 -1.612552e-09
 [18,]  3.217481e-11  3.417217e-11 -2.431016e-10 -1.594577e-08 -3.569283e-09
 [19,]  1.822773e-11  2.189667e-11 -5.587791e-11 -2.728716e-08 -5.374142e-09
 [20,]  1.483167e-10  1.573658e-10 -2.979401e-10 -1.031113e-08 -2.681084e-09
 [21,] -1.588538e-11 -1.729836e-11 -1.029376e-09 -1.858549e-09 -2.087649e-09
 [22,] -2.838872e-12 -2.738522e-12 -4.658615e-11 -3.064871e-09 -6.838840e-10
 [23,] -2.336859e-11 -2.644315e-11  1.043789e-10  5.706422e-09  9.730927e-10
 [24,]  1.281899e-10  1.278106e-10  1.884074e-10 -7.879386e-11  1.922585e-10
 [25,]  2.710510e-10  2.831011e-10  8.502495e-11 -2.619519e-08 -4.895706e-09
 [26,] -4.076619e-11 -3.330097e-11  9.951225e-11 -1.227484e-08 -2.062068e-09
 [27,] -2.889324e-11 -2.474451e-11  1.921326e-10 -3.546727e-08 -6.410598e-09
 [28,]  2.664382e-12  2.570200e-12  4.372271e-11  2.876461e-09  6.418470e-10
 [29,]  7.716608e-12  2.745731e-12  1.270991e-10  8.257810e-09  1.760548e-09
 [30,]  1.051502e-11  1.350895e-11 -6.667548e-10 -4.625474e-08 -1.029669e-08
 [31,] -7.947949e-14 -1.200225e-11 -1.338418e-14 -2.637614e-10 -2.671790e-10
 [32,] -9.619755e-14 -1.562484e-11  2.064626e-14 -3.434720e-10 -3.479550e-10
 [33,] -3.621912e-14 -7.375758e-12 -6.868212e-15 -1.623647e-10 -1.644808e-10
 [34,]  3.932731e-15 -2.070855e-13 -1.063794e-14 -4.644245e-12 -4.706293e-12
 [35,]  4.603850e-14  1.333670e-12  4.131391e-14  2.857000e-11  2.889301e-11
              [,266]        [,267]        [,268]        [,269]        [,270]
  [1,]  1.348213e-08  1.646317e-08  1.465653e-06  1.282349e-13  1.088010e-05
  [2,]  1.754601e-08  2.176375e-08  2.096360e-06  1.550317e-13  1.514398e-05
  [3,]  8.299868e-09  1.013506e-08  9.022853e-07  7.893139e-14  6.698007e-06
  [4,]  2.429927e-10  3.083401e-09  1.544458e-06  7.593937e-15  1.145086e-05
  [5,] -1.460654e-09 -1.350468e-09  5.909457e-07 -1.655348e-14  4.421286e-06
  [6,] -2.461825e-09 -6.862403e-09  4.887904e-07 -9.765969e-15  3.127179e-06
  [7,]  1.558988e-09  2.465063e-09  1.144369e-06 -1.600418e-14  8.096823e-06
  [8,]  1.548115e-08  1.746358e-08  3.729843e-06  1.399333e-13  2.630131e-05
  [9,]  7.410426e-10 -9.001607e-10 -1.144600e-06  9.494664e-15 -8.194925e-06
 [10,] -5.150453e-09 -5.107597e-09  1.487359e-06 -4.176160e-14  1.085514e-05
 [11,] -8.689832e-09 -1.060526e-08 -9.453080e-07 -7.699020e-14 -6.396110e-06
 [12,] -9.939295e-09 -1.212545e-08 -1.081706e-06 -8.369687e-14 -7.050684e-06
 [13,] -1.492526e-09 -1.822539e-09 -1.622536e-07 -1.419612e-14 -1.204471e-06
 [14,]  4.232870e-08  4.237606e-08 -4.716535e-07  4.025964e-13 -3.453686e-06
 [15,]  2.261371e-09  7.110947e-09  2.615508e-06  2.147961e-14  1.939371e-05
 [16,] -5.223710e-11 -6.736930e-10 -5.669418e-11 -2.242202e-11 -2.480327e-08
 [17,] -3.926967e-11 -4.637737e-10 -2.400317e-11 -4.982511e-13 -4.555130e-09
 [18,]  1.794300e-11 -4.147389e-10  1.519913e-11  3.629727e-11 -1.521929e-08
 [19,]  2.226563e-11 -1.271515e-11  2.061932e-11  2.283699e-11 -2.535479e-08
 [20,]  1.659219e-10 -4.196252e-10  1.412318e-10  1.627649e-10 -9.938416e-09
 [21,] -1.272325e-11 -1.903306e-09 -1.134283e-10 -1.820715e-11 -3.531483e-09
 [22,] -6.161575e-12 -7.946482e-11 -6.687305e-12 -2.644767e-12 -2.925645e-09
 [23,] -5.994801e-11  1.351286e-10 -1.670691e-11 -2.575886e-11  5.833528e-09
 [24,]  1.303928e-10  2.138228e-10  1.441731e-10  1.319573e-10 -1.207441e-10
 [25,]  3.036340e-10  2.569730e-10  3.053916e-10  2.922877e-10 -2.403049e-08
 [26,] -1.580803e-11  4.185710e-10 -1.279379e-11 -3.489030e-11 -1.079741e-08
 [27,] -4.481699e-12  4.813823e-10 -1.112924e-12 -2.639199e-11 -3.241830e-08
 [28,]  5.782856e-12  7.458051e-11  6.276272e-12  2.482207e-12  2.745821e-09
 [29,] -8.623822e-11  1.115324e-10  1.822326e-11  7.214711e-12  7.876704e-09
 [30,]  9.328230e-12 -1.153060e-09 -4.659857e-11  1.436498e-11 -4.415873e-08
 [31,] -2.615759e-10 -2.672081e-10 -5.998622e-14 -8.442701e-15 -2.671649e-10
 [32,] -3.405909e-10 -3.479282e-10 -7.138831e-14 -3.923696e-15 -3.479283e-10
 [33,] -1.610179e-10 -1.644986e-10 -2.482107e-14  8.264013e-15 -1.644586e-10
 [34,] -4.628505e-12 -4.736577e-12  4.687772e-15  6.690840e-15 -4.703357e-12
 [35,]  2.833923e-11  2.891055e-11  4.523069e-14  3.966913e-14  2.892842e-11
              [,271]        [,272]        [,273]        [,274]        [,275]
  [1,]  1.234609e-05  4.320652e-06  1.218109e-05  7.952566e-10  1.907365e-27
  [2,] -3.505582e-06 -1.451644e-06 -2.848138e-06 -1.859437e-10  2.478240e-27
  [3,]  7.600497e-06  2.659880e-06  7.498926e-06  4.895758e-10  1.161867e-27
  [4,]  1.300993e-05  4.552974e-06  1.283607e-05  8.380175e-10  2.896254e-29
  [5,] -1.432352e-06 -5.363839e-07 -1.317342e-06 -8.600731e-11 -2.115494e-28
  [6,] -7.409093e-07 -1.279772e-07 -1.087747e-06 -7.101454e-11 -3.341384e-28
  [7,]  1.330705e-06  4.200776e-07  1.436809e-06  9.380369e-11  1.885883e-28
  [8,] -3.796214e-06 -1.521888e-06 -3.220365e-06 -2.102452e-10  2.182420e-27
  [9,] -1.325250e-05 -4.691541e-06 -1.292974e-05 -8.441317e-10  1.021316e-28
 [10,] -4.987164e-06 -1.841766e-06 -4.659958e-06 -3.042221e-10 -7.284542e-28
 [11,] -7.962981e-06 -2.786765e-06 -7.856490e-06 -5.129198e-10 -1.229219e-27
 [12,] -9.111965e-06 -3.188873e-06 -8.990099e-06 -5.869288e-10 -1.405832e-27
 [13,] -1.366761e-06 -4.783135e-07 -1.348496e-06 -8.803808e-11 -2.111529e-28
 [14,] -3.973106e-06 -1.390433e-06 -3.920010e-06 -2.559223e-10  5.969215e-27
 [15,]  1.175079e-05  4.003103e-06  1.189038e-05  7.762770e-10  3.155851e-28
 [16,] -6.661662e-07 -2.186645e-07 -5.643862e-07 -4.140896e-11  4.726696e-24
 [17,]  1.558059e-07  5.117141e-08  1.319880e-07  9.682077e-12  3.136074e-24
 [18,] -4.101052e-07 -1.346142e-07 -3.474474e-07 -2.549218e-11  2.928812e-24
 [19,] -7.019859e-07 -2.304221e-07 -5.947332e-07 -4.363552e-11  7.576655e-26
 [20,]  7.505254e-08  2.365769e-08  6.115054e-08  4.538018e-12  3.140126e-24
 [21,]  5.887056e-08  1.946134e-08  5.034126e-08  3.686791e-12  1.426708e-23
 [22,] -7.857696e-08 -2.579235e-08 -6.657161e-08 -4.884353e-12  5.575327e-25
 [23,]  1.761171e-07  5.780928e-08  1.492091e-07  1.094745e-11 -1.250556e-24
 [24,]  7.064226e-07  2.321145e-07  5.990541e-07  4.394002e-11 -1.621818e-24
 [25,]  2.466249e-07  8.362621e-08  2.155986e-07  1.567788e-11 -1.811050e-24
 [26,]  4.296609e-07  1.410340e-07  3.640150e-07  2.670770e-11 -3.058932e-24
 [27,]  4.916563e-07  1.613835e-07  4.165385e-07  3.056134e-11 -3.506434e-24
 [28,]  7.374726e-08  2.420703e-08  6.247981e-08  4.584138e-12 -6.241518e-25
 [29,]  2.143796e-07  7.036864e-08  1.816257e-07  1.332586e-11 -1.521119e-24
 [30,] -6.502452e-07 -2.134243e-07 -5.509041e-07 -4.042069e-11  8.455664e-24
 [31,]  5.769942e-10  1.908942e-10  5.522178e-10  1.058683e-10 -3.754873e-27
 [32,] -1.349105e-10 -4.463411e-11 -1.291174e-10 -2.475369e-11  1.207247e-27
 [33,]  3.552092e-10  1.175183e-10  3.399563e-10  6.517462e-11  5.891730e-27
 [34,]  6.080192e-10  2.011585e-10  5.819105e-10  1.115608e-10  2.530772e-28
 [35,] -6.267539e-11 -2.064481e-11 -5.975788e-11 -1.149982e-11  2.781241e-27
              [,276]        [,277]        [,278]        [,279]        [,280]
  [1,]  1.356523e-10  2.188434e-19  1.248102e-06  1.644600e-06  1.230036e-05
  [2,] -3.171769e-11  4.859639e-21 -2.918261e-07 -8.136428e-07 -3.494858e-06
  [3,]  8.351029e-11  1.347244e-19  7.683563e-07  1.012449e-06  7.572345e-06
  [4,]  1.429464e-10  2.306106e-19  1.315212e-06  1.733030e-06  1.296175e-05
  [5,] -1.467539e-11  3.140972e-19 -1.350950e-07 -2.711085e-07 -1.427379e-06
  [6,] -1.211260e-11 -8.605734e-20 -1.114319e-07 -4.008310e-08 -7.368239e-07
  [7,]  1.600074e-11  2.581346e-20  1.472186e-07  7.338224e-08  1.325311e-06
  [8,] -3.586295e-11 -5.785651e-20 -3.299656e-07 -9.459960e-07 -3.784090e-06
  [9,] -1.439882e-10 -3.195377e-19 -1.324782e-06 -1.836018e-06 -1.320395e-05
 [10,] -5.188081e-11  2.239556e-19 -4.771490e-07 -8.830236e-07 -4.969640e-06
 [11,] -8.749222e-11  5.813860e-19 -8.049931e-07 -1.060800e-06 -7.933446e-06
 [12,] -1.001164e-10  2.995069e-19 -9.211452e-07 -1.213872e-06 -9.078164e-06
 [13,] -1.501726e-11 -2.422684e-20 -1.381698e-07 -1.820638e-07 -1.361699e-06
 [14,] -4.365441e-11 -7.042622e-20 -4.016528e-07 -5.292503e-07 -3.958390e-06
 [15,]  1.324149e-10  2.136205e-19  1.218314e-06  1.396889e-06  1.170617e-05
 [16,] -7.153022e-12 -5.642318e-19 -6.720434e-08 -1.021261e-07 -6.637573e-07
 [17,]  1.672488e-12 -1.252903e-20  1.571345e-08  2.389765e-08  1.552421e-07
 [18,] -4.403543e-12 -3.473523e-19 -4.137234e-08 -6.287085e-08 -4.086223e-07
 [19,] -7.537640e-12 -5.945705e-19 -7.081792e-08 -1.076174e-07 -6.994476e-07
 [20,]  8.300899e-13 -8.098185e-19  8.507515e-09  1.277835e-08  7.477436e-08
 [21,]  6.283915e-13  2.218770e-19  5.773962e-09  8.774363e-09  5.865851e-08
 [22,] -8.437276e-13 -6.655339e-20 -7.927021e-09 -1.204618e-08 -7.829283e-08
 [23,]  1.891073e-12  1.491682e-19  1.776708e-08  2.699955e-08  1.754802e-07
 [24,]  7.579504e-12  8.238458e-19  7.104651e-08  1.080055e-07  7.038700e-07
 [25,]  2.581931e-12 -5.774122e-19  2.232190e-08  3.433120e-08  2.457501e-07
 [26,]  4.613478e-12 -1.498955e-18  4.334505e-08  6.586875e-08  4.281063e-07
 [27,]  5.279173e-12 -7.722020e-19  4.959929e-08  7.537293e-08  4.898775e-07
 [28,]  7.918682e-13  6.246261e-20  7.439789e-09  1.130576e-08  7.348059e-08
 [29,]  2.301921e-12  1.815760e-19  2.162710e-08  3.286529e-08  2.136044e-07
 [30,] -6.982308e-12 -5.507656e-19 -6.560044e-08 -9.967951e-08 -6.478942e-07
 [31,]  6.158501e-15  3.385243e-22  5.678538e-11  8.653068e-11  5.749173e-10
 [32,] -1.439954e-15  7.526683e-24 -1.327733e-11 -2.023226e-11 -1.344249e-10
 [33,]  3.791296e-15  2.084036e-22  3.495821e-11  5.327002e-11  3.539306e-10
 [34,]  6.489643e-15  3.567270e-22  5.983872e-11  9.118343e-11  6.058306e-10
 [35,] -6.712018e-16  4.858956e-22 -6.255216e-12 -9.517517e-12 -6.244920e-11
              [,281]        [,282]        [,283]        [,284]        [,285]
  [1,]  1.424779e-11  2.035533e-09  3.547496e-06  2.385850e-28  2.113785e-06
  [2,] -3.331361e-12 -3.558395e-09 -8.884959e-07 -2.892174e-28 -1.110505e-06
  [3,]  8.771224e-12  1.253115e-09  2.183910e-06  1.337665e-28  1.301289e-06
  [4,]  1.501389e-11  2.144983e-09  3.738245e-06  2.398086e-28  2.227444e-06
  [5,] -1.540799e-12 -2.280000e-10 -3.973970e-07 -4.849571e-28 -3.247320e-07
  [6,] -1.272313e-12  4.258959e-09 -3.070731e-07 -2.635624e-28  1.734618e-07
  [7,]  1.680584e-12  2.299211e-10  4.006850e-07 -4.052760e-30  1.247967e-07
  [8,] -3.766745e-12 -5.812786e-10 -1.013120e-06 -6.275265e-29 -1.086657e-06
  [9,] -1.512346e-11 -3.116928e-09 -3.777527e-06 -4.503850e-29 -2.390944e-06
 [10,] -5.450720e-12 -8.001297e-10 -1.394415e-06  2.359574e-28 -1.071120e-06
 [11,] -9.189454e-12 -1.312866e-09 -2.288043e-06  4.863584e-28 -1.363382e-06
 [12,] -1.051540e-11 -1.502298e-09 -2.618183e-06  3.148011e-28 -1.560109e-06
 [13,] -1.577287e-12 -2.253416e-10 -3.927220e-07 -2.641231e-29 -2.340045e-07
 [14,] -4.585095e-12 -6.550568e-10 -1.141623e-06 -7.607760e-29 -6.802394e-07
 [15,]  1.390775e-11  4.895632e-10  3.434154e-06  3.568063e-29  1.763963e-06
 [16,] -7.398052e-13 -2.019848e-10 -1.872685e-07 -1.409693e-23 -1.298095e-07
 [17,]  1.729783e-13  4.767781e-11  4.378855e-08  1.772183e-23  3.039661e-08
 [18,] -4.554389e-13 -1.243459e-10 -1.152862e-07 -8.659038e-24 -7.991333e-08
 [19,] -7.795845e-13 -2.128455e-10 -1.973379e-07 -1.485354e-23 -1.367894e-07
 [20,]  8.000451e-14  2.204196e-11  2.088624e-08  2.906358e-23  1.447809e-08
 [21,]  6.606391e-14  1.734518e-11  1.660341e-08  1.676141e-23  1.144569e-08
 [22,] -8.726298e-14 -2.382492e-11 -2.208907e-08 -1.662789e-24 -1.531155e-08
 [23,]  1.955853e-13  5.339953e-11  4.950893e-08  3.725924e-24  3.431830e-08
 [24,]  7.852737e-13  2.144929e-10  1.986312e-07  2.604625e-24  1.376993e-07
 [25,]  2.830241e-13  7.672947e-11  6.990873e-08 -1.441692e-23  4.845815e-08
 [26,]  4.771546e-13  1.302750e-10  1.207833e-07 -2.967980e-23  8.372382e-08
 [27,]  5.460033e-13  1.490723e-10  1.382111e-07 -1.929278e-23  9.580430e-08
 [28,]  8.189939e-14  2.236053e-11  2.073137e-08  1.458238e-24  1.437043e-08
 [29,]  2.380774e-13  6.500094e-11  6.026507e-08  4.536546e-24  4.177413e-08
 [30,] -7.221490e-13 -1.969454e-10 -1.827981e-07 -2.357586e-24 -1.266896e-07
 [31,]  6.458241e-16  1.762604e-13  1.625171e-10 -4.288059e-25  1.126749e-10
 [32,] -1.510040e-16 -4.121251e-14 -3.799910e-11  5.337981e-25 -2.634520e-11
 [33,]  3.975822e-16  1.085095e-13  1.000488e-10 -2.515292e-25  6.936495e-11
 [34,]  6.805500e-16  1.857380e-13  1.712557e-10 -4.459797e-25  1.187335e-10
 [35,] -6.984121e-17 -1.907965e-14 -1.763357e-11  8.738907e-25 -1.222557e-11
 [ reached getOption("max.print") -- omitted 250 rows ]]
$values
  [1]  1.376781e-03  9.345875e-04  8.588343e-04  8.508977e-04  5.108031e-04
  [6]  3.988162e-04  2.225423e-04  1.644233e-04  1.352726e-04  1.158335e-04
 [11]  1.038780e-04  7.910764e-05  6.725711e-05  6.107577e-05  4.665646e-05
 [16]  4.098053e-05  4.013072e-05  2.675966e-05  2.274017e-05  2.173768e-05
 [21]  1.946695e-05  1.797471e-05  1.548814e-05  1.411668e-05  1.220768e-05
 [26]  1.131497e-05  1.036732e-05  9.836120e-06  8.042108e-06  6.638660e-06
 [31]  6.596047e-06  5.950621e-06  5.506531e-06  4.581723e-06  4.370472e-06
 [36]  4.051444e-06  3.549790e-06  3.476723e-06  3.314596e-06  3.109380e-06
 [41]  2.988561e-06  2.738510e-06  2.562306e-06  2.243804e-06  2.022948e-06
 [46]  1.908011e-06  1.839212e-06  1.768599e-06  1.649069e-06  1.609616e-06
 [51]  1.480944e-06  1.219124e-06  1.086166e-06  1.068384e-06  9.454843e-07
 [56]  8.331339e-07  8.113815e-07  6.501188e-07  6.402487e-07  5.889435e-07
 [61]  5.810657e-07  5.389385e-07  4.717902e-07  4.400162e-07  4.062700e-07
 [66]  3.562474e-07  3.475786e-07  3.375947e-07  3.253724e-07  3.135513e-07
 [71]  2.808244e-07  2.684764e-07  2.480051e-07  2.417222e-07  2.151619e-07
 [76]  1.935728e-07  1.868778e-07  1.782619e-07  1.718813e-07  1.556350e-07
 [81]  1.532967e-07  1.493357e-07  1.461248e-07  1.393040e-07  1.280323e-07
 [86]  1.236560e-07  1.144397e-07  1.029550e-07  8.952273e-08  8.651010e-08
 [91]  8.148619e-08  8.085541e-08  7.251648e-08  7.104099e-08  6.773871e-08
 [96]  6.307279e-08  5.870949e-08  5.727345e-08  5.598362e-08  5.398778e-08
[101]  5.349740e-08  5.269621e-08  5.092090e-08  4.909958e-08  4.260341e-08
[106]  4.088704e-08  3.791886e-08  3.636694e-08  3.378507e-08  3.325691e-08
[111]  2.977735e-08  2.879370e-08  2.747571e-08  2.493093e-08  2.258602e-08
[116]  2.072508e-08  1.993418e-08  1.833317e-08  1.443944e-08  1.338666e-08
[121]  1.321227e-08  1.298795e-08  1.272536e-08  1.117439e-08  1.109330e-08
[126]  1.002298e-08  8.775269e-09  8.470182e-09  8.420663e-09  7.663331e-09
[131]  7.575974e-09  6.572380e-09  6.265529e-09  5.579229e-09  5.498277e-09
[136]  3.977688e-09  3.932292e-09  3.897981e-09  3.582936e-09  3.350946e-09
[141]  3.241455e-09  3.189571e-09  3.084912e-09  3.021966e-09  2.304672e-09
[146]  2.167184e-09  1.879921e-09  1.771914e-09  1.465945e-09  1.360522e-09
[151]  1.070269e-09  1.060297e-09  9.876691e-10  8.055330e-10  7.677345e-10
[156]  6.737523e-10  6.641448e-10  6.221932e-10  5.068561e-10  4.487133e-10
[161]  4.058635e-10  3.917979e-10  3.621625e-10  2.703203e-10  2.449753e-10
[166]  2.376753e-10  2.000420e-10  1.150916e-10  1.013540e-10  9.397932e-11
[171]  8.044724e-11  6.930262e-11  4.870277e-11  3.025051e-11  2.169312e-11
[176]  1.863897e-11  9.752499e-12  6.348296e-12  3.058876e-12  1.249464e-12
[181]  4.810887e-14  4.696100e-14  5.516611e-15  2.069373e-15  9.117417e-16
[186]  7.883832e-16  3.964784e-16  1.325337e-16  8.148346e-17  4.304184e-17
[191]  3.512627e-17  2.497981e-17  1.316109e-17  7.717281e-18  4.240097e-20
[196]  9.767497e-22  6.736933e-22  1.686350e-23  1.244871e-23  4.131392e-24
[201]  1.962816e-25 -4.327735e-24 -7.219695e-20 -7.872556e-18 -1.258644e-17
[206] -2.323551e-17 -2.497364e-17 -3.700006e-17 -8.503649e-17 -3.384010e-16
[211] -1.068876e-15 -8.289935e-15 -1.289773e-14 -1.421728e-14 -6.899924e-14
[216] -2.434801e-13 -3.051093e-12 -1.290304e-11 -1.673080e-11 -2.476560e-11
[221] -8.142890e-11 -1.087128e-10 -5.366199e-10 -7.355799e-10 -1.658668e-09
[226] -2.086988e-09 -2.399193e-09 -2.548908e-09 -3.538913e-09 -4.442139e-09
[231] -5.128693e-09 -6.391231e-09 -8.527223e-09 -9.421894e-09 -9.699557e-09
[236] -1.133072e-08 -1.284757e-08 -1.295108e-08 -1.441810e-08 -1.536916e-08
[241] -1.859774e-08 -2.077491e-08 -2.113894e-08 -2.531917e-08 -3.725819e-08
[246] -4.525606e-08 -4.942722e-08 -5.352861e-08 -5.574791e-08 -7.528132e-08
[251] -8.745958e-08 -9.346387e-08 -9.665101e-08 -1.033948e-07 -1.218678e-07
[256] -1.393080e-07 -1.848257e-07 -2.017217e-07 -2.220033e-07 -2.618484e-07
[261] -4.297590e-07 -4.950844e-07 -5.561357e-07 -5.603959e-07 -7.304119e-07
[266] -8.291533e-07 -9.963816e-07 -1.297783e-06 -1.709819e-06 -2.572161e-06
[271] -2.769646e-06 -2.902527e-06 -3.069145e-06 -3.225009e-06 -5.001451e-06
[276] -5.579447e-06 -5.787854e-06 -6.229837e-06 -6.461147e-06 -1.380414e-05
[281] -1.439400e-05 -2.317887e-05 -3.223428e-05 -7.770625e-05 -1.199789e-04

$vectors
                [,1]          [,2]          [,3]          [,4]          [,5]
  [1,]  5.130765e-03  5.847524e-02 -3.427494e-01 -2.219794e-01 -6.436356e-02
  [2,]  3.593929e-03  2.616431e-02 -5.581471e-02 -1.405495e-02 -1.993820e-01
  [3,]  3.153926e-03  3.598609e-02 -2.110055e-01 -1.366714e-01 -3.961546e-02
  [4,]  9.411931e-04  3.412988e-02 -3.251790e-01 -2.348507e-01  1.116443e-01
  [5,] -1.089009e-03 -6.347670e-03  1.135756e-02  3.407831e-03  2.345309e-02
  [6,] -1.385834e-03 -7.016866e-03  1.333694e-02  4.218633e-03  3.449869e-02
  [7,] -1.087104e-04  8.277229e-03 -7.298663e-02 -5.057937e-02  1.100771e-02
  [8,]  1.887681e-03  2.181781e-02 -9.636272e-02 -5.094540e-02 -1.435977e-01
  [9,] -1.102669e-03 -3.429154e-02  3.102745e-01  2.226007e-01 -1.133399e-01
 [10,] -3.326238e-03 -2.049297e-02  6.148114e-02  3.130924e-02  6.684256e-02
 [11,] -3.091257e-03 -3.668066e-02  2.201290e-01  1.436219e-01  4.252486e-02
 [12,] -3.655076e-03 -4.240555e-02  2.512092e-01  1.633327e-01  5.034694e-02
 [13,] -5.679962e-04 -6.473443e-03  3.794373e-02  2.457400e-02  7.125303e-03
 [14,]  1.223388e-02  6.492151e-02 -1.142993e-02  6.386372e-02 -5.695110e-01
 [15,]  8.454619e-04  3.719712e-02 -3.466945e-01 -2.477984e-01  1.008626e-01
 [16,]  5.522599e-02  7.854509e-02  5.796322e-02 -5.028290e-02  2.963044e-03
 [17,] -6.898643e-02 -9.836450e-02 -6.473661e-02  6.827307e-02 -9.066627e-03
 [18,]  3.399595e-02  4.834963e-02  3.568287e-02 -3.095387e-02  1.831004e-03
 [19,]  5.819527e-02  8.274234e-02  6.115722e-02 -5.298255e-02  3.429615e-03
 [20,] -1.130616e-01 -1.614082e-01 -1.037974e-01  1.134280e-01 -1.534684e-02
 [21,] -6.515740e-02 -9.295168e-02 -6.003458e-02  6.518022e-02 -8.816388e-03
 [22,]  6.514167e-03  9.264800e-03  6.837014e-03 -5.931128e-03  3.494081e-04
 [23,] -1.428852e-02 -2.002829e-02 -1.512474e-02  1.288513e-02 -1.834150e-03
 [24,] -1.042635e-02 -1.440787e-02 -1.767927e-02  4.765442e-03  2.887068e-03
 [25,]  5.641401e-02  8.114869e-02  4.849858e-02 -5.913687e-02  8.516844e-03
 [26,]  1.152204e-01  1.648044e-01  1.000629e-01 -1.196150e-01  1.887762e-02
 [27,]  7.502545e-02  1.076620e-01  6.276481e-02 -7.965067e-02  1.306688e-02
 [28,] -6.113738e-03 -8.695255e-03 -6.416760e-03  5.566518e-03 -3.280214e-04
 [29,] -1.776569e-02 -2.517861e-02 -1.889972e-02  1.615595e-02 -1.970252e-03
 [30,]  9.668448e-03  1.352661e-02  1.635603e-02 -4.479388e-03 -3.208513e-03
 [31,] -3.039899e-02 -2.186547e-02 -1.696037e-02  1.353709e-02 -1.807069e-02
 [32,]  3.529844e-02  3.224228e-02  1.537788e-02 -2.103013e-02 -1.090110e-02
 [33,] -1.871098e-02 -1.344326e-02 -1.040204e-02  8.430196e-03 -1.079972e-02
 [34,] -3.223179e-02 -2.384944e-02 -1.515283e-02  1.564178e-02 -5.444896e-03
 [35,]  5.030163e-02  5.408164e-02  3.419356e-02 -3.585233e-02  1.025884e-02
                [,6]          [,7]          [,8]          [,9]         [,10]
  [1,]  5.849675e-02  5.329945e-02  1.215499e-02  1.088091e-02  3.443995e-02
  [2,] -2.718777e-01 -2.143729e-01 -2.026233e-03 -6.667731e-02 -1.205492e-01
  [3,]  3.597723e-02  3.274136e-02  7.457300e-03  6.672167e-03  2.116108e-02
  [4,]  9.997994e-02  3.791043e-02  7.232238e-03 -9.279721e-03 -1.385853e-02
  [5,] -7.051589e-02 -7.834025e-02 -3.759130e-03 -2.315667e-02 -5.793632e-02
  [6,] -5.265981e-02 -7.047276e-02 -3.429654e-03 -2.911984e-02 -5.651180e-02
  [7,] -7.194279e-02 -8.448073e-02 -1.404841e-04 -4.161774e-02 -7.275283e-02
  [8,] -4.049927e-01 -3.790527e-01 -5.524869e-03 -1.436001e-01 -2.621787e-01
  [9,] -1.394559e-01 -7.776920e-02 -1.045905e-02  4.018370e-04 -1.065423e-02
 [10,] -1.939586e-01 -2.147587e-01 -9.662275e-03 -7.606669e-02 -1.688120e-01
 [11,] -4.369664e-02 -3.642231e-02 -7.648689e-03  1.268724e-02 -1.507961e-02
 [12,] -5.175797e-02 -4.325869e-02 -1.005454e-02  1.915163e-02 -1.436086e-02
 [13,] -6.475824e-03 -5.900462e-03 -1.345606e-03 -1.204560e-03 -3.812640e-03
 [14,] -1.471273e-01  3.496487e-02  4.182701e-03  6.352448e-02  1.608944e-01
 [15,] -1.210328e-02 -7.209820e-02  5.945537e-03 -4.734572e-02 -9.531730e-02
 [16,] -8.767520e-03  1.831646e-04 -2.824631e-02  1.603427e-02 -3.254087e-02
 [17,]  4.709332e-03  4.331885e-03  2.135358e-02  7.454596e-03 -9.993086e-03
 [18,] -5.398986e-03  1.079318e-04 -1.738210e-02  9.872995e-03 -2.002809e-02
 [19,] -9.145668e-03  2.025286e-04 -2.980195e-02  1.684003e-02 -3.430606e-02
 [20,]  6.094089e-03  7.081502e-03  3.378497e-02  1.578571e-02 -2.337645e-02
 [21,]  3.813928e-03  4.989192e-03  1.776698e-02  1.146670e-02 -1.739954e-02
 [22,] -1.034217e-03  2.158795e-05 -3.331942e-03  1.891781e-03 -3.838002e-03
 [23,]  2.242204e-03  3.128630e-04  6.289620e-03 -3.925520e-03  8.419864e-03
 [24,]  7.039322e-03 -3.434367e-03  1.625015e-02 -2.593781e-02  4.763214e-02
 [25,]  2.817265e-04 -2.013219e-03 -1.827477e-02 -1.112915e-02  1.738753e-02
 [26,] -1.569081e-03 -1.163688e-02 -2.190285e-02 -4.087816e-02  6.769267e-02
 [27,]  1.135706e-03 -8.555238e-03 -1.093543e-02 -3.534988e-02  5.922002e-02
 [28,]  9.705997e-04 -2.027642e-05  3.126981e-03 -1.775059e-03  3.602405e-03
 [29,]  2.494891e-03 -1.104283e-04  9.142432e-03 -5.064084e-03  1.068538e-02
 [30,] -6.206895e-03  3.713344e-03 -1.604281e-02  2.431283e-02 -4.592944e-02
 [31,] -3.223856e-03  2.253634e-03 -3.853857e-02 -6.175880e-03  4.774774e-03
 [32,] -6.576455e-03 -4.577110e-03  4.838112e-02  9.533612e-03  3.768570e-03
 [33,] -1.931006e-03  1.280136e-03 -2.365197e-02 -4.046960e-03  1.364678e-03
 [34,]  9.488943e-04  3.172271e-03 -4.026721e-02 -7.241712e-03  5.617343e-04
 [35,] -1.471086e-03 -5.576479e-03  8.235582e-02  1.495670e-02 -1.674634e-03
               [,11]         [,12]         [,13]         [,14]         [,15]
  [1,] -2.686235e-03 -5.952844e-03 -2.449572e-02  3.722986e-05  4.493595e-03
  [2,]  1.711389e-02 -1.039944e-02 -8.411023e-02  1.213289e-01  3.724708e-03
  [3,] -1.578998e-03 -3.526567e-03 -1.480389e-02  4.429474e-04  2.710780e-03
  [4,]  3.071145e-03  9.892317e-04 -1.502981e-02  6.832092e-02 -9.436101e-03
  [5,]  5.277179e-03 -4.916581e-03 -3.610533e-02  6.759789e-02 -2.818180e-03
  [6,]  7.240600e-03 -2.384927e-03 -2.659314e-02  5.184981e-02 -2.223946e-03
  [7,]  9.009621e-03 -8.213813e-03 -5.326002e-02  6.425449e-02 -3.193816e-04
  [8,]  3.111132e-02 -2.116898e-02 -1.593399e-01  2.500189e-01 -1.941995e-03
  [9,]  3.546415e-03  8.461354e-03  2.902767e-02 -7.230228e-03  1.413129e-03
 [10,]  1.506300e-02 -1.883438e-02 -1.108651e-01  1.503448e-01 -2.311220e-03
 [11,] -7.752478e-03 -1.453390e-02 -3.750073e-02 -1.070498e-02  6.136761e-03
 [12,] -7.624632e-03 -1.318361e-02 -3.537949e-02 -5.888254e-04  5.023866e-03
 [13,]  2.973770e-04  6.590036e-04  2.711775e-03 -4.121495e-06 -4.974589e-04
 [14,]  7.548850e-03  4.614252e-02  1.555303e-01 -8.455657e-02  5.809486e-03
 [15,]  7.517144e-03 -1.788922e-02 -9.897603e-02  1.288927e-01 -4.320391e-03
 [16,]  2.456716e-02  3.604987e-03 -9.425935e-03 -7.127927e-03 -2.024890e-01
 [17,] -1.835803e-02 -1.949150e-03  1.674384e-02  3.080892e-03  2.336531e-01
 [18,]  1.515962e-02  2.210032e-03 -5.767913e-03 -4.360280e-03 -1.245071e-01
 [19,]  2.586552e-02  3.757075e-03 -1.007351e-02 -7.520868e-03 -2.137688e-01
 [20,] -2.797484e-02 -3.014707e-03  2.633741e-02  4.996393e-03  3.700490e-01
 [21,] -1.549630e-02 -1.505486e-03  1.640305e-02  1.727279e-03  2.162084e-01
 [22,]  2.897732e-03  4.250753e-04 -1.112680e-03 -8.400202e-04 -2.388791e-02
 [23,] -5.799767e-03 -9.528469e-04  9.602439e-04  1.268195e-03  2.586192e-02
 [24,] -1.450827e-02 -2.660744e-03 -2.496152e-03  5.764459e-03  4.330207e-02
 [25,]  1.232514e-02  1.370424e-03 -1.285936e-02 -4.353862e-03 -2.006329e-01
 [26,]  1.872851e-02  8.203099e-04 -3.336915e-02  5.633074e-04 -3.854262e-01
 [27,]  9.032998e-03 -2.807631e-04 -2.489635e-02  1.626202e-03 -2.720142e-01
 [28,] -2.719683e-03 -3.990932e-04  1.043454e-03  7.890661e-04  2.241634e-02
 [29,] -7.879922e-03 -1.008451e-03  3.522888e-03  2.383587e-03  6.645242e-02
 [30,]  1.409550e-02  2.568387e-03  1.829644e-03 -5.923007e-03 -5.386440e-02
 [31,] -2.009820e-02  3.751294e-03  9.821451e-03  4.177577e-03  5.189096e-03
 [32,]  2.469477e-02  8.853099e-04  3.313693e-03  4.618567e-04 -5.313094e-03
 [33,] -1.101489e-02  7.436029e-04  5.230216e-03  4.121936e-04  3.549974e-03
 [34,] -2.106928e-02  1.056496e-03  2.353192e-03  2.477786e-04  5.230200e-03
 [35,]  3.668045e-02 -3.264025e-03 -9.121581e-03 -4.693906e-03 -7.766810e-03
               [,16]         [,17]         [,18]         [,19]         [,20]
  [1,] -1.238706e-03 -2.744774e-03 -4.508922e-03 -2.236917e-02 -8.356719e-03
  [2,] -3.651311e-02 -4.632827e-03  5.645014e-03  4.174136e-02  3.041905e-02
  [3,] -8.240526e-04 -1.693336e-03 -2.713976e-03 -1.366318e-02 -5.136615e-03
  [4,] -2.296597e-02  4.925777e-04  1.459135e-02 -2.186415e-02 -9.016734e-03
  [5,] -2.148065e-02 -8.107455e-05  8.408793e-03  1.990841e-02  1.534563e-02
  [6,] -1.255120e-02  2.785967e-04 -3.666889e-03  1.429776e-02  3.078033e-03
  [7,] -2.063323e-02 -9.355109e-04  6.949275e-03  1.020015e-02  1.339284e-02
  [8,] -7.564176e-02 -4.389962e-03  1.306931e-02  6.467452e-02  5.217624e-02
  [9,]  8.342889e-03 -1.844508e-04 -4.138725e-03  3.511652e-02  7.462871e-03
 [10,] -4.671395e-02 -1.678700e-04  1.898294e-02  5.474848e-02  4.559535e-02
 [11,] -8.484685e-05  9.316826e-04  1.130077e-03  3.194174e-02  3.073550e-02
 [12,] -1.238212e-03  1.223581e-03  4.086517e-03  4.184695e-02  3.300477e-02
 [13,]  1.371297e-04  3.038575e-04  4.991557e-04  2.476357e-03  9.251222e-04
 [14,]  4.507583e-02 -7.535777e-03 -4.356948e-02  4.748519e-06 -6.304930e-02
 [15,] -4.459032e-02 -9.402533e-04  2.328848e-02  2.970124e-03  2.301555e-02
 [16,]  2.645578e-02  6.119747e-02 -1.682850e-02  1.190503e-02  2.844381e-03
 [17,] -1.814253e-02 -6.826000e-02  1.581610e-02 -1.722071e-03  2.681094e-03
 [18,]  1.626362e-02  3.759068e-02 -1.030719e-02  7.333238e-03  1.582728e-03
 [19,]  2.783934e-02  6.463754e-02 -1.763897e-02  1.226047e-02  3.104804e-03
 [20,] -2.964659e-02 -1.073916e-01  3.004138e-02 -2.455578e-02  5.054489e-03
 [21,] -1.407266e-02 -6.251911e-02  1.283703e-02  5.524819e-03  5.143114e-03
 [22,]  3.120272e-03  7.219743e-03 -1.985738e-03  1.405941e-03  3.384201e-04
 [23,] -4.328636e-03 -6.053672e-03  1.184790e-04 -5.389041e-04  1.051568e-02
 [24,] -1.583501e-02 -1.426962e-02  3.920956e-03 -6.367530e-03 -2.769275e-04
 [25,]  2.059913e-02  6.026610e-02 -3.111544e-02  6.590010e-02  1.346833e-02
 [26,]  1.624193e-02  1.109805e-01 -2.426012e-02 -8.832912e-03 -5.596010e-03
 [27,]  8.168828e-03  7.965651e-02 -1.861927e-02 -7.572688e-03  5.542689e-03
 [28,] -2.928750e-03 -6.774804e-03  1.862977e-03 -1.317939e-03 -3.148736e-04
 [29,] -8.529465e-03 -2.019561e-02  5.264101e-03 -3.768779e-03 -1.343957e-03
 [30,]  1.651536e-02  1.835358e-02 -7.409952e-03  1.255090e-02  6.627194e-03
 [31,] -9.475545e-06  8.586440e-03 -1.096527e-02 -3.090548e-03  1.743844e-02
 [32,]  1.694517e-03 -1.188603e-02  1.983872e-03  4.429271e-03 -2.101526e-02
 [33,] -1.198147e-04  3.851041e-03 -3.033291e-03 -2.939043e-03  2.020484e-03
 [34,] -6.978884e-04  9.293419e-03 -6.290693e-03 -3.881889e-03  1.798326e-02
 [35,]  7.116346e-04 -1.055439e-02  6.938786e-03  6.907784e-03 -1.746137e-02
               [,21]         [,22]         [,23]         [,24]         [,25]
  [1,] -1.095485e-03 -2.646921e-02  2.544384e-02  1.467650e-02  1.486434e-02
  [2,]  1.821746e-03  6.137989e-03  9.451599e-03  6.099236e-03  1.605563e-02
  [3,] -7.068609e-04 -1.609783e-02  1.578354e-02  7.993177e-03  9.063152e-03
  [4,]  1.333439e-03 -6.220306e-03  3.075491e-02 -2.167727e-03 -1.685603e-02
  [5,]  1.739320e-03  9.243053e-03  1.170218e-02 -5.849383e-03  8.469697e-04
  [6,] -5.074521e-04  2.320864e-02 -2.124802e-02 -9.524765e-03 -2.103832e-03
  [7,] -3.772801e-04  1.076479e-02 -2.530774e-03 -3.944719e-03  4.681599e-03
  [8,]  3.031905e-03  4.001411e-02 -2.021433e-02 -9.273205e-03  1.167469e-02
  [9,]  1.593796e-03  8.660542e-03 -2.463947e-03 -2.443349e-03 -1.720456e-03
 [10,]  2.504363e-03  2.700230e-02  1.059868e-02 -1.212334e-02  1.132445e-02
 [11,]  1.100320e-03  4.114330e-04  1.304635e-02 -5.382795e-03  2.749580e-02
 [12,]  1.996234e-03 -2.253059e-03  3.231780e-02 -5.861422e-03  2.744134e-02
 [13,]  1.212746e-04  2.930247e-03 -2.816735e-03 -1.624747e-03 -1.645542e-03
 [14,] -9.282865e-04 -2.462553e-02  8.864705e-04  2.861197e-02 -1.793853e-02
 [15,]  1.985502e-03 -6.654248e-03  4.488914e-02  8.952010e-05  7.486710e-03
 [16,] -2.092496e-02 -1.605334e-02  8.867110e-03  3.719043e-03 -2.714906e-03
 [17,]  2.144564e-02  1.943760e-02 -3.192240e-03 -1.235363e-02  8.274143e-03
 [18,] -1.281164e-02 -9.890820e-03  5.436873e-03  2.775094e-03 -1.666081e-03
 [19,] -2.214714e-02 -1.696142e-02  9.437805e-03  3.800345e-03 -2.883310e-03
 [20,]  3.262465e-02  2.620593e-02  1.187807e-02 -2.591268e-02  1.751492e-02
 [21,]  1.908172e-02  1.968102e-02 -4.945145e-03 -1.407311e-02  8.530925e-03
 [22,] -2.468798e-03 -1.892945e-03  1.048154e-03  4.364662e-04 -3.183279e-04
 [23,] -7.036957e-04  8.607755e-03 -6.088245e-03 -1.362384e-02  6.555233e-03
 [24,]  5.098349e-03  7.560051e-03 -1.533869e-02  5.209711e-04 -1.601893e-03
 [25,] -2.130514e-02  5.598919e-03 -4.931664e-02  5.286956e-03 -9.334434e-03
 [26,] -3.451969e-02 -2.875206e-02 -7.424038e-03  2.272152e-02 -1.604995e-02
 [27,] -2.732616e-02 -1.362487e-02 -1.254536e-02  4.435526e-03 -6.469826e-03
 [28,]  2.316485e-03  1.777157e-03 -9.816313e-04 -4.117227e-04  3.005403e-04
 [29,]  6.998971e-03  5.174294e-03 -2.779997e-03 -7.662446e-04  9.705412e-04
 [30,] -8.119103e-03 -2.745934e-03  6.927842e-03 -6.860848e-03  3.741480e-03
 [31,] -1.714668e-02  4.594077e-03  7.813404e-03 -1.206603e-01 -1.631509e-02
 [32,]  1.876370e-02 -4.775577e-03 -5.834501e-03  5.872230e-02  4.222711e-03
 [33,] -8.341330e-03 -6.031843e-03  3.423382e-03 -9.224333e-03 -5.787012e-03
 [34,] -1.652981e-02  3.208959e-03  7.464449e-03 -8.219796e-02 -9.419457e-03
 [35,]  1.628230e-02  4.085462e-03 -3.834689e-03  3.711134e-02  5.357476e-03
               [,26]         [,27]         [,28]         [,29]         [,30]
  [1,]  1.146685e-02 -8.570362e-03 -2.972011e-02  3.861490e-02 -2.163745e-01
  [2,]  1.126691e-03 -2.538234e-03 -6.674490e-02  2.822730e-03 -1.176269e-01
  [3,]  7.651048e-03 -5.143860e-03 -1.836442e-02  2.398188e-02 -1.359473e-01
  [4,] -1.469842e-06  2.399461e-03  1.008851e-02 -1.411035e-02  8.547551e-02
  [5,] -1.420935e-02 -2.563703e-03 -1.633588e-03 -6.175149e-04  9.397918e-03
  [6,] -3.228390e-02  1.511309e-04  1.062251e-01  1.604009e-02  1.234592e-01
  [7,] -6.991222e-03  6.084282e-03  3.416946e-03  2.568598e-03 -1.507650e-03
  [8,] -3.501454e-02 -6.110667e-03  2.546232e-02 -2.325669e-03  9.135682e-02
  [9,] -2.172803e-03  1.543389e-03 -1.323412e-02 -1.055626e-02  2.169177e-02
 [10,] -3.379343e-02  1.227448e-03 -9.011091e-03  7.602135e-03 -1.593455e-02
 [11,] -1.872163e-02 -1.401430e-02 -4.957682e-02  3.852191e-02 -2.331307e-01
 [12,] -2.306345e-02 -1.393778e-02 -5.889248e-02  4.477104e-02 -2.734212e-01
 [13,] -1.269426e-03  9.487734e-04  3.290135e-03 -4.274824e-03  2.395352e-02
 [14,]  3.964719e-02  2.315204e-03  3.519988e-02 -7.065758e-04  8.444028e-03
 [15,] -7.275043e-03 -2.892580e-03 -5.185977e-02  1.139496e-02 -1.134474e-01
 [16,] -1.892939e-03  1.203246e-02  3.636536e-03 -3.213494e-03  8.247940e-03
 [17,] -1.081182e-02 -8.286189e-03 -9.875415e-03  6.586850e-04  1.122872e-02
 [18,] -1.112760e-03  7.242540e-03  2.266166e-03 -1.895180e-03  4.708007e-03
 [19,] -2.059278e-03  1.272878e-02  3.891544e-03 -3.367549e-03  8.516750e-03
 [20,] -2.760644e-02 -1.113451e-02 -1.465140e-02 -6.322081e-04  2.858092e-02
 [21,] -1.241563e-02 -5.847177e-03 -1.172178e-02 -5.210178e-05  1.428268e-02
 [22,] -2.275527e-04  1.421077e-03  4.260507e-04 -3.760419e-04  9.732114e-04
 [23,] -1.510132e-02  7.134530e-03 -1.021672e-02 -3.913079e-03  2.005986e-02
 [24,]  5.604142e-03 -3.074184e-03 -7.499393e-04  6.113387e-04 -6.914857e-03
 [25,]  1.213181e-02  1.638804e-02 -8.449990e-03 -4.213924e-03  2.008289e-03
 [26,]  2.349405e-02  1.274979e-02  1.806646e-02 -1.482215e-03 -2.172265e-02
 [27,]  4.053739e-03  1.649410e-02  5.010836e-03 -5.263988e-03  4.324527e-03
 [28,]  2.095546e-04 -1.332055e-03 -4.025782e-04  3.557401e-04 -9.130157e-04
 [29,]  7.695649e-04 -4.035697e-03 -1.238335e-03  1.081710e-03 -2.425759e-03
 [30,] -1.212566e-02  8.427917e-03 -4.086393e-03 -3.835903e-03  2.115095e-02
 [31,]  3.308607e-02  3.616474e-03  7.177933e-03 -1.574380e-02 -3.968173e-02
 [32,]  1.789988e-03 -1.403832e-02  1.462855e-03  9.002865e-04 -9.369682e-03
 [33,]  5.957945e-03  3.286600e-03  2.027485e-03  1.977854e-02 -2.715893e-03
 [34,]  1.198241e-02  6.964012e-03  1.128855e-03 -5.179525e-03  5.132393e-04
 [35,] -4.335806e-03 -2.149617e-02 -3.798864e-03 -2.141087e-02  1.566020e-02
               [,31]         [,32]         [,33]         [,34]         [,35]
  [1,] -2.793447e-02 -3.255897e-01 -3.863600e-02  6.782266e-03 -7.900823e-02
  [2,] -1.603081e-03 -1.537449e-01  8.608810e-03  2.282556e-02 -2.481328e-02
  [3,] -1.797460e-02 -2.010000e-01 -2.382097e-02  3.666236e-03 -4.729025e-02
  [4,]  1.284533e-02  7.987128e-02 -5.419017e-02 -2.399064e-02  1.281029e-01
  [5,]  3.209804e-03 -1.633680e-02 -6.279706e-03 -2.657852e-02  5.611610e-02
  [6,] -8.693095e-03  1.617914e-01  3.678611e-02 -5.886778e-02 -1.709235e-02
  [7,] -2.829009e-03  2.076416e-02  1.491768e-02  3.375311e-03 -2.496594e-02
  [8,]  7.145929e-03  1.627729e-01  6.287760e-02 -7.815881e-03 -2.959381e-02
  [9,]  7.848774e-03  1.008598e-02  6.054541e-03 -2.006698e-02  6.325367e-02
 [10,]  1.023938e-03 -5.807845e-02 -6.916628e-04 -3.667681e-02  4.600269e-02
 [11,] -2.334546e-02 -3.693232e-01 -5.550141e-03 -1.727477e-02 -5.882660e-02
 [12,] -2.632364e-02 -4.722351e-01 -3.426704e-02 -4.741393e-02  1.684213e-03
 [13,]  3.092458e-03  3.604408e-02  4.277160e-03 -7.508239e-04  8.746527e-03
 [14,] -7.018096e-03 -2.192205e-02 -1.764204e-02 -3.383832e-02  5.488897e-02
 [15,] -3.783949e-03 -2.052718e-01 -5.705880e-02 -1.050977e-02  5.834505e-02
 [16,]  1.061073e-02  1.176774e-02 -9.969101e-02  1.656357e-01 -6.486018e-02
 [17,]  7.836860e-03  4.156512e-03 -1.266016e-02  3.020064e-02 -3.453440e-02
 [18,]  6.336508e-03  7.543382e-03 -6.166932e-02  1.010086e-01 -3.888096e-02
 [19,]  1.121618e-02  1.226082e-02 -1.041232e-01  1.724084e-01 -6.703294e-02
 [20,]  1.802604e-02  8.532519e-03 -2.162108e-02  1.206507e-01 -1.136729e-01
 [21,]  1.181606e-02  4.897211e-03 -4.059954e-02  7.398245e-02 -5.657451e-02
 [22,]  1.254018e-03  1.383319e-03 -1.176496e-02  1.955136e-02 -7.667312e-03
 [23,]  1.798788e-02  7.898937e-04 -4.611027e-02  1.587267e-01 -1.371657e-01
 [24,] -9.297435e-03 -9.537659e-03  9.158466e-02 -1.298423e-01  3.639228e-02
 [25,]  1.195266e-02  9.126212e-03 -1.029437e-01  9.471305e-02 -4.574591e-02
 [26,] -2.204034e-02 -9.830253e-03  1.151598e-01 -1.614433e-01  7.801782e-02
 [27,]  9.099897e-06 -2.088730e-03  4.757477e-02  2.324381e-02 -6.807085e-02
 [28,] -1.174626e-03 -1.302755e-03  1.103621e-02 -1.833655e-02  7.180253e-03
 [29,] -3.065090e-03 -3.243272e-03  2.872517e-02 -4.734757e-02  1.765620e-02
 [30,]  2.017040e-02  1.885680e-02 -1.293658e-01  2.303356e-01 -1.143937e-01
 [31,] -1.438004e-02  1.509385e-02  4.912477e-02  4.261281e-02  1.302720e-02
 [32,] -4.646070e-03  9.362614e-03  3.368196e-03 -1.825059e-02  3.320642e-02
 [33,] -6.851687e-03  7.884336e-03 -7.745269e-02 -8.285831e-02  1.975399e-02
 [34,] -7.063085e-04 -4.357973e-03  5.209759e-03  1.928805e-02 -1.953495e-02
 [35,]  5.408530e-03 -1.146897e-02  5.459354e-02  4.080056e-02  1.199228e-02
               [,36]         [,37]         [,38]         [,39]         [,40]
  [1,] -2.214508e-02 -5.814188e-02 -1.419415e-01  3.565837e-02 -6.790035e-02
  [2,] -7.689195e-02 -1.021326e-01 -1.412865e-01  2.183498e-02 -6.566807e-02
  [3,] -1.252356e-02 -3.576605e-02 -8.776842e-02  2.114282e-02 -4.212284e-02
  [4,]  1.331399e-01  2.076480e-01  3.738033e-01 -1.032759e-01  1.391436e-01
  [5,]  6.022464e-02  1.079253e-01  1.882380e-01 -6.098507e-02  6.531732e-02
  [6,]  7.591714e-02  1.076685e-01  9.236605e-02 -3.611725e-03  4.827761e-02
  [7,] -2.694915e-02 -4.982311e-02 -9.763569e-02  3.198412e-02 -3.987658e-02
  [8,] -4.603507e-02 -4.864777e-02 -1.018965e-01  2.861078e-02 -1.972800e-02
  [9,]  3.834415e-02  8.290333e-02  1.715046e-01 -5.660929e-02  6.100944e-02
 [10,]  6.028598e-02  1.090670e-01  1.773567e-01 -5.023656e-02  5.460622e-02
 [11,] -1.492091e-02 -1.340760e-02 -5.078877e-02 -7.619654e-03 -4.081915e-02
 [12,]  6.786293e-02  1.198855e-01  1.756187e-01 -7.844227e-02  3.225790e-02
 [13,]  2.451549e-03  6.436539e-03  1.571350e-02 -3.947524e-03  7.516840e-03
 [14,]  7.980963e-02  1.251331e-01  2.047298e-01 -6.311114e-02  7.052921e-02
 [15,]  6.422274e-02  1.011135e-01  1.861266e-01 -6.172520e-02  5.168788e-02
 [16,]  1.175623e-01  3.288141e-02 -8.614956e-02 -1.962872e-01 -1.847411e-02
 [17,]  5.284079e-03  9.429791e-03 -1.128551e-02 -5.118522e-02 -1.050911e-02
 [18,]  7.265863e-02  2.009240e-02 -5.387032e-02 -1.216910e-01 -1.199365e-02
 [19,]  1.222441e-01  3.381410e-02 -8.915001e-02 -2.021608e-01 -1.887913e-02
 [20,]  4.333695e-02  4.070106e-02 -5.562492e-02 -2.324171e-01 -2.482047e-02
 [21,]  3.324453e-02  2.013936e-02 -2.905679e-02 -1.032302e-01 -1.435877e-02
 [22,]  1.387310e-02  3.888198e-03 -1.016354e-02 -2.318587e-02 -2.179020e-03
 [23,]  7.581635e-02  6.008587e-02 -7.816903e-02 -3.387814e-01 -1.598084e-02
 [24,] -9.788957e-02 -2.127586e-02  5.803832e-02  1.051795e-01  1.760504e-02
 [25,]  6.307023e-02  1.750373e-02 -5.054586e-02 -1.194719e-01 -4.825899e-03
 [26,] -9.667271e-02 -3.161590e-02  5.493547e-02  1.318691e-01  3.108260e-02
 [27,] -7.822143e-03  2.652142e-02 -3.609260e-02 -2.071059e-01  7.265284e-03
 [28,] -1.301464e-02 -3.640079e-03  9.537087e-03  2.172969e-02  2.045326e-03
 [29,] -3.314824e-02 -8.471025e-03  2.348289e-02  5.091602e-02  4.197785e-03
 [30,]  1.458125e-01  4.847978e-02 -1.176307e-01 -2.930708e-01 -3.139647e-02
 [31,]  4.028063e-02  3.616432e-03 -9.968076e-03  2.773546e-02  1.041477e-02
 [32,]  2.068937e-02 -3.433473e-04 -2.906409e-02 -2.034034e-02 -2.783503e-02
 [33,] -4.324205e-02 -1.496604e-02 -1.386456e-02 -5.805563e-02  7.648300e-03
 [34,] -1.285520e-02 -1.835581e-03  1.739614e-02  1.951722e-02  2.359012e-02
 [35,]  2.339661e-02 -1.491159e-04 -1.258456e-02  2.895548e-02 -1.857001e-02
               [,41]         [,42]         [,43]         [,44]         [,45]
  [1,]  2.276878e-02  2.501641e-02  3.729821e-02 -7.650298e-03 -7.435886e-04
  [2,]  4.883896e-02  7.006541e-02 -1.691164e-02  1.239483e-03 -1.052688e-02
  [3,]  1.770436e-02  1.547920e-02  2.333452e-02 -2.630342e-03 -3.858090e-04
  [4,] -9.075537e-02 -8.115960e-02 -4.419893e-03  2.857837e-02 -7.464678e-03
  [5,] -4.819526e-02 -4.525926e-02  1.422984e-02  1.328317e-02 -4.275103e-03
  [6,] -5.227636e-02 -1.199854e-01  4.992031e-02 -1.640125e-02  2.490996e-02
  [7,]  3.385807e-02 -7.296077e-03 -1.479112e-02 -2.003321e-03  5.176395e-03
  [8,]  2.240233e-02  2.640218e-02  1.147976e-02 -2.193052e-02  1.069496e-02
  [9,] -3.985445e-02 -3.018645e-02 -1.248619e-02  2.110628e-02 -4.804415e-03
 [10,] -5.082545e-02 -7.687521e-02  5.475006e-03  1.588617e-02 -3.527577e-05
 [11,]  1.592757e-03  1.598581e-02  5.855604e-02  1.479832e-03 -4.993687e-03
 [12,] -6.011674e-02 -5.315063e-02  6.767844e-02  2.462995e-02 -1.002827e-02
 [13,] -2.520595e-03 -2.769416e-03 -4.129061e-03  8.469186e-04  8.231823e-05
 [14,] -6.155271e-02 -7.272633e-02  2.116743e-02  1.686843e-02  7.080135e-05
 [15,] -4.373947e-02 -3.067519e-02  4.632259e-04  2.464743e-02 -1.257160e-02
 [16,]  1.588891e-02 -2.052616e-02  6.026765e-03  8.414360e-03 -8.681691e-03
 [17,] -1.543342e-02 -1.671471e-03  2.561653e-03 -1.948808e-03  2.725960e-03
 [18,]  9.480570e-03 -1.274842e-02  4.134106e-03  5.010020e-03 -5.299331e-03
 [19,]  1.705596e-02 -2.110063e-02  6.221950e-03  8.549441e-03 -8.969971e-03
 [20,] -1.360270e-02 -1.427882e-02  1.034947e-02 -9.963712e-04 -2.726941e-03
 [21,] -1.360958e-02 -7.735641e-03  5.321106e-03  2.187420e-04  4.647179e-04
 [22,]  1.874337e-03 -2.426126e-03  7.157485e-04  9.958672e-04 -1.026488e-03
 [23,]  1.904042e-02 -3.118087e-02  3.340407e-02  1.294601e-02 -2.573344e-02
 [24,]  4.853025e-03  1.145676e-02  9.082035e-03 -6.928127e-04 -5.731771e-03
 [25,]  2.113714e-02 -1.691656e-02  3.090735e-02  1.657132e-02 -2.328783e-02
 [26,]  3.983508e-02  9.282285e-03  1.090259e-02  6.556100e-03 -1.789081e-02
 [27,]  5.094250e-02 -1.949602e-02  4.078522e-02  1.718726e-02 -3.874790e-02
 [28,] -1.759011e-03  2.272161e-03 -6.672592e-04 -9.314913e-04  9.611420e-04
 [29,] -6.248469e-03  5.602347e-03 -1.482577e-03 -1.982496e-03  2.687232e-03
 [30,]  9.839298e-03 -2.678669e-02  1.232425e-02  9.155681e-03 -1.059894e-02
 [31,]  2.029107e-03  5.405093e-03 -1.365637e-02  1.020376e-01 -3.347721e-02
 [32,] -3.598169e-02  7.920614e-03 -3.904410e-03  2.110564e-02  1.090165e-02
 [33,]  4.964154e-02 -4.165500e-02  5.405403e-02 -1.069566e-01 -1.410145e-02
 [34,]  9.542936e-03 -1.644139e-02  1.062031e-02  5.229451e-03 -2.712567e-02
 [35,] -1.013875e-01 -3.077189e-03  1.434348e-03  9.479691e-02 -4.083234e-02
               [,46]         [,47]         [,48]         [,49]         [,50]
  [1,] -5.338689e-02  2.359268e-02  3.507338e-03 -1.448600e-01  3.524701e-02
  [2,]  5.252963e-02 -3.535077e-02 -1.102229e-02  1.963733e-01 -4.521625e-02
  [3,] -2.707155e-02  1.670275e-02  2.383688e-03 -8.889894e-02  2.129229e-02
  [4,]  1.130616e-01 -7.535750e-02 -8.692134e-03  1.351316e-01 -3.447662e-02
  [5,]  6.003740e-02 -4.506554e-02 -2.479756e-03  4.993397e-02 -1.438951e-02
  [6,] -1.582841e-01  1.065920e-01  3.203101e-02 -4.791926e-01  1.111756e-01
  [7,] -3.323635e-02  4.364197e-02  4.992133e-03 -6.414628e-02  1.576594e-02
  [8,] -6.599288e-02  4.244692e-02  1.397723e-02 -1.093695e-01  2.519529e-02
  [9,]  6.033523e-02 -2.453627e-02 -5.250644e-04  1.373962e-01 -3.117973e-02
 [10,]  1.775564e-02 -3.599423e-03  7.234689e-03 -1.405645e-02  3.539813e-03
 [11,]  8.771209e-03 -1.782027e-02  7.763675e-03 -6.982919e-02  1.467827e-02
 [12,]  5.728464e-02 -4.450905e-02  8.420569e-03 -3.411340e-02  6.285377e-03
 [13,]  5.910142e-03 -2.611804e-03 -3.882764e-04  1.603658e-02 -3.901985e-03
 [14,]  3.219611e-02 -1.847710e-02  5.388329e-03 -3.320676e-02  6.650106e-03
 [15,]  9.053719e-02 -6.180490e-02 -1.142094e-02  1.487557e-01 -3.511429e-02
 [16,] -6.869121e-03 -5.673894e-02 -1.727996e-01 -8.271153e-02  8.198080e-03
 [17,] -4.804853e-03  2.563383e-02  7.426619e-02  3.228177e-02 -2.788435e-03
 [18,] -5.878126e-03 -3.542396e-02 -1.069471e-01 -5.009705e-02  4.729246e-03
 [19,] -6.992179e-03 -5.868608e-02 -1.798052e-01 -8.561835e-02  8.611992e-03
 [20,] -2.381861e-02  6.878901e-02  1.749265e-01  7.284974e-02 -5.050653e-03
 [21,] -7.309769e-03  2.482965e-02  6.368408e-02  2.480512e-02 -1.174969e-03
 [22,] -8.156003e-04 -6.670716e-03 -2.032992e-02 -9.740343e-03  9.670143e-04
 [23,] -5.237592e-02  1.255040e-01  3.055311e-01  1.282655e-01 -8.632241e-03
 [24,] -7.387809e-03  8.958930e-02  2.531441e-01  1.222942e-01 -1.103594e-02
 [25,] -2.423039e-02  5.768775e-02  1.326363e-01  6.769453e-02 -3.139893e-03
 [26,] -1.008298e-02  5.687369e-02  1.592631e-01  8.560794e-02 -9.256318e-03
 [27,] -5.026119e-02  1.537719e-01  3.993397e-01  1.870527e-01 -1.596998e-02
 [28,]  7.602798e-04  6.281543e-03  1.913017e-02  9.156875e-03 -9.076397e-04
 [29,]  1.172156e-03  1.659186e-02  4.967076e-02  2.297173e-02 -2.206198e-03
 [30,] -1.341542e-02 -3.774973e-02 -1.198809e-01 -5.877569e-02  6.328298e-03
 [31,]  6.599779e-02 -1.407681e-03 -5.234226e-02 -4.644828e-03  1.787702e-02
 [32,]  4.106024e-03  7.862101e-03 -8.961825e-03  1.710791e-02 -2.096112e-03
 [33,] -1.862342e-01 -5.950603e-02  5.189510e-02  4.930697e-02 -3.763016e-02
 [34,] -6.560534e-02 -4.300577e-02 -1.663000e-02  1.760432e-02 -8.398515e-03
 [35,] -1.120872e-01 -1.206676e-01 -6.666791e-02  6.060161e-02 -2.098356e-02
               [,51]         [,52]         [,53]         [,54]         [,55]
  [1,] -8.367679e-02 -7.737610e-02 -8.513435e-02  1.117369e-02 -9.947741e-02
  [2,]  1.083747e-01  1.589850e-01  1.422563e-01 -4.133428e-02  1.050248e-01
  [3,] -5.096798e-02 -4.370527e-02 -4.923447e-02  1.210200e-02 -6.200028e-02
  [4,]  3.533713e-02 -1.006016e-01  5.863898e-03  5.727855e-02  8.164360e-02
  [5,]  3.494109e-03 -1.018841e-01  1.288803e-02  5.544035e-02  6.646278e-02
  [6,] -2.478711e-01 -3.020153e-01 -2.698630e-01  7.701111e-02 -2.322273e-01
  [7,] -1.686196e-02  5.706969e-02 -1.761562e-02 -1.498842e-02 -6.275813e-02
  [8,] -3.573820e-02 -1.880221e-02 -8.621016e-03 -4.761578e-03 -2.016131e-02
  [9,]  7.177568e-02  1.063688e-01  5.556603e-02 -2.762254e-02  5.793973e-02
 [10,] -1.853618e-02 -2.936347e-02 -3.161549e-02  1.279454e-02 -1.176560e-02
 [11,] -6.280597e-02 -1.457977e-01 -2.172115e-02  6.715519e-02  4.286535e-03
 [12,] -6.373158e-02 -1.812820e-01 -4.648998e-02  8.665215e-02  1.207314e-02
 [13,]  9.263355e-03  8.565844e-03  9.424713e-03 -1.236972e-03  1.101255e-02
 [14,] -4.450396e-02 -1.249104e-01 -5.292501e-02  5.774041e-02 -7.262236e-03
 [15,]  5.413939e-02  9.668146e-03  3.532603e-02  9.070404e-03  6.143861e-02
 [16,]  9.571304e-02  6.817516e-03  8.671001e-03  1.913591e-02  9.342009e-03
 [17,] -3.855488e-02 -1.647565e-03 -3.093688e-03 -1.269851e-02  8.836443e-03
 [18,]  6.185590e-02  1.280041e-03 -2.854237e-03  5.164864e-03  1.323777e-02
 [19,]  9.894959e-02  6.279889e-03  9.210908e-03  2.097097e-02  9.613144e-03
 [20,] -8.297866e-02  8.958045e-03  3.089213e-03 -2.629005e-02  9.075499e-03
 [21,] -3.793650e-02  6.611073e-03  5.633995e-03 -7.227922e-03  2.320789e-03
 [22,]  1.125884e-02  8.037725e-04  1.012505e-03  2.247929e-03  1.082053e-03
 [23,] -1.636767e-01  3.640452e-02 -2.860012e-03 -5.553715e-02 -3.037094e-03
 [24,] -1.441364e-01 -7.060239e-03 -6.961987e-03 -2.220651e-02 -5.817189e-03
 [25,] -1.039186e-01  1.209032e-02 -4.596353e-03 -1.261559e-02  9.335981e-03
 [26,] -8.998100e-02 -4.083559e-03 -1.312575e-02 -1.952611e-02 -6.536209e-03
 [27,] -2.221707e-01  1.374155e-02 -6.383483e-03 -5.010424e-02 -1.995000e-03
 [28,] -1.059624e-02 -7.545991e-04 -9.600491e-04 -2.118329e-03 -1.033945e-03
 [29,] -2.543725e-02  5.472631e-05 -3.636083e-03 -7.735095e-03 -1.577969e-03
 [30,]  6.606892e-02  1.927931e-03  1.038143e-02  1.565018e-02  1.956454e-02
 [31,] -1.474904e-01  6.273937e-02  1.043079e-01  5.703634e-02 -9.424571e-02
 [32,]  1.176158e-02 -3.192905e-02 -1.563612e-01 -9.132342e-02  1.444248e-01
 [33,]  2.176880e-01 -1.640866e-01 -2.930241e-01 -3.412545e-01  2.463755e-01
 [34,] -3.296992e-02 -9.641992e-04  3.722522e-02 -6.268587e-02 -2.739202e-02
 [35,] -1.258137e-01 -4.029759e-02 -1.361619e-01 -3.384086e-01  1.340809e-01
               [,56]         [,57]         [,58]         [,59]         [,60]
  [1,]  2.507896e-02 -2.180177e-02 -3.487336e-04  1.614349e-02 -7.830103e-02
  [2,]  7.212266e-03 -7.733747e-03 -1.520726e-02 -2.746997e-03  6.324834e-03
  [3,]  1.462442e-02 -1.272231e-02  9.924651e-03  1.738485e-03 -4.135920e-02
  [4,] -1.131153e-02  3.448246e-02  1.954739e-02  1.549660e-02  6.910006e-02
  [5,] -2.972098e-03  7.025567e-03 -1.734076e-02  2.020999e-02  6.229834e-02
  [6,] -1.597481e-02 -1.922772e-02 -2.200773e-03  1.589828e-05 -3.052833e-02
  [7,] -9.905176e-03 -5.702365e-03  3.793216e-02 -3.873544e-02 -3.074280e-02
  [8,]  5.932015e-03 -2.299643e-02 -3.771490e-02  4.532106e-03  2.910441e-02
  [9,] -6.355341e-02  3.852893e-02  3.336230e-02 -3.660400e-02 -3.124918e-03
 [10,] -4.778563e-02  2.024086e-02  1.832931e-02 -2.084118e-02 -1.676524e-02
 [11,]  1.562439e-02 -2.748626e-02 -3.487039e-02  3.430673e-02 -4.261278e-03
 [12,] -2.532037e-02  3.603426e-03 -6.124561e-03  1.977873e-02 -1.341031e-02
 [13,] -2.776342e-03  2.413544e-03  3.860620e-05 -1.787148e-03  8.668237e-03
 [14,] -2.396465e-02  5.484910e-03  1.160552e-02  8.159558e-03  1.364645e-02
 [15,] -1.586006e-02  2.836705e-02  2.295135e-02 -7.611055e-04 -2.197088e-03
 [16,] -3.680950e-02  3.033430e-02 -1.803155e-02 -1.214046e-02  3.341196e-03
 [17,]  7.039294e-03 -8.688420e-04 -3.692471e-03 -7.945245e-03  5.614180e-03
 [18,] -2.386927e-02  1.116270e-02 -9.258771e-03 -1.537138e-02  4.852169e-04
 [19,] -3.623267e-02  2.946417e-02 -1.752888e-02 -1.053677e-02  3.705854e-03
 [20,]  2.702755e-02  3.055364e-03 -5.641687e-03 -8.688125e-03  1.894700e-02
 [21,]  5.421942e-03  8.061946e-03 -7.328551e-03 -2.962748e-03  1.013512e-02
 [22,] -4.338277e-03  3.568922e-03 -2.117273e-03 -1.431771e-03  3.735645e-04
 [23,]  4.389587e-02  6.789591e-03 -3.639341e-03 -1.603329e-02  2.398760e-02
 [24,]  5.289059e-02 -2.251491e-02  1.022987e-02  9.436235e-03  9.160311e-03
 [25,]  1.943935e-02  1.197457e-02 -1.568880e-02 -1.812831e-02  1.945686e-02
 [26,]  4.427609e-02 -2.004177e-02  1.529730e-02  7.483791e-03  9.303151e-03
 [27,]  7.949475e-02 -5.119339e-03  3.394780e-03  2.537659e-03  3.660330e-02
 [28,]  4.075457e-03 -3.358147e-03  1.995813e-03  1.343655e-03 -3.702037e-04
 [29,]  5.745237e-03 -2.885039e-03  1.046124e-03 -5.087902e-03 -3.235164e-03
 [30,] -2.928175e-02  3.372060e-02 -2.435547e-02 -1.362430e-02  1.397095e-02
 [31,]  8.118445e-04  1.153078e-01 -2.053900e-02  6.136919e-02  3.705234e-02
 [32,]  4.005799e-03 -1.291862e-01  5.865544e-03 -1.845485e-01 -4.506130e-02
 [33,] -1.049172e-01 -2.805568e-01  5.217743e-02 -1.234719e-02 -1.465160e-02
 [34,] -6.223331e-02  2.601703e-02 -4.548360e-02  2.151093e-01  4.063246e-02
 [35,] -1.756861e-01 -9.210673e-02 -4.231718e-02  2.211886e-01  6.791143e-02
               [,61]         [,62]         [,63]         [,64]         [,65]
  [1,] -9.824036e-03  2.793724e-03  1.365147e-02  1.791342e-02  4.307006e-03
  [2,]  3.564291e-02  2.104966e-02  8.746111e-03 -6.752199e-03  7.597144e-03
  [3,] -1.153844e-02 -1.672155e-02  2.104479e-02  1.229278e-02  1.564456e-02
  [4,] -1.236443e-02 -2.285510e-02 -6.458806e-04 -1.306724e-02 -1.407901e-02
  [5,]  6.708860e-03  2.088834e-02 -2.260510e-02 -3.022541e-02 -1.225135e-02
  [6,] -5.444269e-02 -9.670471e-03 -3.492916e-02  7.033304e-03 -5.225131e-03
  [7,] -2.403520e-02 -6.584006e-02  4.191430e-02  3.355035e-02  4.744910e-02
  [8,]  1.280593e-02  4.882613e-02 -2.756515e-02 -3.910589e-02 -2.781072e-02
  [9,] -4.921083e-03 -5.653398e-02  8.594006e-03  2.807828e-02  1.458592e-02
 [10,] -1.532851e-02 -3.756165e-02 -8.297572e-03  2.919204e-02  1.427733e-02
 [11,]  1.209373e-02  3.258055e-02 -2.834183e-03 -3.554718e-02 -8.436854e-03
 [12,] -5.625254e-03 -1.353306e-02 -3.527815e-03 -5.953719e-03  6.669467e-03
 [13,]  1.087560e-03 -3.092764e-04 -1.511273e-03 -1.983087e-03 -4.768028e-04
 [14,] -1.763012e-02 -2.166654e-02 -6.797658e-03 -1.546400e-03 -1.413731e-03
 [15,] -2.059382e-03 -3.001225e-02  1.168041e-02  2.072458e-02  8.731225e-03
 [16,]  1.404081e-03 -1.238575e-03  1.751145e-03 -6.041430e-03 -7.662127e-03
 [17,]  8.317629e-04  3.546946e-03 -4.190102e-03 -1.165653e-02  6.282173e-03
 [18,]  4.137800e-04 -3.752788e-03  4.209949e-03 -7.858349e-03 -1.413188e-03
 [19,]  1.332373e-03 -1.590963e-03 -2.679184e-03  2.984149e-03 -5.398733e-03
 [20,]  2.503665e-03  1.179409e-02 -3.567858e-02  6.932295e-03  3.081344e-02
 [21,]  2.522554e-03  7.813707e-03 -1.619279e-02  2.622567e-03  1.072767e-02
 [22,]  1.585370e-04 -1.606181e-04  2.194170e-04 -7.152980e-04 -9.179817e-04
 [23,]  4.043793e-03  2.056872e-02 -3.445831e-02 -1.139931e-02  2.498941e-02
 [24,]  6.103775e-04  7.518281e-03 -1.416187e-02  4.476608e-03  7.164982e-03
 [25,]  1.939309e-03  4.867837e-03 -2.313771e-02  2.229818e-02 -1.117610e-02
 [26,] -1.162405e-03  3.722820e-03 -1.855203e-02  7.637157e-03  2.563224e-02
 [27,]  4.166364e-03  2.481988e-02 -5.858602e-02  9.552209e-03  4.910082e-02
 [28,] -1.551241e-04  1.384107e-04 -1.952123e-04  6.688276e-04  8.490855e-04
 [29,] -1.029372e-03 -8.509515e-04  1.511825e-02 -2.316138e-02 -1.392963e-02
 [30,]  3.358381e-03  4.177923e-03 -1.597282e-02  1.215509e-03  6.771395e-03
 [31,] -2.298368e-02 -3.124681e-02  4.045897e-02 -6.197600e-02  2.935744e-02
 [32,] -1.523054e-02 -6.598419e-02  6.460782e-02 -1.167900e-01  6.802327e-02
 [33,] -3.970961e-03 -1.025857e-03  3.190662e-02 -3.061005e-02  1.116478e-02
 [34,]  7.240316e-03  5.717307e-02 -5.695069e-02  1.578618e-01 -1.727232e-01
 [35,] -4.849348e-03  2.229490e-02 -5.026778e-03  1.189200e-01 -1.715841e-01
               [,66]         [,67]         [,68]         [,69]         [,70]
  [1,]  7.908473e-04 -2.735473e-03  1.839823e-03 -1.766333e-02 -1.467338e-02
  [2,]  1.885981e-03 -4.410474e-03  1.573048e-03  1.397956e-02  8.218498e-03
  [3,]  1.215821e-03 -2.007175e-03 -2.633681e-04 -3.955472e-02 -1.454577e-01
  [4,] -2.284974e-03  4.384308e-03  5.356772e-03  3.176456e-02  1.048903e-01
  [5,] -5.711424e-03 -1.081844e-02  1.118699e-02  9.633883e-02  2.285188e-01
  [6,]  3.407845e-04  3.466943e-04 -7.102538e-03 -2.176615e-02 -7.097051e-02
  [7,]  2.587619e-03  1.160045e-02 -2.047388e-02 -1.783305e-01 -6.250867e-01
  [8,] -3.143357e-03 -1.167435e-02  1.568467e-02  1.348618e-01  2.924172e-01
  [9,]  1.330761e-02  1.389925e-02 -3.108932e-02 -1.478823e-01 -2.891485e-01
 [10,]  4.808419e-03  1.053219e-02 -2.814673e-02 -1.357807e-01 -2.683692e-01
 [11,] -6.594371e-03 -2.450992e-02  1.861843e-02  1.267455e-01  2.167587e-01
 [12,]  7.620619e-03 -1.357913e-02 -4.150905e-03  2.671125e-03  3.199646e-03
 [13,] -8.754996e-05  3.028278e-04 -2.036758e-04  1.955401e-03  1.624401e-03
 [14,]  4.016825e-04 -5.632938e-04 -6.987862e-03 -1.439590e-02 -2.793030e-02
 [15,]  5.939161e-03  8.473349e-03 -1.153952e-02 -7.474152e-02 -1.015317e-01
 [16,] -2.384977e-01 -1.864781e-02 -1.679002e-02 -2.278586e-02  2.232577e-03
 [17,] -2.416570e-01 -2.799168e-02 -1.467259e-02 -1.940577e-02  1.067652e-03
 [18,] -1.545311e-01 -1.535423e-02 -6.032367e-03 -9.496450e-03 -3.696335e-04
 [19,]  9.967761e-03  4.519028e-03  1.233349e-03 -7.873988e-03 -7.893582e-04
 [20,]  2.183445e-01 -1.941771e-03  2.348857e-02 -2.680982e-02 -6.175395e-03
 [21,]  1.499564e-01  8.517433e-03  1.133331e-02 -1.101688e-02  2.875625e-03
 [22,] -2.815425e-02 -2.195499e-03 -1.976654e-03 -2.671383e-03  2.371861e-04
 [23,] -2.768315e-01 -3.698663e-02 -1.955692e-02 -2.008631e-02  7.603898e-03
 [24,] -5.838168e-02 -1.423086e-02 -8.157811e-03  1.096337e-03  1.506962e-02
 [25,]  6.161862e-02  2.019992e-02 -6.112759e-03  1.603950e-02  2.860943e-04
 [26,]  2.537813e-02 -9.188775e-03  2.939181e-03 -2.117673e-02 -4.410655e-03
 [27,]  1.364800e-01 -1.076725e-02  9.634426e-03 -2.557417e-02  1.163489e-02
 [28,]  2.640665e-02  2.066193e-03  1.859197e-03  2.521162e-03 -2.465076e-04
 [29,] -8.097804e-01 -7.375563e-02 -6.247023e-02 -3.412748e-02  7.620889e-03
 [30,]  6.672818e-02  1.958020e-03  8.659932e-03 -2.046013e-02  3.851688e-03
 [31,] -9.993678e-03 -5.337694e-02  1.390119e-01  9.460188e-02 -3.824711e-02
 [32,] -9.442495e-03 -1.453135e-02  1.674422e-01  1.364692e-01 -1.472512e-02
 [33,]  1.980616e-02 -6.746438e-02 -6.322085e-02 -3.966820e-02  1.443656e-02
 [34,]  3.321583e-03  6.598703e-02 -1.310846e-01 -1.367054e-01  4.774367e-02
 [35,] -8.190368e-03  5.121631e-02  3.255345e-02 -3.311069e-02 -1.570382e-02
               [,71]         [,72]         [,73]         [,74]         [,75]
  [1,]  2.716692e-02  3.921004e-03  8.634300e-03 -5.963588e-03  4.137964e-02
  [2,] -1.724710e-02 -1.274062e-03 -1.110874e-02  4.395069e-03  6.727498e-03
  [3,] -2.676366e-02 -6.775470e-04  2.560032e-03 -1.630128e-02 -2.678410e-02
  [4,] -1.252523e-02 -4.218995e-03  3.434354e-03  1.134431e-02 -5.079555e-02
  [5,]  4.635145e-03 -9.076554e-03  2.454594e-02  1.601704e-03 -3.548500e-02
  [6,]  2.283095e-02  1.340855e-03  2.956635e-02 -3.109600e-02  5.323259e-03
  [7,] -1.239990e-01  3.819537e-04 -2.376301e-02 -5.325583e-02 -1.124006e-01
  [8,]  1.932262e-02 -5.143998e-03 -1.169061e-03  4.026940e-02 -1.393926e-02
  [9,] -2.018720e-02  1.245214e-02 -3.429585e-02 -4.344983e-03  6.655758e-02
 [10,] -1.729837e-03  1.102773e-02 -1.272634e-02 -2.619961e-02  6.498911e-02
 [11,] -3.169763e-02 -1.038714e-02  1.141574e-02  1.789029e-02 -7.206098e-02
 [12,] -2.363921e-02 -1.760027e-03  1.232784e-02 -1.163510e-02 -6.979837e-04
 [13,] -3.007487e-03 -4.340708e-04 -9.558516e-04  6.601931e-04 -4.580891e-03
 [14,] -1.959743e-02 -4.749565e-04  6.323354e-03 -1.051674e-02 -1.076963e-02
 [15,]  9.110448e-03  5.783606e-03 -3.436870e-03 -1.156479e-02  4.634405e-02
 [16,] -1.288993e-03 -2.319179e-03  1.439354e-02 -9.791244e-03  2.329912e-02
 [17,]  1.267051e-02 -2.051352e-03  3.328388e-02 -3.822214e-02  2.042386e-02
 [18,] -3.719962e-03 -5.707729e-04  4.217002e-03 -7.918690e-03  1.599639e-02
 [19,]  1.174830e-02 -9.238827e-04  6.537166e-03 -2.462242e-03  1.221124e-02
 [20,]  1.952831e-02 -3.024395e-03  3.335109e-02 -4.268401e-02  1.089709e-01
 [21,]  5.884138e-02 -2.043135e-03  3.808088e-02 -2.995745e-02 -1.893097e-02
 [22,] -2.190247e-04 -2.716355e-04  1.662433e-03 -1.111650e-03  2.717383e-03
 [23,] -1.631041e-02 -1.398640e-03  7.416139e-03 -3.549202e-03  4.365314e-02
 [24,] -1.352323e-02 -1.702811e-03  2.171072e-03 -1.171882e-02 -6.682888e-03
 [25,]  1.185850e-01  8.294578e-06  4.708810e-02 -5.670277e-02 -1.556668e-01
 [26,] -3.745601e-02 -1.929761e-03  1.276203e-02 -1.582355e-02  1.018812e-01
 [27,] -8.068222e-03 -4.131457e-03  3.879418e-02 -3.374145e-02  1.065369e-01
 [28,]  1.430924e-04  2.566448e-04 -1.594562e-03  1.081849e-03 -2.577285e-03
 [29,] -5.740094e-02 -3.030265e-03  6.594490e-03 -1.741664e-02  3.239191e-02
 [30,]  4.706219e-02 -3.293265e-03  4.461979e-02 -3.871197e-02  2.160185e-02
 [31,]  4.977464e-02  2.015454e-02 -8.080786e-02  5.234637e-03  1.146283e-02
 [32,]  7.265497e-02  1.656745e-02 -2.769671e-02  6.181622e-02  5.574414e-02
 [33,] -3.525032e-02 -2.550691e-03 -3.986639e-03 -4.725814e-02 -3.370365e-02
 [34,] -1.383371e-03 -3.505115e-02  5.385369e-02  3.254106e-02  2.797779e-02
 [35,]  2.954683e-02 -2.017737e-02 -1.956298e-02  1.475157e-02  3.015469e-04
               [,76]         [,77]         [,78]         [,79]         [,80]
  [1,]  5.449019e-02  2.571234e-01 -5.574101e-02 -7.564660e-02 -6.250478e-02
  [2,] -1.536597e-02 -5.363386e-02  2.486786e-02  2.045494e-02  1.896293e-02
  [3,] -3.378141e-02 -7.929414e-02  6.904732e-03  1.284182e-02  1.496109e-02
  [4,] -3.728692e-02 -1.989983e-01  2.121825e-02  5.477877e-02  3.417007e-02
  [5,] -4.259024e-02 -2.420137e-01  4.919906e-02  5.975643e-02  5.965997e-02
  [6,]  1.368542e-02  6.484493e-02 -1.259186e-02 -2.706098e-02 -9.150315e-03
  [7,] -1.579536e-01 -4.797122e-01  1.029620e-01  1.132666e-01  1.261680e-01
  [8,]  4.526681e-03 -1.679140e-02 -1.423519e-02 -2.031531e-03 -1.849145e-02
  [9,]  5.934174e-02  2.645917e-01 -4.010874e-02 -4.399738e-02 -4.995947e-02
 [10,]  5.606751e-02  2.537082e-01 -2.356846e-02 -5.552466e-02 -3.162850e-02
 [11,] -7.129798e-02 -2.662120e-01  3.366778e-02  4.764740e-02  4.434712e-02
 [12,] -1.227035e-02 -3.482883e-02  2.035026e-03  1.447588e-02  4.900489e-03
 [13,] -6.032282e-03 -2.846459e-02  6.170753e-03  8.374381e-03  6.919529e-03
 [14,] -1.662105e-02 -6.938948e-02  1.894324e-02  1.579845e-02  2.408701e-02
 [15,]  4.405956e-02  1.678633e-01 -2.557769e-02 -2.884246e-02 -2.918645e-02
 [16,]  7.508999e-03  9.827290e-03 -2.937439e-02  4.659603e-02 -3.325864e-02
 [17,]  9.485854e-03  1.078674e-02  6.041539e-03  4.743769e-03  2.285508e-02
 [18,]  8.749419e-03  8.076466e-03 -2.390470e-02  3.567454e-02 -3.180685e-02
 [19,]  4.317017e-03  5.775011e-03 -1.888730e-02  3.397825e-02 -2.923680e-02
 [20,]  2.347304e-02  4.493848e-02 -4.739159e-02  1.139201e-01 -8.819598e-02
 [21,] -2.517029e-04 -1.902827e-02  1.735366e-02 -1.732907e-02  5.511032e-02
 [22,]  8.621574e-04  1.132320e-03 -3.506554e-03  5.520289e-03 -3.952148e-03
 [23,] -4.135241e-03 -1.510175e-02  1.982286e-02 -1.707357e-02  8.073658e-03
 [24,] -1.181492e-02 -2.877905e-02  2.247661e-02 -2.864064e-02  4.930649e-02
 [25,] -1.931861e-02 -5.026003e-02  1.392109e-01 -2.330825e-01  2.730451e-01
 [26,]  2.458496e-02  5.117317e-02 -6.366443e-02  1.053981e-01 -9.960362e-02
 [27,]  1.053853e-02  6.689669e-03 -1.997790e-02  7.417173e-02 -4.556503e-02
 [28,] -8.312111e-04 -1.087939e-03  3.253097e-03 -5.160899e-03  3.684277e-03
 [29,]  4.297891e-03  1.780336e-02 -7.689545e-03  5.869707e-03  4.193189e-03
 [30,]  1.034287e-02  9.417946e-04 -1.745287e-02  5.180444e-02 -9.231816e-03
 [31,] -7.774619e-02  4.078341e-02 -2.514029e-02  5.971673e-04  5.419959e-03
 [32,] -3.075837e-01  1.987138e-01 -1.004333e-01 -1.748851e-02  8.530541e-02
 [33,]  1.923549e-01 -2.914524e-02  1.015134e-02 -1.976899e-02  3.568313e-02
 [34,] -1.365898e-01  1.546316e-02 -3.679760e-03 -1.069165e-03  4.731955e-02
 [35,] -3.007412e-02 -6.733834e-03 -2.374919e-02 -5.711774e-03  1.119212e-01
               [,81]         [,82]         [,83]         [,84]         [,85]
  [1,]  3.205812e-02  9.211379e-02  9.296416e-03 -3.506300e-02 -1.919614e-02
  [2,] -8.796047e-03 -2.505674e-02  1.142956e-03  6.006953e-03  2.122513e-02
  [3,] -1.717467e-02 -2.840107e-02 -1.672180e-03 -2.198932e-04 -4.349448e-04
  [4,] -2.486160e-02 -5.679373e-02 -1.903797e-02  3.492798e-02 -1.817885e-02
  [5,] -2.256180e-02 -8.797682e-02  6.964590e-03  1.270846e-02  3.520067e-02
  [6,]  5.296577e-03  1.549213e-04  1.459356e-02 -2.784684e-02 -7.796583e-04
  [7,] -1.108184e-01 -1.703950e-01 -2.122784e-02  5.134741e-02  8.445211e-03
  [8,]  1.879294e-02  6.394136e-03 -4.722684e-03 -6.605655e-03 -1.911310e-02
  [9,]  3.824522e-02  8.867205e-02 -1.138181e-03  3.008711e-04 -5.215931e-03
 [10,]  1.339315e-02  8.792469e-02  9.408382e-03 -9.126691e-03 -3.817597e-04
 [11,] -4.389245e-02 -6.447328e-02 -1.380387e-02  1.597914e-02 -2.204506e-02
 [12,] -2.305225e-03 -2.313346e-02 -2.902336e-04 -1.044143e-03  3.197507e-03
 [13,] -3.548962e-03 -1.019737e-02 -1.029150e-03  3.881615e-03  2.125089e-03
 [14,] -1.832985e-02 -2.191287e-02 -1.679780e-03  9.201511e-03 -4.192387e-03
 [15,]  2.492362e-02  4.875279e-02  6.118185e-03 -5.839022e-03  1.010281e-02
 [16,]  3.079455e-02 -7.304166e-02 -1.789535e-02  9.023900e-03  1.590808e-02
 [17,]  3.751557e-03  1.872216e-04  2.536623e-02  7.162471e-03  1.152356e-01
 [18,]  2.604890e-02 -6.226877e-02 -1.132771e-02 -8.802007e-04  1.000387e-02
 [19,]  2.595950e-02 -6.439856e-02 -1.523932e-02 -1.091377e-02 -4.632488e-02
 [20,]  1.096829e-01 -2.571932e-01 -1.684029e-02 -5.672895e-02 -1.443117e-02
 [21,] -3.765355e-02  1.034852e-01  1.357993e-02  7.013907e-02  1.574918e-01
 [22,]  3.597926e-03 -8.600119e-03 -2.168653e-03  1.127684e-03  1.856519e-03
 [23,] -6.148899e-03  6.197204e-03  7.351538e-03 -4.030377e-02 -1.190701e-01
 [24,] -3.695753e-02  6.239029e-02  2.576897e-02  1.013369e-02  6.875530e-02
 [25,] -2.080279e-01  5.173950e-01  1.368834e-01  7.120632e-02  2.552362e-01
 [26,]  1.030937e-01 -2.402696e-01 -2.267326e-02 -3.470153e-02  4.568987e-02
 [27,]  6.733725e-02 -1.780263e-01 -3.727398e-03 -4.486116e-02 -9.996985e-03
 [28,] -3.410084e-03  8.085630e-03  1.981273e-03 -9.981456e-04 -1.761268e-03
 [29,]  9.470633e-03 -2.572502e-02  1.836196e-02 -9.378596e-03  7.535646e-02
 [30,]  2.691806e-02 -6.291928e-02 -4.839971e-03  2.476860e-02  8.877897e-02
 [31,] -4.084876e-02 -1.820553e-02  8.785648e-03 -2.677880e-03  1.269587e-02
 [32,] -1.669306e-01 -9.895629e-02 -1.346022e-02  4.969398e-02  4.642580e-02
 [33,] -3.983398e-02 -2.766206e-02 -1.173984e-02  8.349877e-03  8.112134e-03
 [34,]  9.033891e-03 -1.240632e-02 -1.360550e-02  8.467365e-03 -1.259041e-02
 [35,] -9.999052e-02 -8.819408e-02 -2.112105e-02  3.284267e-02 -3.890924e-03
               [,86]         [,87]         [,88]         [,89]         [,90]
  [1,] -2.699240e-02 -3.823081e-02 -2.250691e-02  4.697366e-02 -5.218271e-02
  [2,]  1.885918e-02  2.938570e-02  1.462267e-02 -4.339059e-02  2.975305e-02
  [3,] -4.101251e-03 -2.411096e-03 -1.205155e-02  2.812274e-02 -9.381139e-03
  [4,] -6.355343e-03 -3.316106e-03 -3.190981e-03  2.434169e-02  1.396270e-02
  [5,]  4.405058e-02  5.206399e-02  4.180539e-02 -9.772370e-02  5.116864e-02
  [6,] -4.674574e-03  7.365352e-03  1.895817e-03 -3.206815e-03  7.490948e-03
  [7,]  2.013696e-02  2.802666e-02  2.046386e-02 -3.662948e-02  7.103728e-02
  [8,] -2.709126e-02 -2.222869e-02 -3.250825e-02  7.151323e-02 -3.075437e-02
  [9,] -1.868067e-02 -1.411609e-02 -2.992023e-02  7.740337e-02 -4.600887e-02
 [10,]  1.097676e-02 -1.731445e-02  2.681583e-02 -5.750532e-02 -7.254943e-03
 [11,] -1.080272e-02 -2.033225e-02 -2.304418e-03  6.324534e-03  4.524648e-03
 [12,] -3.941875e-03  1.812283e-02 -1.337334e-02  3.274316e-02  2.412083e-03
 [13,]  2.988166e-03  4.232304e-03  2.491605e-03 -5.200172e-03  5.776834e-03
 [14,]  5.985006e-03  6.901833e-03  1.470932e-02 -2.692174e-02  1.604642e-02
 [15,]  4.708334e-03  8.423632e-03  6.188384e-05  2.580303e-03 -1.163950e-02
 [16,] -6.202400e-02  2.241156e-02 -1.805419e-02  2.200912e-02  2.689701e-03
 [17,] -6.541350e-02  1.543240e-01 -5.054895e-02  1.820739e-01  7.653506e-02
 [18,] -3.913043e-02  2.109726e-02 -3.517919e-02  3.477470e-02  5.391028e-03
 [19,]  5.413153e-02 -2.365982e-02 -2.802815e-02  9.459618e-03 -7.115503e-03
 [20,]  2.309280e-02  1.193936e-01 -1.599716e-01  2.224093e-01  5.202789e-02
 [21,] -2.150024e-01  8.388499e-02  8.413256e-02 -6.146975e-02  7.019045e-03
 [22,] -7.670237e-03  2.676270e-03 -2.223891e-03  2.913940e-03  3.516207e-04
 [23,]  1.508555e-01 -1.656648e-01  1.392984e-01 -3.345636e-01 -1.063642e-01
 [24,] -3.675971e-02  3.364639e-02 -1.185694e-02  9.726559e-03  1.203139e-02
 [25,]  5.187467e-02  1.413157e-01  2.778311e-02  9.989108e-02  8.720426e-02
 [26,] -1.424592e-01  1.400805e-01 -9.438046e-02  1.669073e-01  4.809869e-02
 [27,]  1.734228e-02  5.067929e-02 -8.739991e-03  9.074361e-03  7.065811e-03
 [28,]  6.868305e-03 -2.478058e-03  1.999272e-03 -2.430237e-03 -2.918079e-04
 [29,] -5.846407e-02  9.399033e-02 -5.112006e-02  1.095410e-01  4.234618e-02
 [30,] -8.745453e-02  1.211071e-01 -5.875429e-02  1.639156e-01  5.884651e-02
 [31,]  9.369370e-03  3.987677e-02  3.102370e-02  2.384935e-02  2.659246e-02
 [32,]  3.043781e-02  1.403515e-02  7.347494e-03 -7.479348e-02  4.147406e-02
 [33,] -4.986913e-03 -3.875594e-02 -2.879247e-02  1.031249e-02 -4.669191e-02
 [34,] -1.351035e-02 -3.892930e-02 -2.497503e-02  1.555773e-02 -1.361239e-02
 [35,] -5.191463e-03 -1.016636e-02 -3.600318e-02  5.242016e-02 -4.226416e-02
               [,91]         [,92]         [,93]         [,94]         [,95]
  [1,] -5.280115e-03 -1.462531e-02  4.056732e-03 -3.274061e-03  1.884845e-03
  [2,] -1.044434e-02  1.159310e-02 -1.262656e-02  1.056822e-02  1.836155e-02
  [3,]  6.118155e-03 -1.597993e-02  6.045516e-03 -3.048905e-03 -9.773313e-03
  [4,]  4.170268e-02  1.232461e-02  1.721923e-02  1.334187e-03 -3.440460e-02
  [5,] -3.353763e-02  1.534730e-02 -2.405000e-02  4.788468e-03  2.685415e-02
  [6,] -1.264640e-02 -3.708844e-03  1.214821e-02  9.879349e-03  1.001729e-02
  [7,]  1.742140e-02  3.282702e-02  2.194690e-02  1.331146e-02 -1.853954e-02
  [8,]  1.791679e-02 -3.548667e-02  1.587278e-02 -1.002565e-02 -2.721379e-02
  [9,]  2.764137e-02 -3.579454e-02 -1.458761e-03 -2.397934e-02 -1.747226e-02
 [10,] -2.974851e-02  3.855370e-02 -1.430062e-02 -1.882195e-03  3.121420e-02
 [11,]  1.089863e-02  1.721822e-02  1.601748e-02  2.592279e-03 -2.120173e-02
 [12,]  2.313488e-02 -1.188787e-02  5.000622e-03  7.061010e-03 -9.054856e-03
 [13,]  5.845298e-04  1.619080e-03 -4.490965e-04  3.624517e-04 -2.086599e-04
 [14,] -1.379607e-03  2.001813e-02  3.516300e-03  6.277854e-03  1.398708e-03
 [15,]  1.708866e-03 -6.037035e-03 -1.318008e-02 -3.638859e-03  9.609853e-03
 [16,]  8.192553e-03 -1.525780e-03  8.685944e-03  7.322676e-03 -7.371379e-03
 [17,]  1.844729e-01 -1.230253e-01  5.756692e-02  7.301872e-02 -5.817317e-02
 [18,] -7.545824e-04  1.491936e-02  2.654336e-03  8.950541e-03  7.875249e-03
 [19,] -2.742757e-02  2.979192e-02  5.300568e-04 -3.762377e-04  6.772692e-03
 [20,]  9.369356e-02 -1.900889e-02  3.625657e-02  6.641047e-02 -2.344409e-02
 [21,]  2.801268e-02 -8.627982e-02 -6.244227e-04 -3.300057e-02 -1.329308e-02
 [22,]  1.307431e-03 -2.737953e-04  1.178461e-03  8.393991e-04 -1.042361e-03
 [23,] -2.636050e-01  1.255357e-01 -1.008025e-01 -1.498925e-01  9.510024e-02
 [24,]  4.168155e-03  1.407154e-02 -8.476657e-03 -5.500308e-04  4.747595e-03
 [25,]  1.263153e-01 -1.524818e-01  2.182070e-02  1.365219e-02 -1.716501e-02
 [26,]  1.229867e-01 -5.762930e-02  3.190689e-02  5.592435e-02 -3.375070e-02
 [27,]  2.908175e-02 -1.134031e-02  6.171372e-03  3.305799e-03 -1.252725e-02
 [28,] -9.037208e-04  1.724907e-04 -9.611258e-04 -8.066621e-04  8.140976e-04
 [29,]  9.125691e-02 -4.488586e-02  1.828814e-02  3.632377e-02 -2.439781e-02
 [30,]  1.464991e-01 -8.540161e-02  6.288823e-02  7.335358e-02 -5.782103e-02
 [31,] -1.891546e-02  7.087334e-03 -2.228203e-02 -1.148160e-02  4.777042e-02
 [32,]  5.928596e-02  7.464001e-02  5.408694e-02  5.143108e-02  8.396431e-03
 [33,]  4.405017e-03 -3.488989e-02 -1.150594e-02 -9.127354e-03  7.151095e-02
 [34,] -2.861998e-02 -4.030297e-02 -1.748917e-02 -3.366163e-02 -8.378034e-02
 [35,] -1.844280e-02 -3.229384e-03 -1.945289e-02 -2.885769e-03  2.752472e-02
               [,96]         [,97]         [,98]         [,99]        [,100]
  [1,]  4.918150e-02  3.072964e-02  3.528268e-03  1.644815e-02  1.443231e-02
  [2,] -2.476235e-02 -4.306430e-02 -1.225978e-02 -4.625657e-02 -2.909887e-02
  [3,]  1.253149e-02  2.193661e-02  1.813592e-02  2.533807e-02  3.110145e-02
  [4,] -2.856676e-02  1.705218e-02  7.052311e-03  3.216296e-02  6.127425e-03
  [5,] -4.920845e-02 -5.846293e-02 -1.620991e-02 -5.455240e-02 -3.109983e-02
  [6,] -2.215828e-04 -1.350872e-02  2.414952e-03 -1.946327e-02 -1.205475e-02
  [7,] -5.597372e-02 -3.043549e-02 -1.939146e-03 -1.717832e-02 -6.717345e-03
  [8,]  1.732560e-02  5.544059e-02  2.441391e-02  6.703312e-02  5.577377e-02
  [9,]  5.592336e-02  6.662225e-02  4.249752e-02  7.620623e-02  5.562521e-02
 [10,]  2.165328e-02 -3.277523e-02 -4.159021e-02 -5.527450e-02 -6.297055e-02
 [11,] -1.743837e-02  8.949305e-03 -1.607036e-02  1.125106e-02  4.064771e-03
 [12,]  1.424672e-03  1.053769e-02  2.617230e-02  1.624714e-02  1.648336e-02
 [13,] -5.444589e-03 -3.401894e-03 -3.905934e-04 -1.820876e-03 -1.597715e-03
 [14,] -1.717885e-02 -1.993597e-02 -1.309362e-02 -2.238643e-02 -2.653393e-02
 [15,]  1.700642e-02  1.002720e-03  1.062201e-02 -1.428822e-03 -1.938554e-03
 [16,]  2.874851e-03 -9.752140e-05 -4.805212e-02 -1.019559e-02 -7.163298e-03
 [17,] -5.931468e-02 -1.642484e-02  8.054522e-02  1.117851e-03  8.272792e-03
 [18,] -1.069905e-02 -4.702195e-04 -2.444232e-02  1.588586e-03 -3.403995e-03
 [19,] -5.997986e-03 -2.421047e-05  1.060518e-02 -5.472321e-05  3.418708e-04
 [20,] -7.792526e-02 -8.383416e-03  1.012470e-01  1.778161e-02  2.404718e-02
 [21,]  7.493163e-02  9.975793e-03 -1.493978e-01 -2.301504e-02 -1.434719e-02
 [22,]  3.494400e-04  3.690579e-05 -5.967435e-03 -1.216899e-03 -9.673662e-04
 [23,]  1.308888e-01  3.257239e-02 -6.720506e-02  1.284065e-02  3.837779e-03
 [24,] -2.042617e-02 -1.306575e-02 -7.749767e-02 -3.001539e-02 -3.788612e-02
 [25,] -3.236748e-02 -5.880374e-03  1.384210e-01  2.725935e-02  3.643006e-02
 [26,] -3.281422e-02 -2.014331e-03  2.238096e-02  9.604655e-03  1.694211e-02
 [27,] -6.549686e-03 -8.457521e-03 -1.639687e-02 -1.793613e-02 -1.713657e-02
 [28,] -3.244920e-04  1.206488e-05  5.325554e-03  1.132954e-03  7.922902e-04
 [29,] -3.823634e-02 -8.546522e-03  3.160869e-02 -2.045467e-03  1.924388e-03
 [30,] -5.915903e-02 -2.082863e-02 -1.018594e-02 -2.322559e-02 -1.688405e-02
 [31,] -7.071502e-02  1.020246e-01 -1.675046e-04  1.367512e-01 -1.295037e-01
 [32,]  3.822772e-02 -1.374005e-01 -4.084333e-03 -1.203304e-01  5.553922e-02
 [33,] -3.571031e-04 -2.045738e-02 -1.197742e-02  4.580160e-02  3.035588e-02
 [34,] -1.738189e-02  9.100658e-02  4.593324e-04  5.310132e-02  2.804067e-02
 [35,]  4.341482e-02  3.450024e-02  1.224894e-02  2.741688e-02 -3.537057e-02
              [,101]        [,102]        [,103]        [,104]        [,105]
  [1,] -2.330194e-02 -4.532344e-02  2.161315e-02 -5.248661e-03  9.647430e-03
  [2,]  1.646212e-01  2.256219e-01 -9.948041e-02 -3.375293e-02 -5.651953e-03
  [3,] -1.030994e-01 -1.232928e-01  6.092993e-02  1.437043e-02  5.652900e-03
  [4,] -1.619822e-01 -2.227049e-01  8.980270e-02  4.933765e-02 -2.759989e-03
  [5,]  1.806226e-01  2.611016e-01 -1.109790e-01 -3.770259e-02 -1.250459e-02
  [6,]  7.498339e-02  9.277726e-02 -4.049032e-02 -1.677192e-02  1.970447e-03
  [7,] -5.339300e-02 -6.575082e-02  2.352958e-02  2.563353e-02 -1.347225e-03
  [8,] -2.202693e-01 -2.689428e-01  1.256968e-01  3.856864e-02  6.176938e-03
  [9,] -2.427898e-01 -3.118311e-01  1.465136e-01  4.331282e-02  8.415065e-03
 [10,]  2.127296e-01  2.244426e-01 -1.138505e-01 -3.402204e-02 -3.164437e-03
 [11,] -7.963610e-02 -1.133345e-01  4.112243e-02  2.296869e-02  9.764979e-04
 [12,] -5.730343e-02 -6.428126e-02  3.418737e-02  9.139541e-03  3.503907e-03
 [13,]  2.579618e-03  5.017487e-03 -2.392662e-03  5.810478e-04 -1.068009e-03
 [14,]  5.544520e-02  5.485389e-02 -3.150431e-02 -2.408781e-03 -3.266614e-03
 [15,]  2.608379e-02  3.410283e-02 -1.128688e-02 -8.840612e-03  3.313363e-05
 [16,]  1.352861e-02  2.080311e-03 -5.576513e-03 -2.272019e-03  2.087018e-03
 [17,] -4.295005e-05  4.013325e-02 -7.773846e-03  1.768123e-03 -2.299283e-02
 [18,]  6.010292e-03 -3.240755e-03  3.716616e-03  2.263335e-03  8.371036e-03
 [19,]  7.762890e-03  4.127240e-03 -5.181680e-03 -3.913715e-03  7.290379e-03
 [20,] -1.204712e-02  1.906117e-02  3.825641e-03 -2.230460e-03  1.137104e-02
 [21,] -2.506772e-02 -4.782365e-02  1.551865e-02  8.397437e-03 -2.129945e-04
 [22,]  1.344576e-03 -2.095445e-04 -5.856029e-04 -1.571061e-04  2.165855e-04
 [23,] -6.855825e-02 -1.059946e-01  3.917268e-02  7.212182e-03  3.387134e-02
 [24,]  9.358760e-02  6.271390e-02 -4.674806e-02 -1.202555e-02 -1.801053e-02
 [25,] -5.331010e-02  8.197109e-03  1.662250e-02  3.890379e-03 -1.198206e-02
 [26,] -4.430543e-02 -2.473803e-02  2.558788e-02  9.081130e-03  9.682583e-03
 [27,]  3.952941e-02  3.477446e-02 -2.745943e-02 -7.060654e-03 -1.499707e-02
 [28,] -1.501734e-03 -2.315627e-04  6.177941e-04  2.550943e-04 -2.311344e-04
 [29,]  6.020045e-03  1.947894e-02 -5.806934e-03 -1.304771e-03 -8.260127e-03
 [30,]  6.862733e-02  7.911745e-02 -4.141750e-02 -9.321357e-03 -2.805299e-02
 [31,]  8.957823e-02 -3.737001e-02  3.039566e-02  3.911354e-02 -1.307844e-01
 [32,] -7.082515e-02  1.568900e-02 -6.708500e-03  2.332737e-03  8.571064e-02
 [33,] -1.400492e-02  4.028148e-02  1.609829e-02  2.986490e-02  6.442567e-04
 [34,]  4.161484e-02 -1.787104e-03 -9.908301e-03 -4.343907e-02 -5.337466e-02
 [35,]  1.583801e-02 -1.116996e-02  9.816036e-03  6.144710e-03 -4.687342e-02
              [,106]        [,107]        [,108]        [,109]        [,110]
  [1,] -4.467321e-02  5.392631e-03  1.997016e-02 -3.427797e-02  1.754200e-02
  [2,]  1.135043e-01  1.401832e-02  3.305285e-03  1.309097e-02 -6.600654e-03
  [3,] -2.496613e-02 -6.489855e-04  3.650459e-03 -2.240638e-02  9.188686e-03
  [4,] -7.980479e-02 -2.910167e-02 -3.165192e-02  4.005329e-02 -2.022345e-02
  [5,]  1.193821e-01  2.157997e-02  5.272582e-03 -7.370424e-04  1.833882e-03
  [6,]  7.143202e-02  1.142462e-02  1.759681e-02 -8.771979e-03  7.283847e-03
  [7,] -6.174303e-03 -1.380956e-02 -2.663897e-02  3.169384e-02 -1.659448e-02
  [8,] -7.752172e-02 -1.483890e-02 -5.316913e-03 -1.379813e-02  6.576863e-03
  [9,] -9.727441e-02 -1.805253e-02 -9.366193e-03 -2.135186e-02  7.925653e-03
 [10,] -4.277567e-02  3.881243e-03  5.381551e-03  3.898351e-03 -3.508124e-03
 [11,] -9.718866e-02 -1.435096e-02 -1.269954e-02  1.023083e-02 -6.389551e-03
 [12,]  5.487775e-02 -7.573657e-04  9.638632e-04  2.159266e-03  1.684139e-04
 [13,]  4.945503e-03 -5.969858e-04 -2.210777e-03  3.794709e-03 -1.941969e-03
 [14,] -7.591605e-04 -2.888348e-03 -5.135334e-03  1.488010e-02 -6.688068e-03
 [15,]  3.485057e-02  5.082477e-03  4.417314e-03 -9.170075e-03  4.373824e-03
 [16,] -4.309446e-02  2.276813e-03  5.693074e-03 -1.215344e-02  7.093260e-03
 [17,]  4.968210e-02  1.207604e-02  2.673031e-03  2.474648e-02 -1.040534e-02
 [18,]  5.979550e-02  2.908169e-03  1.052733e-02  1.423452e-02 -4.988998e-03
 [19,] -3.743677e-02 -5.101552e-03  4.181779e-04 -1.332785e-02  6.628071e-03
 [20,]  1.863289e-01  2.406686e-03  6.545075e-03  4.686152e-02 -1.584277e-02
 [21,]  1.613306e-01  1.930817e-02  2.719229e-02  7.143827e-03  5.007365e-03
 [22,] -5.266541e-03  2.501396e-04  6.670393e-04 -1.277662e-03  7.827394e-04
 [23,]  2.179318e-01 -1.043223e-02  4.550953e-03 -1.064378e-03  2.043851e-03
 [24,] -5.846568e-01 -9.447836e-03 -1.684366e-02 -8.543787e-02  2.758572e-02
 [25,]  1.708284e-01  4.825232e-03 -1.219985e-02  4.545608e-02 -2.023543e-02
 [26,]  4.285950e-01  1.841882e-02  2.441006e-02  8.100430e-02 -2.525252e-02
 [27,] -2.854366e-01 -3.354287e-03 -5.661937e-03 -5.086690e-02  1.773610e-02
 [28,]  4.784757e-03 -2.446693e-04 -6.254451e-04  1.341283e-03 -7.845984e-04
 [29,] -1.835858e-02  4.007324e-03 -2.004305e-03  8.340670e-03 -3.433331e-03
 [30,] -3.467180e-01  4.154282e-03 -3.432681e-03 -4.609026e-02  1.616216e-02
 [31,]  1.243870e-02 -1.789668e-02  4.642077e-02  3.180799e-03  1.833227e-03
 [32,] -7.408411e-03  4.987377e-03 -4.505839e-02  5.926045e-03 -1.167902e-02
 [33,] -1.141741e-02 -3.321319e-03  1.519357e-02  1.486661e-02 -2.013111e-02
 [34,]  1.866525e-03 -8.384724e-03  1.090835e-02  5.223151e-02  4.746967e-03
 [35,]  9.426581e-03  1.048036e-02  4.159497e-02 -5.311844e-02  1.973645e-02
              [,111]        [,112]        [,113]        [,114]        [,115]
  [1,]  1.577576e-02 -8.936007e-03  7.041721e-03 -1.262425e-02  1.150759e-03
  [2,]  2.027821e-02 -1.161718e-02 -1.863745e-03  3.948960e-02  4.155610e-04
  [3,]  7.212102e-03  4.016277e-03  8.656633e-03 -2.441638e-02  2.037188e-03
  [4,] -5.322578e-02  2.819958e-02 -9.966119e-03 -2.823185e-02 -3.108267e-03
  [5,]  2.565438e-02 -1.453038e-02 -1.762339e-04  2.647713e-02  1.112867e-03
  [6,]  8.313685e-03 -9.146755e-03  2.331112e-03 -1.229000e-03  1.609846e-03
  [7,] -2.056347e-02  2.827597e-02 -1.722469e-03 -1.792945e-02 -1.567288e-03
  [8,] -2.193690e-02  1.269521e-02  3.663111e-03 -4.213022e-02 -4.623055e-04
  [9,] -4.377250e-03  1.072770e-02  8.411248e-03 -3.695801e-02  1.819376e-04
 [10,]  1.253229e-02 -1.430221e-02 -8.300308e-03  4.233556e-02 -3.122246e-04
 [11,] -2.842637e-02  1.698648e-02 -5.076984e-03 -2.256484e-02 -1.487450e-03
 [12,]  1.893112e-03  2.930459e-03  4.586747e-03 -9.689744e-03  1.830490e-04
 [13,] -1.746440e-03  9.892517e-04 -7.795467e-04  1.397555e-03 -1.273936e-04
 [14,] -9.934978e-03  2.843237e-03 -5.408570e-03  3.903255e-03 -6.975523e-04
 [15,]  1.742580e-02 -8.145898e-03  3.540189e-03  7.666700e-03  8.156990e-04
 [16,] -3.479018e-03 -2.977893e-04  5.030255e-03 -1.490779e-02  5.994249e-04
 [17,] -8.227810e-03  1.290838e-02 -1.061884e-02  3.060065e-02 -2.093080e-03
 [18,] -6.356158e-03 -6.773376e-03 -1.065653e-02 -5.418343e-03  3.725685e-04
 [19,] -1.765400e-03 -4.352168e-03  5.342314e-03 -1.875378e-02  9.991892e-04
 [20,] -1.023882e-02 -1.261290e-02  1.193623e-03  7.795425e-03  2.668499e-04
 [21,] -1.731013e-02  1.572028e-02  2.992800e-03 -8.770849e-03 -1.141169e-03
 [22,] -6.229362e-04  1.404335e-05  5.039769e-04 -1.677359e-03  5.428970e-05
 [23,]  6.654734e-03 -6.464095e-03  4.481653e-03 -2.554383e-02  1.345868e-03
 [24,]  1.599228e-02 -7.223699e-03  4.472590e-04 -2.793505e-02  1.676006e-03
 [25,]  2.319155e-03 -1.735286e-03 -1.080268e-03  4.053945e-02 -1.749357e-03
 [26,] -2.287319e-02  2.295948e-03 -3.551858e-03  2.447636e-02 -1.914437e-03
 [27,]  4.088307e-03  7.522632e-03 -6.676634e-04 -1.538147e-02  4.170494e-04
 [28,]  3.931345e-04  3.308438e-05 -5.565323e-04  1.657213e-03 -6.704994e-05
 [29,] -4.453061e-04  9.472105e-04  2.763010e-03  1.202361e-02 -7.820539e-04
 [30,] -9.737894e-04  8.695564e-03 -4.251202e-03 -7.279892e-03  1.880177e-04
 [31,]  3.739814e-03 -1.631624e-01 -1.747464e-03 -4.191840e-02  3.539265e-03
 [32,] -3.101208e-02  3.399851e-02 -2.187817e-02 -7.604371e-03  4.523156e-03
 [33,]  5.156726e-03  2.561853e-02 -6.198212e-02  6.048046e-04  8.067082e-03
 [34,]  8.200408e-02 -2.820235e-01  1.188049e-01 -3.775160e-02  2.351069e-02
 [35,]  1.582257e-02 -1.227937e-02 -2.406141e-02 -9.295568e-03 -3.838364e-03
              [,116]        [,117]        [,118]        [,119]        [,120]
  [1,]  6.117243e-03 -9.596176e-03 -1.940968e-02 -5.294178e-03 -3.006466e-03
  [2,] -1.319912e-03 -1.188668e-02  3.487975e-02 -1.296263e-02  1.005121e-02
  [3,]  5.602677e-02  1.570392e-02  1.646419e-01  4.092645e-03 -5.234966e-03
  [4,] -7.367025e-02  8.976098e-03 -2.573115e-01  2.092844e-02 -6.750613e-03
  [5,]  1.074925e-01  1.988367e-02  4.514561e-01 -2.150533e-02 -4.018774e-03
  [6,]  3.960643e-02  4.288820e-03  1.754755e-01 -1.901229e-02 -5.402798e-03
  [7,] -2.594747e-03  1.631715e-02  1.734729e-02  1.271817e-02 -2.188655e-03
  [8,]  1.130164e-02  1.469528e-02  1.735372e-02  7.970123e-03 -1.020165e-02
  [9,]  7.372303e-02  2.824324e-02  2.765133e-01 -5.067000e-03 -1.161673e-02
 [10,] -1.208112e-01 -4.648534e-02 -4.998563e-01  1.954562e-02  2.085315e-02
 [11,] -8.036516e-02 -1.123650e-02 -3.127757e-01  2.186856e-02 -3.048988e-04
 [12,]  4.087839e-02  1.494352e-02  1.511472e-01 -7.539152e-03 -3.540685e-03
 [13,] -6.772033e-04  1.062335e-03  2.148730e-03  5.860867e-04  3.328279e-04
 [14,] -3.529729e-02 -5.077932e-03 -1.276578e-01  6.001215e-03  9.868841e-04
 [15,]  5.842456e-02  1.003389e-02  2.427629e-01 -1.722594e-02 -3.010828e-03
 [16,] -2.322915e-04  1.112181e-03 -2.691316e-03  6.989822e-03 -3.886670e-02
 [17,] -1.392189e-02 -3.097994e-03 -4.220811e-02  1.616517e-02  3.642048e-02
 [18,] -1.879041e-03 -2.495770e-03 -3.159562e-02  2.135944e-03  5.740873e-02
 [19,] -3.202097e-03 -2.856028e-04 -1.225738e-02  3.923603e-03 -3.344815e-02
 [20,] -3.877618e-03  1.078719e-02  4.833103e-03 -2.191900e-02  3.876951e-02
 [21,] -4.204075e-02 -1.660648e-02 -1.492626e-01  8.253898e-02 -1.140544e-01
 [22,] -7.245290e-04 -1.685500e-04 -1.893271e-03  1.063778e-03 -5.059301e-03
 [23,] -6.268370e-03 -1.073974e-02 -1.451817e-02 -2.461791e-02  1.218487e-03
 [24,]  2.798117e-02  4.436521e-04  6.499636e-02  3.085767e-03 -1.274387e-02
 [25,] -4.891743e-03  3.198258e-03  6.373292e-03 -1.366815e-02  3.856465e-02
 [26,] -3.369016e-02  5.009328e-04 -1.032822e-01  3.319082e-02  4.416139e-03
 [27,]  4.372116e-03 -5.923799e-03  2.117275e-02  1.503052e-03 -1.788274e-02
 [28,]  3.280207e-05 -1.348673e-04  2.948043e-04 -7.761531e-04  4.302451e-03
 [29,] -2.298906e-03  3.223909e-03  2.783313e-03  1.092983e-02 -1.493782e-02
 [30,]  1.157350e-02  6.406678e-04  3.169155e-02  2.715475e-03 -4.046199e-03
 [31,]  8.071564e-02 -6.498275e-02 -2.078413e-02  7.165605e-03 -2.941421e-02
 [32,]  6.334161e-03 -1.046870e-02 -8.286860e-03  3.941043e-02  1.589990e-02
 [33,]  5.036957e-02 -6.916879e-02 -2.010519e-02  5.027718e-02  8.124797e-03
 [34,]  2.381471e-02  1.006550e-03 -4.643752e-02  1.420782e-01 -3.311180e-02
 [35,]  3.675747e-02 -2.655141e-02  1.678332e-03 -5.057790e-02 -8.500741e-03
              [,121]        [,122]        [,123]        [,124]        [,125]
  [1,] -5.227465e-03  8.116093e-03 -2.807696e-03 -2.107457e-05  1.510531e-04
  [2,]  1.451982e-02 -2.192059e-03  9.054053e-03  1.088713e-02 -7.072869e-03
  [3,] -6.876960e-03  2.503448e-02 -1.927433e-02  4.490779e-03 -1.161354e-03
  [4,]  5.186152e-03 -5.399005e-02  2.450229e-02 -2.394205e-02  1.047632e-02
  [5,] -2.419026e-02  9.374189e-02 -3.403949e-02  2.978558e-02 -1.340913e-02
  [6,] -9.112450e-04  2.909820e-02  3.300277e-03  1.202960e-02 -1.023702e-02
  [7,] -8.942381e-03 -6.859827e-04  4.761057e-03 -6.059754e-04 -3.312346e-03
  [8,] -8.264741e-03 -2.822134e-03  1.758715e-03 -1.076589e-02  5.959387e-03
  [9,] -2.049983e-02  5.798352e-02 -1.150870e-02  1.233473e-02 -5.753540e-03
 [10,]  2.321798e-02 -7.430579e-02 -1.383714e-03 -1.565145e-02  1.298739e-02
 [11,]  2.845147e-03 -4.133066e-02  3.922660e-03 -1.612361e-02  7.974739e-03
 [12,]  1.042928e-03  3.155051e-03  1.234970e-02  1.009887e-03 -2.376468e-03
 [13,]  5.787012e-04 -8.984839e-04  3.108232e-04  2.333039e-06 -1.672219e-05
 [14,]  3.190649e-03 -2.058856e-02  4.627920e-03 -6.964164e-03  3.135903e-03
 [15,] -8.718530e-03  4.842244e-02 -6.840906e-03  1.737578e-02 -9.611811e-03
 [16,] -6.924777e-02  1.415568e-01 -8.206673e-02 -2.789357e-03 -9.394099e-03
 [17,]  4.148980e-02 -9.485268e-02  3.992313e-02  1.318945e-02  1.305947e-02
 [18,]  8.009238e-02 -1.645557e-01  7.335579e-02  1.826248e-02  1.575802e-02
 [19,] -6.019659e-02  1.273193e-01 -7.483910e-02 -2.535567e-03 -9.674920e-03
 [20,]  8.152871e-02 -1.519942e-01  8.665155e-02 -1.042547e-02 -2.576265e-03
 [21,] -2.900707e-01  5.831087e-01 -3.898074e-01  3.781204e-02 -1.758939e-02
 [22,] -9.722679e-03  2.029666e-02 -1.204872e-02  3.030511e-04 -1.348332e-03
 [23,]  2.871507e-02 -5.359917e-02  4.986999e-02 -3.265336e-03 -8.095262e-04
 [24,] -3.343024e-02  7.660632e-02 -4.832315e-02  5.972486e-03 -3.042416e-03
 [25,]  7.253518e-02 -1.391815e-01  7.746515e-02 -3.255929e-03  1.701171e-03
 [26,] -4.388436e-02  9.217159e-02 -9.269795e-02  2.097041e-02 -2.131179e-03
 [27,] -2.435846e-02  4.539447e-02 -1.386270e-02 -3.284509e-03 -2.475547e-04
 [28,]  7.665117e-03 -1.565853e-02  9.075478e-03  3.004949e-04  1.034349e-03
 [29,] -4.166655e-02  9.080942e-02 -6.169730e-02  1.588846e-03 -7.257123e-03
 [30,]  1.175444e-03 -1.351385e-02  1.544975e-02 -4.179855e-03  4.936641e-03
 [31,] -3.674988e-03  2.173285e-02  3.086211e-02  4.219721e-02  2.058163e-02
 [32,] -1.276476e-02 -1.372374e-02 -1.000516e-03  4.895753e-02 -2.409158e-02
 [33,] -1.811543e-02 -6.876571e-03 -1.496753e-03  1.942923e-02  7.808022e-03
 [34,] -9.815895e-02 -3.357000e-02  8.718910e-02  1.108136e-01 -7.754618e-02
 [35,]  2.042404e-02  2.226635e-02 -2.394927e-03 -8.991891e-03  2.423682e-02
              [,126]        [,127]        [,128]        [,129]        [,130]
  [1,] -1.047321e-02  2.584169e-03 -1.848437e-04  1.342059e-03 -2.615107e-02
  [2,]  8.394494e-03 -1.079970e-02  3.712725e-03 -4.166504e-03  6.067849e-02
  [3,]  3.004972e-03  1.007343e-02 -5.178663e-03  2.324941e-03 -5.060541e-02
  [4,] -1.476794e-02 -1.370304e-03  1.874457e-03 -1.298285e-04  4.073556e-02
  [5,]  2.525504e-02 -2.014549e-02  7.481527e-03 -4.892306e-03 -8.374327e-02
  [6,] -1.221165e-02 -1.904122e-02  1.010847e-02 -5.703906e-03  2.072431e-02
  [7,] -4.508441e-03 -3.800927e-02  1.785884e-02 -9.237739e-03  1.188081e-02
  [8,] -1.245307e-02  4.027155e-03 -9.511793e-04  1.821005e-03 -1.157075e-02
  [9,]  6.897528e-04 -2.389015e-02  1.146252e-02 -6.505178e-03 -4.986242e-02
 [10,]  1.591010e-02  5.146350e-02 -2.408271e-02  1.349375e-02 -1.075159e-02
 [11,] -1.062404e-02 -2.093897e-03  1.707620e-03 -1.675566e-05 -2.033401e-02
 [12,] -8.731933e-03 -5.453660e-03  2.892630e-03 -1.247359e-03  5.530833e-02
 [13,]  1.159426e-03 -2.860778e-04  2.046293e-05 -1.485713e-04  2.895028e-03
 [14,] -2.522855e-03  5.651443e-03 -2.135928e-03  1.787723e-03  3.477170e-03
 [15,]  4.842656e-03 -1.828983e-02  8.219675e-03 -5.260461e-03 -1.352572e-02
 [16,] -5.030602e-02  1.268615e-02 -5.813079e-03  2.831334e-03  1.880276e-01
 [17,]  8.968043e-02 -2.097431e-02  9.045526e-03 -4.826023e-03 -2.863431e-01
 [18,]  1.067015e-01 -3.896084e-02  1.912581e-02 -7.910212e-03 -6.540068e-01
 [19,] -5.288395e-02  1.008063e-02 -4.418136e-03  2.429099e-03  1.190853e-01
 [20,] -2.114946e-02  2.071967e-02 -9.351922e-03  5.026415e-03  2.029615e-01
 [21,] -1.375829e-02 -1.061897e-02  2.962509e-03 -2.423631e-03 -1.417085e-01
 [22,] -5.420877e-03  1.035575e-03 -5.007414e-04  2.089269e-04  1.755739e-02
 [23,] -1.655651e-02 -5.110656e-03  4.611930e-03 -1.120133e-03 -7.751491e-02
 [24,] -4.409150e-03 -9.871000e-03  4.201957e-03 -1.640560e-03 -1.379744e-01
 [25,]  7.742343e-03  9.157173e-03 -4.358778e-03  1.982504e-03  1.072075e-01
 [26,]  4.339863e-02  1.810204e-05 -1.456207e-03  3.551702e-04 -8.034931e-02
 [27,] -1.182059e-02 -1.651388e-03  3.631543e-04 -7.450344e-04  5.301037e-02
 [28,]  5.523394e-03 -1.381205e-03  6.364089e-04 -3.097123e-04 -2.057091e-02
 [29,] -2.226242e-02  1.604640e-02 -9.009981e-03  3.533835e-03  2.360834e-01
 [30,]  9.623360e-03 -7.384369e-03  3.527719e-03 -1.901388e-03 -4.758948e-02
 [31,] -3.483813e-02  3.045556e-02 -1.991181e-03  1.370827e-02  1.854850e-02
 [32,] -3.000766e-02 -1.975091e-01  7.498040e-02 -4.030351e-02  2.810188e-02
 [33,] -1.425762e-02 -1.311298e-01  5.502511e-02 -2.617707e-02  2.722814e-02
 [34,]  2.721109e-02 -4.669938e-01  2.065345e-01 -1.238359e-01  5.300876e-02
 [35,]  8.489156e-03  1.690984e-01 -6.539726e-02  3.437683e-02 -8.880673e-03
              [,131]        [,132]        [,133]        [,134]        [,135]
  [1,]  1.385588e-02 -3.642547e-03 -4.379887e-04 -2.242182e-03 -7.763756e-04
  [2,] -1.427292e-02 -1.312838e-02  1.662114e-03 -5.572884e-03  5.442272e-03
  [3,]  6.055320e-03  1.263246e-02 -2.759672e-03  8.844782e-03 -7.958371e-03
  [4,] -1.796259e-02  7.068596e-03  1.281933e-03 -2.121596e-03  3.945227e-03
  [5,]  5.050285e-02 -6.134174e-03  1.890600e-03  1.919944e-03 -3.297590e-03
  [6,]  9.636309e-03 -1.242996e-02  1.750060e-03 -7.173599e-03  4.255636e-03
  [7,]  2.327101e-02 -3.900846e-03  6.656266e-03 -9.888964e-03  5.886720e-03
  [8,] -8.501218e-04  6.538729e-03 -7.902774e-04  2.132598e-03 -1.371323e-03
  [9,]  4.047435e-02 -1.333547e-02  2.634462e-03 -4.094423e-03  6.416599e-04
 [10,] -3.552557e-02  1.987320e-02 -6.230670e-03  1.201647e-02 -8.057725e-03
 [11,]  1.405320e-02  3.893760e-03  3.674097e-03 -3.796235e-03  2.324987e-03
 [12,] -2.345324e-02  1.197014e-03 -1.906401e-03 -1.406929e-03  1.809105e-03
 [13,] -1.533902e-03  4.032445e-04  4.848711e-05  2.482185e-04  8.594789e-05
 [14,] -6.323606e-03  6.153749e-03 -4.750903e-04  1.010107e-03 -2.850266e-04
 [15,]  2.222242e-02 -1.395980e-02  1.734637e-03 -4.379751e-03  2.089202e-03
 [16,] -9.634834e-02  3.469916e-03  3.272259e-03 -5.084599e-03  1.998736e-04
 [17,]  1.461498e-01 -6.507073e-03 -6.792784e-03  9.622014e-03  2.886592e-03
 [18,]  3.341527e-01 -1.453261e-02  8.401914e-03  5.666723e-03 -1.825442e-02
 [19,] -6.140670e-02  2.570183e-03  6.043053e-03 -5.608097e-03 -3.403283e-03
 [20,] -1.085623e-01  9.074545e-03  1.949539e-03 -3.143406e-03 -5.619325e-04
 [21,]  7.330273e-02 -1.497889e-02  1.470778e-02 -5.662816e-03 -1.122434e-02
 [22,] -8.690684e-03 -2.673148e-04  6.455809e-04 -6.464768e-04 -2.415716e-04
 [23,]  4.339521e-02 -5.493347e-04 -2.473301e-03  4.717301e-05 -2.651329e-03
 [24,]  7.188438e-02 -6.146912e-03  1.250588e-02 -5.012847e-03 -1.187039e-02
 [25,] -5.594034e-02  4.038636e-03 -2.106339e-03  4.101921e-04  2.734356e-03
 [26,]  3.624481e-02 -3.949814e-03  4.232935e-03  8.195431e-04 -5.087242e-03
 [27,] -2.488943e-02 -5.235721e-04 -4.336658e-03  1.397424e-03  6.547127e-03
 [28,]  1.054139e-02 -3.938356e-04 -3.560889e-04  6.157145e-04  1.137631e-04
 [29,] -1.232258e-01  3.129083e-03  1.613617e-03 -3.359372e-03  3.262258e-03
 [30,]  2.615382e-02 -6.606334e-04 -3.571213e-03  3.013989e-03  4.594922e-03
 [31,]  1.263366e-02  1.695151e-02 -1.842222e-02  2.729331e-01 -1.094191e-01
 [32,]  8.907279e-03  8.412451e-03  4.564243e-02  5.628931e-02 -2.945380e-02
 [33,] -7.630003e-03  1.871894e-02  4.347537e-02  1.429138e-01 -6.213622e-02
 [34,]  3.886327e-02  2.128310e-03  1.272518e-01 -8.910459e-02  8.806003e-02
 [35,]  3.142674e-03 -1.609413e-02 -4.326481e-02 -7.484394e-02  4.183975e-02
              [,136]        [,137]        [,138]        [,139]        [,140]
  [1,] -4.550173e-03 -1.184353e-03  6.899382e-03  8.436049e-03  6.534756e-03
  [2,] -3.044652e-03  4.462952e-03  3.332703e-03  2.699763e-02  2.301647e-02
  [3,]  8.789642e-03 -4.268097e-03 -1.534013e-02 -4.232879e-02 -3.901073e-02
  [4,] -8.718808e-04  4.810633e-03  1.712176e-03  1.104209e-02  1.221690e-02
  [5,]  1.345765e-03 -2.786312e-03  2.840869e-03 -1.786023e-02 -1.427518e-02
  [6,] -7.642369e-03  5.450524e-03  8.916076e-03  2.609419e-02  2.176015e-02
  [7,] -2.034064e-03  1.485798e-03  2.794829e-03  6.779433e-03  7.263386e-03
  [8,]  1.526341e-03 -1.428854e-03 -2.832229e-03 -9.929017e-03 -9.663378e-03
  [9,] -4.542653e-03  4.056157e-03  8.570109e-03  1.045241e-02  1.026658e-02
 [10,]  7.273357e-03 -6.492509e-03 -1.025060e-02 -2.756707e-02 -2.291857e-02
 [11,] -4.218511e-03  5.011731e-03  1.068812e-02  1.494847e-02  1.719219e-02
 [12,]  1.754501e-03 -2.290750e-03 -8.862956e-03 -3.885740e-03 -7.220956e-03
 [13,]  5.037224e-04  1.311126e-04 -7.637891e-04 -9.339044e-04 -7.234236e-04
 [14,]  5.858030e-04 -4.635091e-04 -7.408405e-04 -3.618804e-03 -2.038205e-03
 [15,] -4.452052e-03  2.700271e-03  6.850218e-03  1.568848e-02  1.416935e-02
 [16,] -2.503022e-03  6.964999e-04  3.049704e-03 -1.822056e-03 -4.212940e-03
 [17,]  3.106197e-03 -6.883122e-04 -2.607882e-03  6.441559e-04  6.647477e-03
 [18,]  5.656653e-04 -6.096024e-04 -3.897512e-03  4.695724e-03  9.889741e-03
 [19,] -4.977825e-03  2.952830e-03  1.184335e-02 -2.157653e-03 -3.552476e-03
 [20,] -5.504253e-03  3.810536e-03  1.691201e-02 -5.999375e-03 -4.596574e-03
 [21,] -2.571684e-03  1.616580e-03  5.741938e-03  3.978034e-04 -1.593133e-03
 [22,] -4.191515e-04  1.000800e-04  6.207239e-04  1.504321e-05 -2.786167e-04
 [23,]  1.173184e-03 -3.043325e-03 -1.309468e-02  3.143264e-03  1.845117e-03
 [24,] -2.232926e-03  6.822991e-04  1.024496e-03  2.718814e-03  1.676974e-03
 [25,] -1.263644e-03  1.442328e-03  5.128869e-03 -1.853674e-03 -1.461959e-03
 [26,] -2.285814e-03  1.906084e-03  9.413644e-03 -4.640846e-03 -3.634841e-04
 [27,]  1.674654e-03  1.221660e-04  5.060751e-05  1.354830e-03  1.211859e-04
 [28,]  2.637146e-04 -6.822104e-05 -3.308938e-04  2.111737e-04  4.847493e-04
 [29,] -1.486495e-03  2.050091e-03  9.174989e-03 -3.347340e-03 -4.595306e-03
 [30,]  1.603747e-03 -5.302974e-04 -2.683909e-03  1.568703e-03  2.169999e-03
 [31,] -2.050830e-03  4.552338e-02  1.258762e-02  9.493141e-02  3.462552e-01
 [32,]  6.217172e-03  1.162292e-02 -2.150349e-03  3.900919e-02  1.264779e-01
 [33,] -2.016761e-03  5.274517e-03 -4.905334e-03  2.572359e-02  6.853715e-02
 [34,] -4.207050e-03 -2.326079e-02 -6.610033e-03 -4.632780e-02 -2.150625e-01
 [35,] -7.446474e-03  4.381132e-03  5.458834e-03 -2.782951e-03 -3.211981e-02
              [,141]        [,142]        [,143]        [,144]        [,145]
  [1,]  9.899380e-02  3.287677e-02 -3.797959e-02  2.063489e-03 -3.305400e-03
  [2,]  3.317277e-01  1.088154e-01 -1.269499e-01  4.554132e-04 -3.820735e-02
  [3,] -4.820355e-01 -1.578925e-01  1.849594e-01 -5.056360e-03  2.656684e-02
  [4,]  1.213451e-01  3.964538e-02 -4.774832e-02  1.224186e-03 -1.163721e-02
  [5,] -1.908254e-01 -6.357736e-02  7.491132e-02 -3.132408e-03  1.844996e-02
  [6,]  3.198236e-01  1.047083e-01 -1.208999e-01  6.979081e-04 -3.712743e-02
  [7,]  7.127639e-02  2.074019e-02 -1.707813e-02 -5.939558e-04  1.478456e-02
  [8,] -1.529722e-01 -5.030381e-02  5.868129e-02  4.697802e-04  2.130368e-02
  [9,]  1.353335e-01  4.403903e-02 -4.945717e-02 -1.015699e-03 -1.839074e-02
 [10,] -2.892966e-01 -9.279792e-02  1.021779e-01  1.594361e-04  1.528160e-02
 [11,]  2.241896e-01  7.392147e-02 -9.038776e-02  5.538640e-04 -3.451504e-02
 [12,] -1.054807e-01 -3.552331e-02  4.761743e-02  7.048750e-04  2.997975e-02
 [13,] -1.095901e-02 -3.639590e-03  4.204492e-03 -2.284365e-04  3.659210e-04
 [14,] -3.729477e-02 -1.216832e-02  1.365237e-02  3.617872e-04  5.055564e-03
 [15,]  1.970321e-01  6.442682e-02 -7.302530e-02 -2.063000e-04 -1.984636e-02
 [16,] -6.211426e-03 -1.306370e-03  6.574492e-03  2.288388e-03  1.231650e-04
 [17,]  1.521791e-03 -7.873573e-04 -4.998924e-03 -6.910258e-03 -7.200800e-04
 [18,]  3.311595e-02  9.932275e-03 -1.538593e-02 -1.318956e-03  1.459065e-03
 [19,] -1.526030e-03  1.877283e-04  2.623699e-03  4.142808e-03 -9.771744e-05
 [20,] -1.937588e-02 -5.589666e-03  1.038378e-02  2.434772e-03  1.313682e-03
 [21,]  1.207792e-02  4.475961e-03 -8.909742e-04  2.929477e-03  7.800338e-04
 [22,]  2.270305e-03  8.233494e-04 -1.968436e-04  2.447360e-04 -2.432560e-04
 [23,]  1.182457e-02  3.867197e-03 -3.759645e-03  5.482959e-04 -9.526710e-04
 [24,]  2.878795e-02  1.007110e-02 -6.805292e-03  4.357508e-03  2.693127e-04
 [25,] -1.062826e-02 -3.340097e-03  3.269723e-03  1.519835e-03  3.438992e-04
 [26,] -1.142566e-02 -3.590658e-03  7.720875e-03 -2.220276e-03  1.241790e-03
 [27,]  1.787676e-03  2.466577e-04 -3.629644e-03 -9.683579e-04 -8.110424e-04
 [28,]  6.610367e-04  1.424313e-04 -6.680861e-04 -1.710669e-04 -2.820847e-05
 [29,] -1.288514e-02 -3.601667e-03  7.139400e-03  1.496459e-03  5.555394e-04
 [30,]  2.667375e-03  2.657119e-04 -3.466346e-03 -2.616439e-03 -5.856372e-04
 [31,]  5.734887e-03 -3.870723e-02 -5.145618e-02 -1.480428e-01  4.855459e-02
 [32,]  2.166294e-02 -2.558445e-02 -2.867235e-02 -6.098036e-02  8.700958e-02
 [33,]  3.739345e-02 -1.240996e-02 -1.061128e-02 -2.096546e-02  6.914796e-02
 [34,]  6.812693e-03  1.606515e-02  2.176615e-02  1.102752e-01  3.844326e-02
 [35,] -1.673650e-02  7.152272e-03  1.265825e-02  2.843236e-02 -4.640076e-02
              [,146]        [,147]        [,148]        [,149]        [,150]
  [1,]  1.816159e-02 -3.238257e-04 -3.139994e-02 -1.115094e-02 -3.698453e-03
  [2,]  7.325912e-02 -1.540044e-04  5.575681e-02 -3.369223e-03 -1.806276e-03
  [3,] -7.085972e-02  3.382995e-04 -3.009306e-01  3.160532e-02  1.284579e-02
  [4,]  2.354556e-02  3.933584e-04  4.899268e-02 -9.247563e-03 -4.519727e-04
  [5,] -3.157125e-02  9.960788e-04 -3.031144e-01  1.064857e-02  4.371589e-03
  [6,]  7.365919e-02 -1.364841e-04 -5.609699e-02 -3.119333e-03 -6.822926e-04
  [7,] -2.894243e-02 -7.208163e-04  8.400017e-02 -1.017811e-02 -2.489593e-03
  [8,] -4.496565e-02 -1.742936e-04  1.307567e-01 -8.132398e-04 -1.768863e-04
  [9,]  4.310019e-02  7.078120e-04 -3.093344e-01 -3.175715e-03  3.024979e-03
 [10,] -2.787671e-02  3.598973e-04 -1.328861e-01  8.593175e-03  2.552457e-03
 [11,]  8.286325e-02  1.270379e-03 -4.862800e-01 -1.432249e-02  2.648753e-03
 [12,] -7.468477e-02 -1.785329e-03  6.023033e-01  5.248458e-03 -4.916922e-03
 [13,] -2.010560e-03  3.584880e-05  3.476099e-03  1.234454e-03  4.094336e-04
 [14,] -8.787455e-03  4.922922e-05  1.608608e-02 -5.440240e-04 -5.710126e-04
 [15,]  4.384615e-02  1.355403e-04 -8.000682e-02 -2.044472e-03 -1.384598e-03
 [16,]  1.129720e-05 -4.137011e-04  4.685614e-03  9.457601e-03 -4.863019e-04
 [17,]  2.126111e-03 -1.643578e-05 -4.699415e-02 -2.618443e-03  1.264173e-03
 [18,] -6.918262e-03 -9.411378e-04  1.075452e-01 -2.139064e-03 -1.609032e-03
 [19,]  3.096750e-04  4.901564e-05 -5.069188e-02 -2.167502e-03  9.619480e-04
 [20,] -1.128201e-03 -1.079815e-04 -4.523904e-02  1.971672e-03 -1.791777e-04
 [21,] -1.792518e-03 -3.777449e-05  4.864056e-02  6.077499e-03 -1.019425e-03
 [22,]  3.710213e-04 -9.063787e-05  3.006263e-03  3.785159e-03 -9.990325e-05
 [23,]  3.417798e-05 -9.875353e-04  7.185403e-03  1.102532e-02  6.389495e-05
 [24,] -3.775791e-03 -1.092434e-03  8.162275e-02  8.417703e-03 -1.208023e-03
 [25,]  2.574194e-04  1.243837e-04 -2.696243e-02 -8.811877e-04  9.062850e-05
 [26,] -6.210060e-04 -5.265119e-04 -3.818571e-02  1.013172e-02 -2.182531e-04
 [27,]  2.074452e-03  1.111442e-03  2.733062e-03 -1.172514e-02  4.783434e-04
 [28,] -7.945776e-06  6.303649e-05 -7.810587e-04 -1.057937e-03  6.077866e-05
 [29,]  8.957721e-04  8.080525e-04 -1.716538e-02 -5.059276e-03 -1.216673e-04
 [30,]  9.169522e-04  1.201985e-04  1.987857e-02 -1.374216e-04 -1.243893e-05
 [31,] -1.568552e-01 -1.531237e-02 -1.252977e-02 -3.465043e-04  3.075645e-03
 [32,] -2.279611e-01 -1.264142e-02 -2.360332e-02  3.022464e-03  1.859300e-03
 [33,] -1.671387e-01 -3.728099e-03 -1.438300e-02  1.613649e-02  3.333730e-03
 [34,] -9.272778e-02  5.937643e-03 -1.370814e-02 -1.262018e-02  1.172468e-03
 [35,]  1.011203e-01  1.191588e-02  8.904406e-03 -1.293960e-02 -1.645063e-03
              [,151]        [,152]        [,153]        [,154]        [,155]
  [1,]  9.994991e-03  5.443840e-02 -2.163829e-03  6.223661e-02  2.450785e-01
  [2,] -7.511686e-03 -3.239495e-02  2.066177e-03 -6.897755e-02 -2.303642e-01
  [3,] -2.322362e-02 -1.177304e-01  1.509521e-03 -6.661262e-02 -3.215294e-01
  [4,] -4.099248e-03 -4.371174e-03  1.459247e-03 -2.961805e-02 -9.166091e-02
  [5,] -3.374925e-04 -6.273310e-03 -1.414083e-03  5.639050e-02  1.720898e-01
  [6,] -6.925630e-03 -2.618512e-02  1.667514e-03 -4.669617e-02 -1.584290e-01
  [7,]  9.620728e-03  4.438462e-02 -4.307928e-03  3.749436e-02  1.545366e-01
  [8,]  6.246681e-03  2.612193e-02 -3.769049e-04  2.502388e-02  8.541663e-02
  [9,] -8.299533e-03 -2.044100e-02  3.402210e-04  1.627675e-03 -7.387888e-03
 [10,] -4.417222e-03 -2.144980e-02  7.766291e-05  7.220561e-03  1.306435e-02
 [11,] -1.468628e-02 -3.366607e-02 -3.015911e-04 -1.076712e-02 -3.049799e-02
 [12,]  1.711613e-02  5.073334e-02 -4.303267e-04  2.374560e-03  1.864309e-02
 [13,] -1.106485e-03 -6.026549e-03  2.395445e-04 -6.889842e-03 -2.713117e-02
 [14,]  2.054028e-03  8.662331e-03 -2.968913e-04  9.685083e-03  3.921035e-02
 [15,]  4.724787e-05  1.472754e-03  3.916381e-04 -1.281462e-04  5.000883e-03
 [16,] -7.495541e-03 -1.843290e-02 -1.391971e-03 -1.689163e-02 -8.101790e-02
 [17,]  9.597324e-03  2.340396e-03 -1.070700e-04  5.989767e-02  2.140144e-01
 [18,]  1.722351e-03  2.568768e-02  7.432952e-04 -3.558395e-02 -1.096946e-01
 [19,]  1.541729e-02  1.701199e-02  2.266366e-03  7.075051e-02  2.721871e-01
 [20,] -4.863569e-03 -1.360618e-02 -3.717543e-04 -1.086079e-02 -3.930396e-02
 [21,]  1.583966e-03  1.901972e-02  7.640796e-04 -1.024153e-02 -2.740057e-02
 [22,] -2.761587e-04 -3.516685e-03 -2.201043e-05  4.215322e-03  8.754959e-03
 [23,] -1.828587e-03 -1.041924e-02 -7.903515e-04  1.034119e-02  2.313375e-02
 [24,]  3.539142e-03  2.996168e-03  5.588082e-06  1.268056e-02  3.497824e-02
 [25,] -2.407817e-03 -6.596831e-03 -6.414796e-05 -5.287397e-03 -1.678745e-02
 [26,] -3.577450e-03 -1.660831e-02 -1.422835e-03  1.281234e-02  3.309758e-02
 [27,]  3.614889e-03  1.891788e-02  1.462953e-03 -1.065156e-02 -2.023308e-02
 [28,]  8.459330e-04  2.033712e-03  1.628834e-04  2.093959e-03  9.816537e-03
 [29,] -1.191562e-03  4.951665e-03  7.249365e-04 -1.731166e-02 -5.177224e-02
 [30,] -5.841758e-03 -1.118052e-02 -1.345008e-03 -1.575966e-02 -6.924261e-02
 [31,]  3.696431e-04 -5.941408e-04 -1.749377e-02  4.973869e-03 -2.976865e-03
 [32,]  2.045462e-02 -7.064716e-03 -1.556973e-01  7.125716e-03 -8.627077e-03
 [33,] -2.032150e-02  9.081265e-04  1.636523e-01 -8.213870e-03  1.668159e-03
 [34,]  4.644077e-02 -1.006229e-02 -3.523839e-01  2.062952e-02 -1.116439e-02
 [35,]  2.298181e-02 -2.177684e-03 -1.771494e-01  1.138229e-02 -1.676040e-03
              [,156]        [,157]        [,158]        [,159]        [,160]
  [1,] -3.414440e-02  1.862525e-01  2.980806e-01 -7.375226e-02 -1.624852e-02
  [2,]  2.909075e-02 -1.635260e-01 -2.657294e-01  7.353238e-02  1.506966e-02
  [3,]  4.205908e-02 -2.279186e-01 -3.432983e-01  7.275523e-02  1.520383e-02
  [4,]  7.816769e-03 -5.893415e-02 -9.338708e-02  4.047693e-02  1.346589e-02
  [5,] -2.311657e-02  1.328019e-01  2.284926e-01 -7.120784e-02 -1.723051e-02
  [6,]  1.921631e-02 -1.069748e-01 -1.730839e-01  4.623218e-02  8.652445e-03
  [7,] -1.968295e-02  1.093205e-01  1.697713e-01 -3.932189e-02 -6.200613e-03
  [8,] -9.186208e-03  5.126361e-02  7.725914e-02 -1.884828e-02 -1.986543e-03
  [9,] -5.276199e-03  1.768914e-02  4.121260e-02 -5.149987e-03  5.728036e-04
 [10,] -3.105349e-03  1.657783e-02  3.802471e-02 -1.440269e-02 -4.882606e-03
 [11,] -8.428081e-03  1.866912e-02  5.230438e-02  5.401134e-03  4.729205e-03
 [12,]  9.153114e-03 -2.834754e-02 -7.416336e-02  9.647671e-03  1.039250e-03
 [13,]  3.779922e-03 -2.061890e-02 -3.299872e-02  8.164670e-03  1.798776e-03
 [14,] -4.677624e-03  2.679839e-02  4.182591e-02 -1.102125e-02 -2.620675e-03
 [15,] -3.109693e-04  6.016003e-03  5.875487e-03 -5.041335e-03 -3.696408e-03
 [16,]  2.787800e-03  1.187507e-01 -3.860780e-02 -1.457832e-02 -2.639260e-02
 [17,]  1.571187e-02  2.938730e-01 -3.068471e-01  8.556322e-02  4.348302e-02
 [18,] -7.771328e-03 -3.176479e-01  2.072006e-01 -5.035303e-02 -1.827215e-02
 [19,]  1.358444e-02  1.147375e-01 -2.393824e-01  7.834721e-02  5.581794e-02
 [20,] -5.994069e-03 -4.655818e-02  9.018153e-02 -2.724639e-02 -1.304488e-02
 [21,] -1.625412e-03 -1.330168e-01  6.360372e-02 -1.461330e-02 -5.657409e-03
 [22,]  4.809883e-03  6.758222e-02 -6.947405e-02  8.374218e-03 -3.315610e-03
 [23,]  9.481452e-03  1.936794e-01 -1.597355e-01  2.632921e-02 -1.678456e-04
 [24,]  1.719745e-02  1.929040e-01 -2.419695e-01  3.943166e-02  1.195079e-04
 [25,] -3.980018e-03 -2.468467e-02  5.082436e-02 -1.148367e-02 -3.888416e-03
 [26,]  7.159413e-03  2.234639e-01 -1.506752e-01  2.590987e-02 -1.173630e-03
 [27,] -1.235723e-02 -2.813301e-01  2.172899e-01 -3.298463e-02  5.228739e-03
 [28,] -3.374714e-04 -1.286877e-02  3.953671e-03  1.868074e-03  3.217755e-03
 [29,] -1.196288e-02 -2.143854e-01  2.010464e-01 -3.919025e-02 -6.554545e-03
 [30,]  9.809024e-04  1.147016e-01 -3.818718e-02  2.912235e-03 -1.217164e-02
 [31,] -9.107483e-03 -2.299783e-03  5.179691e-06  1.088608e-02  3.796906e-03
 [32,] -7.358144e-04 -4.952363e-03 -4.341602e-03  5.491376e-03  3.374222e-03
 [33,]  5.414524e-03  3.193457e-03 -5.156707e-03 -2.967134e-02 -1.106765e-02
 [34,]  6.715547e-03 -7.157518e-03  1.795498e-04  2.417371e-02  1.887797e-02
 [35,] -2.439604e-03 -2.062716e-03  4.443326e-03  2.301545e-02  1.134458e-02
              [,161]        [,162]        [,163]        [,164]        [,165]
  [1,] -1.640434e-02  2.487892e-02 -4.988409e-03  7.769040e-03  4.942318e-04
  [2,]  1.499973e-02 -1.965269e-02  5.076613e-03 -5.175368e-03 -3.393145e-03
  [3,]  1.906646e-02 -2.544814e-02  4.515943e-03 -1.033346e-02  1.862879e-03
  [4,]  8.313311e-03 -5.063814e-03  3.320319e-03 -1.849281e-03 -2.991515e-03
  [5,] -1.380497e-02  1.942449e-02 -5.185066e-03  4.494051e-03  4.140468e-03
  [6,]  9.427544e-03 -1.327025e-02  3.022367e-03 -3.587803e-03 -2.009907e-03
  [7,] -7.506616e-03  1.283050e-02 -2.457729e-03  4.219815e-03  6.369329e-04
  [8,] -3.986249e-03  4.476401e-03 -1.022665e-03  1.437243e-03  5.561686e-04
  [9,] -6.369829e-04  6.018569e-03 -3.187288e-04  8.107757e-04 -4.147411e-04
 [10,] -2.704126e-03  4.974952e-03 -1.377057e-03  5.109091e-04  1.574003e-03
 [11,]  9.105175e-04  9.264461e-03  1.205136e-04  8.692552e-04 -1.306536e-03
 [12,]  1.986143e-03 -1.137494e-02  1.171231e-03 -1.105373e-03 -3.538566e-04
 [13,]  1.816026e-03 -2.754196e-03  5.522368e-04 -8.600638e-04 -5.471339e-05
 [14,] -2.519237e-03  2.694854e-03 -8.064386e-04  8.791803e-04  5.620887e-04
 [15,] -1.976742e-03 -1.570527e-03 -6.374876e-04  3.084999e-04  3.921519e-04
 [16,] -3.722989e-02  3.564522e-01 -2.566305e-03 -4.283162e-02  2.167768e-03
 [17,]  3.276594e-02 -2.401679e-01  5.943215e-03  2.668899e-02 -3.821540e-03
 [18,] -2.301521e-03 -3.454511e-02 -1.411853e-03  3.529316e-02  6.268797e-04
 [19,]  6.155689e-02 -5.749392e-01  1.215226e-02  1.715892e-01 -8.585976e-03
 [20,] -9.875460e-03  5.462729e-02  3.749764e-05  2.958065e-02  3.736543e-05
 [21,]  1.180127e-04 -1.887057e-02  2.395087e-04  1.899077e-02 -4.901532e-04
 [22,] -8.375870e-03  8.409336e-02  9.839976e-04  8.044087e-03  3.123158e-04
 [23,] -1.269605e-02  1.561312e-01  3.009937e-04 -2.260391e-02  2.556417e-04
 [24,] -1.326365e-02  1.536354e-01  5.581415e-03  5.337010e-02 -3.404028e-03
 [25,] -2.531514e-03  1.072221e-02 -5.035715e-04  4.814242e-03  4.157405e-04
 [26,] -1.629281e-02  1.875499e-01  1.644755e-03 -1.286790e-02 -7.660691e-04
 [27,]  2.484952e-02 -2.760441e-01 -2.482050e-03  2.243184e-03  1.080888e-03
 [28,]  4.559663e-03 -4.366711e-02  3.387627e-04  5.874780e-03 -8.937520e-05
 [29,]  6.713955e-03 -1.088052e-01 -1.839494e-03  8.056796e-03  7.498393e-04
 [30,] -2.676438e-02  3.006193e-01 -3.680177e-03 -1.029642e-01  2.965774e-03
 [31,] -6.020276e-03 -6.613637e-04  1.350720e-03 -1.845085e-03 -1.348639e-03
 [32,] -1.259151e-03 -3.005489e-04  2.147080e-04 -3.224255e-04 -6.094658e-04
 [33,]  1.490832e-02 -9.850808e-04 -3.660881e-03 -2.821072e-03  4.451383e-03
 [34,] -5.467784e-03  1.455761e-03  3.635372e-03  2.023072e-03 -3.705457e-03
 [35,] -7.429769e-03  1.509608e-03  3.630496e-03  2.242379e-03 -3.666169e-03
              [,166]        [,167]        [,168]        [,169]        [,170]
  [1,] -1.614396e-02 -7.589245e-02 -3.645796e-02 -2.731426e-03  2.639480e-03
  [2,] -3.678515e-03  5.539945e-02  1.925713e-02 -1.303971e-03 -2.561064e-04
  [3,]  4.753845e-02  5.050764e-02  1.771471e-02  4.931954e-03 -5.482339e-03
  [4,] -1.452856e-03  1.413372e-02  1.252861e-03 -2.011332e-03  3.641964e-04
  [5,]  1.327813e-02 -7.518774e-02 -3.568487e-02  1.846267e-03 -2.086927e-04
  [6,] -3.214542e-03  3.752469e-02  1.487408e-02 -1.044633e-03 -1.396549e-04
  [7,] -1.118453e-02 -3.030163e-02 -1.157350e-02 -1.035500e-03  1.245599e-04
  [8,]  1.700503e-03 -6.695522e-03 -7.547210e-04  3.719861e-04  1.496780e-04
  [9,]  6.085593e-03 -2.853520e-02 -1.598355e-02 -1.133051e-03 -6.795601e-06
 [10,]  6.174015e-03 -2.513828e-02 -1.273133e-02  1.011247e-03 -1.425363e-04
 [11,] -3.629171e-03 -3.330863e-02 -1.372314e-02 -1.737933e-03  5.928780e-04
 [12,] -5.138649e-03  4.951749e-02  2.281854e-02  4.986497e-04 -3.590558e-04
 [13,]  1.787201e-03  8.401598e-03  4.036042e-03  3.023799e-04 -2.922010e-04
 [14,] -3.437757e-03 -3.853769e-03  1.126865e-03  2.422411e-04  2.418993e-04
 [15,] -8.098263e-03  1.518083e-02  1.471530e-02  3.282124e-04  3.695868e-04
 [16,]  1.060231e-02 -6.878108e-02 -2.730698e-02 -1.476463e-03 -4.066756e-04
 [17,] -1.133182e-02  7.273881e-02  2.937485e-02 -1.291107e-03  1.274148e-04
 [18,] -2.543789e-03  1.257927e-02  6.136817e-03  8.902180e-04 -1.180493e-03
 [19,] -2.563231e-02  1.463089e-01  5.766181e-02 -2.230204e-04 -1.130554e-03
 [20,]  1.744444e-03 -2.973678e-02 -1.287452e-02  2.030017e-04 -6.819548e-04
 [21,] -3.381487e-03  7.551984e-03  2.823612e-03  9.632053e-05 -2.489593e-04
 [22,]  7.892819e-03  7.546609e-03  1.334588e-02  7.287321e-03 -1.738427e-03
 [23,]  6.408655e-03 -1.342177e-02 -5.091248e-03  4.398019e-04  2.796720e-04
 [24,] -2.964869e-04  2.535511e-02  1.234883e-02 -2.760540e-05 -9.000450e-04
 [25,]  1.291152e-03 -1.379002e-02 -6.115802e-03  1.537556e-04 -1.308189e-04
 [26,]  4.460279e-03 -3.551707e-02 -1.542035e-02 -4.635759e-04  4.630972e-04
 [27,] -7.070070e-03  3.270933e-02  1.324555e-02  1.737880e-04 -1.063507e-04
 [28,] -1.348217e-03  8.976431e-03  4.070346e-03  1.338168e-04  9.212557e-05
 [29,] -2.529512e-03 -5.651312e-03 -3.481980e-03  3.159385e-04  2.142014e-04
 [30,]  1.388237e-02 -6.214795e-02 -2.496886e-02  1.533407e-04  1.817931e-03
 [31,]  1.270805e-02  6.977216e-04 -1.659286e-04 -1.030907e-03  1.874236e-03
 [32,]  5.194251e-03  4.318165e-04 -5.311091e-06 -4.492515e-04 -8.487453e-04
 [33,] -1.651544e-02 -7.363057e-04  1.041249e-03  2.676639e-03 -1.627928e-02
 [34,]  2.057883e-02  9.670025e-04 -6.023776e-04 -2.011189e-03  4.627367e-03
 [35,]  1.466272e-02  4.737492e-04 -7.372122e-04 -2.116725e-03  1.050261e-02
              [,171]        [,172]        [,173]        [,174]        [,175]
  [1,] -9.543576e-03 -7.428921e-04  7.541881e-03 -9.456691e-03 -4.351833e-04
  [2,]  2.456792e-03 -1.251785e-03 -2.213999e-03  4.124256e-03 -9.511323e-05
  [3,]  2.049955e-02  1.476381e-03 -1.395722e-03  2.234754e-02  1.271255e-04
  [4,]  7.867111e-04 -1.178791e-03  7.430194e-04  2.728970e-03 -2.152535e-04
  [5,] -2.384734e-05  1.105456e-03  8.218354e-03 -3.036724e-04 -2.872084e-04
  [6,]  8.292791e-04 -6.957227e-04 -2.752199e-03  1.248334e-03  3.348307e-05
  [7,]  5.115193e-04 -3.018604e-04  1.405188e-03  1.635301e-03 -6.336517e-05
  [8,] -9.646618e-04  3.808735e-04 -3.334523e-04 -1.511014e-03  6.201640e-05
  [9,]  6.547163e-04 -3.727864e-04  3.339656e-03  1.460255e-03 -2.136126e-04
 [10,]  2.377294e-04  4.943284e-04  3.081262e-03  2.577372e-05 -8.850577e-05
 [11,] -1.035379e-03 -4.692103e-04  6.884888e-04 -6.234450e-04  2.092922e-05
 [12,]  9.276503e-04 -8.509132e-05 -3.512986e-03  9.911144e-04  8.268633e-05
 [13,]  1.056512e-03  8.224086e-05 -8.349170e-04  1.046895e-03  4.817568e-05
 [14,] -1.382102e-03  2.691535e-04 -1.126132e-03 -2.125761e-03  1.217360e-04
 [15,] -3.186964e-03  4.921485e-04 -5.633630e-03 -5.590386e-03  4.249661e-04
 [16,]  4.858129e-04 -1.408597e-03 -1.600694e-01 -7.836784e-03 -1.139049e-01
 [17,] -1.122275e-04 -1.066615e-03 -4.683777e-02 -2.097197e-03 -6.426869e-03
 [18,]  3.667033e-04  2.734544e-04  2.835904e-02  1.010240e-03 -1.683606e-03
 [19,] -3.301590e-03 -7.249383e-04 -2.813277e-03 -1.611145e-03  7.400078e-03
 [20,] -1.030076e-03  7.635587e-05  8.258730e-03 -1.172855e-03 -1.753060e-03
 [21,] -5.548350e-04  4.329454e-05  8.440972e-03 -1.357993e-04  6.438314e-04
 [22,] -7.579098e-03  7.018623e-03  9.807606e-01  2.215228e-02  5.990562e-03
 [23,]  6.924560e-04  2.996347e-04 -2.051180e-02  6.615833e-04  3.550643e-03
 [24,] -1.728949e-03 -5.700291e-04 -3.561443e-02 -2.705489e-03 -1.495460e-03
 [25,] -1.783027e-04  1.056607e-04  5.883719e-03 -1.027679e-04 -5.720248e-04
 [26,] -1.428087e-04 -9.364153e-05 -2.238265e-02  2.079432e-04  3.925850e-03
 [27,]  4.041316e-04  1.034802e-04  3.111526e-02  2.877028e-04 -3.924546e-03
 [28,] -8.534984e-05  1.437106e-04  2.617320e-02  1.609198e-03 -8.496634e-01
 [29,] -2.633780e-04  4.256892e-04  4.103784e-02  1.976263e-03  6.921794e-03
 [30,]  1.994060e-03  7.479937e-04  4.243471e-03  4.242829e-03  1.203231e-02
 [31,] -4.177668e-03  1.548604e-04  1.263526e-04 -8.879418e-04  5.275580e-06
 [32,]  1.479268e-03 -6.667572e-05 -8.285290e-05  4.063394e-03 -1.084394e-07
 [33,]  8.401976e-02 -1.792594e-03 -2.177070e-03  1.048845e-01  6.551258e-05
 [34,] -4.536291e-02  1.012878e-03  1.088269e-03 -5.385395e-02 -2.319314e-05
 [35,] -5.884784e-02  1.307614e-03  1.500197e-03 -7.237862e-02 -3.009947e-05
              [,176]        [,177]        [,178]        [,179]        [,180]
  [1,]  6.293821e-05 -1.860276e-02 -1.103584e-02  9.029455e-05 -2.476676e-02
  [2,] -1.892804e-04 -8.862339e-03 -3.973518e-03  6.608612e-05 -6.577693e-03
  [3,] -3.018304e-04  4.899635e-04 -2.955620e-05  1.288454e-05  8.192630e-03
  [4,] -1.356189e-04 -1.240032e-02 -6.338618e-03  7.612051e-05 -1.243600e-02
  [5,] -2.999867e-06 -1.276533e-02 -8.913175e-03  5.831182e-05 -1.562672e-02
  [6,] -7.380349e-05 -2.890004e-04  7.491677e-04  1.106826e-05  2.129842e-03
  [7,]  7.442609e-05 -9.060659e-04 -7.354082e-04 -3.382693e-06 -4.262808e-03
  [8,]  6.589826e-05  4.117524e-03  2.012404e-03 -2.651803e-05  2.607759e-03
  [9,] -6.905559e-05 -1.013707e-02 -5.609810e-03  5.316711e-05 -9.871730e-03
 [10,] -1.783692e-05 -4.209735e-03 -2.844359e-03  1.995885e-05 -3.485960e-03
 [11,]  5.921718e-05  4.010798e-03  3.015138e-03 -3.118569e-05  7.352425e-03
 [12,] -1.994122e-05  1.707096e-03  8.608096e-04  4.157328e-07 -1.440754e-03
 [13,] -6.967373e-06  2.059399e-03  1.221705e-03 -9.995180e-06  2.741767e-03
 [14,]  8.308058e-05  7.340498e-03  4.116585e-03 -4.448752e-05  7.488847e-03
 [15,]  1.968092e-04  2.370844e-02  1.387631e-02 -1.367256e-04  2.619206e-02
 [16,] -1.507996e-04 -6.316058e-01 -3.261370e-02 -5.443199e-02 -7.020097e-03
 [17,] -6.763878e-05 -2.940733e-01 -7.172185e-03  1.224167e-03 -3.693344e-03
 [18,] -2.548356e-05 -6.661902e-02 -1.920214e-03  2.504134e-04  2.043385e-04
 [19,]  4.329238e-05  1.433812e-01  1.948430e-02 -2.431201e-04  2.067664e-03
 [20,]  9.792528e-06 -6.236108e-02 -3.180438e-03  2.231702e-04 -1.556242e-03
 [21,]  3.602513e-06  2.068498e-02  9.332460e-04 -7.017545e-05  8.596535e-04
 [22,]  1.788262e-05 -1.166247e-01 -3.878799e-03  8.788476e-04 -4.378890e-03
 [23,]  2.602635e-05  1.708978e-01  5.253671e-03 -7.114401e-04  2.793015e-03
 [24,] -3.080179e-05 -3.272985e-02  1.616516e-04  8.959819e-05  1.433724e-03
 [25,]  1.162709e-05 -2.192920e-02 -1.208012e-03  8.046658e-05 -7.603298e-04
 [26,]  5.133137e-05  1.911623e-01  5.354867e-03 -8.011214e-04  1.998109e-03
 [27,] -4.377698e-05 -2.063252e-01 -6.068513e-03  8.848009e-04 -3.094417e-03
 [28,] -7.336205e-06  8.999481e-02  3.154278e-03 -5.117860e-01  1.379097e-03
 [29,]  6.415964e-05  2.395848e-01  1.059006e-02 -8.653835e-04  2.136153e-03
 [30,]  1.152466e-04  5.347152e-01  1.599998e-02 -2.179064e-03  6.251368e-03
 [31,] -3.366268e-05 -3.644256e-05 -5.566854e-05  2.586581e-07  2.202434e-05
 [32,] -3.343647e-05 -5.542915e-05 -3.716365e-05  5.036823e-07 -2.117444e-05
 [33,] -4.844465e-04 -6.566710e-04 -9.520034e-05  5.690257e-06  2.649011e-04
 [34,]  2.176095e-04  3.666804e-04  2.440473e-05 -4.302091e-06 -1.276201e-04
 [35,]  3.203578e-04  4.910926e-04  8.332007e-05 -4.503796e-06 -1.416549e-04
              [,181]        [,182]        [,183]        [,184]        [,185]
  [1,]  1.015594e-07 -2.320079e-06 -6.033149e-04  1.129041e-03  3.699680e-08
  [2,]  8.480509e-08 -1.295924e-06 -4.335627e-04  8.188373e-04  1.180177e-08
  [3,]  4.867880e-08 -4.032366e-07 -9.008952e-05  1.000489e-04  2.031928e-10
  [4,]  9.940409e-08 -1.761976e-06 -5.004090e-04  9.385231e-04  1.335059e-08
  [5,]  7.223565e-08 -1.767754e-06 -3.995830e-04  6.971750e-04  8.500168e-09
  [6,]  1.187891e-08 -4.632492e-09 -5.587130e-05  1.317549e-04  2.232885e-09
  [7,] -2.406375e-09 -5.256930e-08  3.985531e-06 -2.459414e-05 -9.893094e-11
  [8,] -2.814424e-08  4.574021e-07  1.641970e-04 -3.104706e-04 -4.347293e-09
  [9,]  6.526563e-08 -1.286516e-06 -3.360821e-04  6.248144e-04  8.630912e-09
 [10,]  2.052914e-08 -4.783766e-07 -1.244658e-04  2.201886e-04  2.486251e-09
 [11,] -5.325323e-08  1.071067e-06  2.636638e-04 -4.469697e-04 -5.889242e-09
 [12,]  1.542635e-08 -2.232619e-07 -5.449406e-05  7.808575e-05  1.322450e-09
 [13,]  8.484882e-09  2.453715e-07  6.692985e-05 -1.255025e-04  1.911676e-07
 [14,] -5.995251e-08  1.093569e-06  3.004406e-04 -5.491679e-04 -7.559065e-09
 [15,] -1.839014e-07  3.503528e-06  9.321286e-04 -1.694017e-03 -2.296693e-08
 [16,] -5.251675e-04 -6.414428e-04  1.732894e-03 -2.074078e-03  1.160292e-05
 [17,]  1.057165e-07 -6.772931e-07  9.075634e-04 -9.949388e-04 -7.383663e-09
 [18,]  2.672471e-08  6.289295e-09 -6.223646e-08  1.183538e-05 -5.285809e-10
 [19,]  8.852499e-09  5.748603e-07 -7.946564e-04  9.898413e-04  5.720184e-09
 [20,]  3.399178e-08 -1.039408e-07  3.546746e-05 -1.111183e-04 -1.017994e-09
 [21,] -4.189529e-09  1.611769e-07 -1.402302e-04  1.776299e-04  8.540527e-10
 [22,]  6.891598e-08 -4.167448e-08  6.929753e-04 -7.274285e-04 -1.556176e-09
 [23,] -6.167205e-08  3.363498e-07 -4.948664e-04  5.701585e-04  3.898676e-09
 [24,]  2.999511e-08  1.090857e-07 -2.483966e-04  2.769982e-04  1.103607e-09
 [25,]  1.107922e-08 -6.756229e-08  4.435920e-05 -7.655648e-05 -6.142721e-10
 [26,] -6.156398e-08  4.042457e-07 -5.629730e-04  5.939773e-04  4.476855e-09
 [27,]  6.332730e-08 -4.851442e-07  7.292690e-04 -7.952711e-04 -5.573826e-09
 [28,] -4.745636e-03 -5.780811e-03 -3.248277e-04  3.402358e-04  1.049537e-04
 [29,] -7.703714e-08  5.477326e-07 -6.552076e-04  7.485749e-04  5.783820e-09
 [30,] -2.004090e-07  9.925620e-07 -1.253217e-03  1.404952e-03  1.140765e-08
 [31,]  5.057968e-08 -2.068618e-07 -4.290312e-05 -5.308065e-06 -2.998997e-07
 [32,]  8.590940e-09 -6.463363e-08 -1.582631e-05  5.509989e-06  4.906883e-10
 [33,]  1.288950e-07 -1.071361e-07 -1.892841e-04  7.113912e-06 -1.128478e-09
 [34,] -8.557104e-08 -9.570099e-08  1.173022e-04 -7.479940e-07  8.958525e-10
 [35,] -8.612340e-08  1.137061e-08  1.420371e-04 -6.702408e-06  8.292941e-10
              [,186]        [,187]        [,188]        [,189]        [,190]
  [1,] -3.027277e-07 -5.451305e-06  5.464173e-07  3.163448e-07 -9.209464e-06
  [2,]  3.160191e-09 -6.045914e-06  1.861359e-09  4.026152e-06 -4.768415e-06
  [3,] -1.202034e-09 -8.454712e-07 -2.863979e-11  4.849549e-07 -4.955503e-07
  [4,]  3.889307e-09 -6.856443e-06  2.107031e-09  4.659232e-06 -5.539901e-06
  [5,]  2.784013e-09 -4.950089e-06  1.247773e-09  3.548274e-06 -4.210844e-06
  [6,]  4.728050e-10 -1.051698e-06  3.537877e-10  6.000409e-07 -7.150397e-07
  [7,] -1.331088e-10  2.662630e-07 -8.527649e-12 -6.264752e-08  7.102773e-08
  [8,] -1.136872e-09  2.297748e-06 -6.742691e-10 -1.525210e-06  1.809430e-06
  [9,]  2.453176e-09 -4.547021e-06  1.313636e-09  3.114685e-06 -3.707766e-06
 [10,]  8.048719e-10 -1.596773e-06  3.524420e-10  1.101870e-06 -1.310036e-06
 [11,] -1.906850e-09  3.154125e-06 -9.049994e-10 -2.272668e-06  2.664731e-06
 [12,]  4.310646e-10 -5.017567e-07  2.358684e-10  4.191440e-07 -4.720066e-07
 [13,] -2.782334e-06  2.469338e-05  4.913939e-06 -4.901590e-05 -2.118911e-05
 [14,] -2.115668e-09  3.992187e-06 -1.161778e-09 -2.738333e-06  3.244270e-06
 [15,] -6.691722e-09  1.226235e-05 -3.535950e-09 -8.480508e-06  1.005874e-05
 [16,]  9.060746e-06  8.344233e-06 -1.845342e-06 -1.191441e-05  1.134268e-05
 [17,]  1.874524e-09  7.589123e-06 -9.566955e-10 -5.560657e-06  5.778041e-06
 [18,] -8.301533e-11 -1.291745e-07 -5.757919e-11  4.649339e-08 -7.595061e-08
 [19,] -1.480958e-09 -7.763453e-06  1.032441e-09  5.381763e-06 -5.852499e-06
 [20,]  1.490317e-10  1.028757e-06 -1.144952e-10 -5.020155e-07  6.480415e-07
 [21,] -3.179078e-10 -1.425759e-06  2.126430e-10  9.620636e-07 -1.031238e-06
 [22,]  1.276932e-09  5.553580e-06 -3.618301e-10 -4.172060e-06  4.277269e-06
 [23,] -1.027511e-09 -4.430538e-06  5.036634e-10  3.149824e-06 -3.324897e-06
 [24,] -4.678559e-10 -2.170383e-06  2.302988e-10  1.576757e-06 -1.639449e-06
 [25,]  1.081289e-10  6.539143e-07 -7.468840e-11 -3.848329e-07  4.471825e-07
 [26,] -1.158169e-09 -4.483420e-06  6.654210e-10  3.381611e-06 -3.458380e-06
 [27,]  1.481170e-09  6.084762e-06 -7.931202e-10 -4.481004e-06  4.637651e-06
 [28,]  8.181296e-05 -7.296653e-05 -1.664890e-05 -3.295318e-06 -9.142650e-06
 [29,] -1.354071e-09 -5.738562e-06  8.256854e-10  4.138366e-06 -4.366391e-06
 [30,] -2.677662e-09 -1.079047e-05  1.467300e-09  7.827317e-06 -8.176016e-06
 [31,] -4.523207e-07  1.993074e-06 -8.757464e-09  7.875889e-06  1.550027e-05
 [32,] -9.145063e-10  3.017469e-08 -1.924135e-12  5.297546e-08 -4.130335e-08
 [33,] -7.480582e-09  1.630576e-07  9.013163e-11  4.432860e-07 -2.634387e-07
 [34,]  4.511011e-09 -3.420269e-07 -4.042419e-11 -2.282497e-07  1.274131e-07
 [35,]  6.142324e-09 -2.375486e-07 -6.375068e-11 -3.303439e-07  1.999256e-07
              [,191]        [,192]        [,193]        [,194]        [,195]
  [1,] -3.099806e-05 -3.817840e-06 -8.178957e-05 -8.327600e-05 -1.561460e-03
  [2,] -1.324821e-06  1.843796e-06 -1.467209e-06  6.660238e-07 -1.452478e-08
  [3,] -1.651441e-07  2.493039e-07 -2.000286e-07 -1.926183e-08 -1.657606e-09
  [4,] -1.512508e-06  2.121761e-06 -1.674143e-06  8.215531e-07 -1.689676e-08
  [5,] -1.117664e-06  1.604656e-06 -1.237463e-06  6.889117e-07 -1.303913e-08
  [6,] -2.148721e-07  2.801763e-07 -2.390304e-07  6.907455e-08 -2.078244e-09
  [7,]  4.026010e-08 -4.001327e-08  4.945459e-08  3.016799e-08  1.533335e-10
  [8,]  5.008732e-07 -6.989283e-07  5.556433e-07 -2.536144e-07  5.502142e-09
  [9,] -1.003641e-06  1.415176e-06 -1.111943e-06  5.660454e-07 -1.132706e-08
 [10,] -3.517183e-07  5.041729e-07 -3.918581e-07  2.001601e-07 -4.029537e-09
 [11,]  7.263926e-07 -1.034499e-06  8.009177e-07 -4.109949e-07  8.335613e-09
 [12,] -1.330818e-07  1.899910e-07 -1.427071e-07  7.381184e-08 -1.558480e-09
 [13,] -2.634231e-04 -5.790597e-05 -7.205478e-04 -7.623166e-04 -1.410463e-02
 [14,]  8.859368e-07 -1.247802e-06  9.805127e-07 -4.837042e-07  9.952932e-09
 [15,]  2.729515e-06 -3.858101e-06  3.020188e-06 -1.528706e-06  3.088463e-08
 [16,]  3.869213e-06 -3.951590e-06  2.492365e-06 -2.905010e-06  2.786550e-08
 [17,]  1.654942e-06 -2.640015e-06  1.826733e-06 -5.535297e-07  1.991605e-08
 [18,] -1.376114e-08  2.208527e-08 -1.992042e-08  8.521278e-09 -1.634337e-10
 [19,] -1.639369e-06  2.594839e-06 -1.810176e-06  4.953628e-07 -1.899282e-08
 [20,]  1.622423e-07 -2.350668e-07  1.998722e-07 -6.319640e-08  1.655455e-09
 [21,] -2.916545e-07  4.498856e-07 -3.253730e-07  9.832371e-08 -3.369926e-09
 [22,]  1.228717e-06 -1.958004e-06  1.360220e-06 -3.840183e-07  1.476679e-08
 [23,] -9.404322e-07  1.491781e-06 -1.047411e-06  3.150350e-07 -1.119534e-08
 [24,] -4.667048e-07  7.330432e-07 -5.152708e-07  1.459446e-07 -5.516987e-09
 [25,]  1.197304e-07 -1.801260e-07  1.397272e-07 -4.234204e-08  1.314324e-09
 [26,] -1.003763e-06  1.596555e-06 -1.097377e-06  3.224356e-07 -1.205748e-08
 [27,]  1.332196e-06 -2.115411e-06  1.466270e-06 -4.344472e-07  1.594745e-08
 [28,]  3.457005e-06  1.422596e-05 -1.240278e-05 -1.609494e-05 -1.186801e-07
 [29,] -1.244247e-06  1.980813e-06 -1.371541e-06  4.007773e-07 -1.476910e-08
 [30,] -2.336515e-06  3.706274e-06 -2.586209e-06  7.707755e-07 -2.784329e-08
 [31,] -2.015979e-05  4.258270e-04 -1.309753e-04  3.962800e-04  8.999407e-02
 [32,] -1.481490e-08  3.190000e-08 -1.259116e-08  1.662721e-09 -2.531793e-10
 [33,] -2.526738e-08  2.212375e-07 -4.613190e-08 -8.255955e-09 -1.700690e-09
 [34,]  1.633271e-08 -1.421645e-07  1.629149e-08  8.848635e-09  1.052301e-09
 [35,]  3.048166e-08 -1.776916e-07  3.693752e-08  5.656912e-09  1.370583e-09
              [,196]        [,197]        [,198]        [,199]        [,200]
  [1,]  0.000000e+00  0.000000e+00  0.000000e+00  0.000000e+00  0.000000e+00
  [2,]  1.223448e-11  6.188147e-10 -6.999011e-10  3.898751e-11 -8.816031e-11
  [3,]  1.702256e-12  4.935913e-11 -1.314500e-10  6.210348e-12 -1.655201e-11
  [4,]  1.386497e-11  7.213145e-10 -8.381706e-10  4.357318e-11 -1.055721e-10
  [5,]  9.721694e-12  5.506777e-10 -6.692425e-10  2.975962e-11 -8.428812e-11
  [6,]  2.043482e-12  9.321776e-11 -9.063173e-11  6.887166e-12 -1.141931e-11
  [7,] -4.547064e-13 -1.014893e-11 -4.093044e-12 -1.926017e-12 -5.125639e-13
  [8,] -4.441931e-12 -2.353790e-10  2.700121e-10 -1.407995e-11  3.401070e-11
  [9,]  8.843125e-12  4.851188e-10 -5.750097e-10  2.752829e-11 -7.242369e-11
 [10,]  2.941045e-12  1.709682e-10 -2.078797e-10  9.031740e-12 -2.618202e-11
 [11,] -7.114551e-12 -3.434220e-10  3.914422e-10 -2.246215e-11  4.930394e-11
 [12,]  1.833749e-12  5.751715e-11 -5.334914e-11  5.999981e-12 -6.720861e-12
 [13,] -1.459970e-10 -8.169475e-09  9.260354e-09 -4.489890e-10  1.166379e-09
 [14,] -8.041656e-12 -4.220485e-10  4.909150e-10 -2.526458e-11  6.183309e-11
 [15,] -2.474811e-11 -1.308653e-09  1.534961e-09 -7.734555e-11  1.933328e-10
 [16,] -8.912004e-12  2.785984e-10 -1.749913e-10 -5.134657e-11 -2.199458e-11
 [17,] -3.826130e-12 -5.094481e-10 -3.896216e-11 -2.919138e-11 -4.883162e-12
 [18,] -5.588611e-13  3.403920e-11 -2.937007e-11 -5.447373e-12 -3.698951e-12
 [19,]  2.507924e-12  5.458718e-10  1.848482e-10  1.825297e-11  2.328402e-11
 [20,] -9.481169e-13 -5.159382e-11  7.983940e-12 -6.794105e-12  1.011235e-12
 [21,]  4.067759e-13  1.042924e-10  2.375407e-11  2.652568e-12  2.986988e-12
 [22,] -1.890326e-12 -4.369724e-10 -3.309649e-10 -2.694250e-12 -4.166784e-11
 [23,]  2.248789e-12  2.925223e-10  4.874478e-11  1.686504e-11  6.124940e-12
 [24,] -1.703873e-13  1.821129e-10  1.239120e-10 -2.687433e-12  1.560110e-11
 [25,] -3.653939e-13 -4.152135e-11 -8.746910e-12 -2.486579e-12 -1.098513e-12
 [26,]  2.241469e-12  2.926311e-10  1.199820e-10  1.800782e-11  1.509786e-11
 [27,] -2.609515e-12 -4.145583e-10 -1.327581e-10 -1.989935e-11 -1.670259e-11
 [28,] -2.168571e-12  1.206313e-08  4.554127e-11  1.517031e-10  5.873878e-12
 [29,]  3.136371e-12  3.705376e-10  5.535561e-11  2.461242e-11  6.960687e-12
 [30,]  6.600881e-12  6.698051e-10  1.780351e-10  5.203166e-11  2.238578e-11
 [31,] -3.159409e-03  6.318698e-02 -3.753681e-08  3.686657e-04  9.256599e-09
 [32,]  2.202509e-14  1.962279e-12 -3.694481e-11  6.240385e-14 -4.651981e-12
 [33,]  1.834338e-13 -3.451775e-11 -3.284394e-10 -4.290871e-15 -4.134194e-11
 [34,] -1.403824e-13  1.937209e-11  1.767415e-10  7.550225e-14  2.225828e-11
 [35,] -1.639476e-13  2.293385e-11  2.408335e-10 -3.440228e-15  3.031908e-11
              [,201]        [,202]        [,203]        [,204]        [,205]
  [1,]  0.000000e+00  0.000000e+00  1.100206e-01 -5.002495e-06 -7.341450e-05
  [2,] -2.073032e-12 -4.678803e-11  2.634358e-09 -1.058560e-06 -1.246974e-07
  [3,] -3.915781e-13 -7.305107e-12  4.599168e-10 -8.018541e-08  4.049592e-08
  [4,] -2.483346e-12 -5.239444e-11  2.899722e-09 -1.234873e-06 -1.811951e-07
  [5,] -1.984626e-12 -3.596476e-11  1.894453e-09 -9.419583e-07 -1.769684e-07
  [6,] -2.676786e-13 -8.196075e-12  4.948388e-10 -1.587052e-07  4.033135e-09
  [7,] -1.218394e-14  2.229789e-12 -1.747532e-10  1.579587e-08 -3.222597e-08
  [8,]  7.994509e-13  1.691272e-11 -9.401259e-10  4.013736e-07  4.775716e-08
  [9,] -1.703986e-12 -3.316093e-11  1.795871e-09 -8.287676e-07 -1.300443e-07
 [10,] -6.160846e-13 -1.089980e-11  5.820550e-10 -2.907863e-07 -4.572217e-08
 [11,]  1.161444e-12  2.700908e-11 -1.511260e-09  5.920934e-07  9.454195e-08
 [12,] -1.589588e-13 -7.172238e-12  4.331569e-10 -1.033047e-07 -1.880740e-08
 [13,]  2.743904e-11  5.419258e-10  9.938272e-01 -3.119171e-05 -6.606101e-04
 [14,]  1.454944e-12  3.039044e-11 -1.673910e-09  7.223196e-07  1.056022e-07
 [15,]  4.549470e-12  9.310397e-11 -5.099558e-09  2.240620e-06  3.509868e-07
 [16,] -5.744719e-13  5.874123e-11 -4.175484e-09  1.788473e-07 -2.406174e-06
 [17,] -1.398411e-13  3.247982e-11 -3.135081e-11  1.011801e-06  1.258689e-07
 [18,] -8.554065e-14  5.841594e-12 -8.651497e-11 -1.503596e-08 -7.207100e-09
 [19,]  5.416253e-13 -2.045165e-11  8.770207e-12 -9.925951e-07 -2.270001e-07
 [20,]  1.888383e-14  7.540976e-12 -1.340714e-10  1.275970e-07  3.704588e-08
 [21,]  7.472918e-14 -3.026219e-12 -1.703319e-11 -1.844084e-07 -2.780405e-08
 [22,] -9.880687e-13  5.544131e-13  5.938480e-10  7.137283e-07  1.135772e-07
 [23,]  1.580108e-13 -1.860027e-11  8.347789e-11 -5.823396e-07 -8.796863e-08
 [24,]  3.703531e-13  3.036181e-12 -9.789585e-11 -2.732455e-07 -5.123329e-08
 [25,] -2.830837e-14  2.761157e-12 -4.060438e-11  8.282003e-08  1.913669e-08
 [26,]  3.664150e-13 -1.978825e-11  4.115918e-11 -5.929639e-07 -7.276682e-08
 [27,] -4.091991e-13  2.188777e-11 -2.068315e-11  8.000513e-07  1.085671e-07
 [28,] -1.378266e-13 -1.565318e-10 -3.412078e-08 -1.779005e-05 -2.516353e-05
 [29,]  1.740297e-13 -2.742432e-11  8.262947e-11 -7.581934e-07 -1.183279e-07
 [30,]  5.591420e-13 -5.752289e-11  2.979338e-10 -1.426158e-06 -1.982396e-07
 [31,] -6.983726e-10 -1.789834e-03  1.277432e-03  2.450843e-04 -4.684026e-05
 [32,] -1.091028e-13 -7.534085e-14 -1.335800e-11 -2.426261e-09 -3.041344e-09
 [33,] -9.728814e-13  1.222666e-14 -1.778814e-10  6.166470e-08 -6.906199e-08
 [34,]  5.219378e-13 -9.346907e-14  8.985808e-11 -3.580211e-08  3.598486e-08
 [35,]  7.126061e-13  1.213709e-15  1.262319e-10 -4.215719e-08  4.422902e-08
              [,206]        [,207]        [,208]        [,209]        [,210]
  [1,]  1.450514e-05 -2.238329e-06  4.671409e-06 -1.120492e-05 -2.094576e-06
  [2,]  3.202480e-07  9.392867e-07 -1.244409e-06 -3.270986e-06  1.246919e-06
  [3,]  4.734813e-08  1.377331e-07 -2.175804e-07 -3.897329e-07  1.499897e-07
  [4,]  3.764646e-07  1.077804e-06 -1.397681e-06 -3.732255e-06  1.396239e-06
  [5,]  2.999773e-07  8.179964e-07 -1.037184e-06 -2.717355e-06  9.669221e-07
  [6,]  3.954900e-08  1.409221e-07 -2.016648e-07 -5.454202e-07  2.410658e-07
  [7,]  2.354097e-09 -2.185124e-08  5.351402e-08  1.071067e-07 -7.631581e-08
  [8,] -1.221422e-07 -3.542054e-07  4.693389e-07  1.232288e-06 -4.762312e-07
  [9,]  2.537333e-07  7.176996e-07 -9.247553e-07 -2.466573e-06  9.237797e-07
 [10,]  9.330817e-08  2.549128e-07 -3.311566e-07 -8.526277e-07  3.227971e-07
 [11,] -1.924223e-07 -5.364706e-07  6.982500e-07  1.774118e-06 -6.009631e-07
 [12,]  3.757820e-08  1.045818e-07 -1.375038e-07 -3.282119e-07  7.676465e-08
 [13,]  1.267943e-04 -3.207894e-05  5.728326e-05 -6.053019e-05 -3.392611e-05
 [14,] -2.232339e-07 -6.365011e-07  8.290601e-07  2.175685e-06 -8.072222e-07
 [15,] -6.964277e-07 -1.965554e-06  2.541893e-06  6.698063e-06 -2.466353e-06
 [16,] -1.658702e-06  1.557767e-06  5.936225e-06  1.371403e-05 -8.139483e-06
 [17,] -6.290637e-07 -1.377235e-06  2.200266e-06  3.534616e-06 -1.920563e-06
 [18,]  6.641726e-09  6.243946e-09  6.192984e-10 -4.627924e-08  1.991114e-08
 [19,]  6.191439e-07  1.231840e-06 -1.960722e-06 -3.680026e-06  1.989641e-06
 [20,] -5.386240e-08 -8.504659e-08  1.211080e-07  4.416243e-07 -2.766461e-07
 [21,]  1.000065e-07  2.251727e-07 -3.561032e-07 -6.535321e-07  3.806849e-07
 [22,] -4.641365e-07 -1.011673e-06  1.635589e-06  2.639830e-06 -1.393487e-06
 [23,]  3.559625e-07  7.596964e-07 -1.205374e-06 -2.054846e-06  1.120006e-06
 [24,]  1.686344e-07  3.741265e-07 -5.918286e-07 -1.027419e-06  5.522904e-07
 [25,] -4.135697e-08 -7.937454e-08  1.213939e-07  2.933345e-07 -1.715632e-07
 [26,]  3.744357e-07  8.411561e-07 -1.355895e-06 -2.122979e-06  1.150875e-06
 [27,] -4.971573e-07 -1.101023e-06  1.761437e-06  2.855904e-06 -1.553051e-06
 [28,] -3.049107e-06  3.877265e-05  1.427122e-05  5.445151e-05 -3.561826e-05
 [29,]  4.737379e-07  1.000654e-06 -1.603636e-06 -2.695908e-06  1.465514e-06
 [30,]  8.810458e-07  1.906540e-06 -3.052517e-06 -5.048067e-06  2.756082e-06
 [31,]  1.386370e-05  3.165031e-04  1.134634e-06  4.280121e-08  1.286443e-07
 [32,]  1.611953e-08  2.182722e-08 -3.418945e-08 -1.227458e-08 -3.664311e-08
 [33,]  1.252329e-07  1.235947e-07 -1.191714e-07  3.244329e-08 -2.523627e-07
 [34,] -1.085866e-07 -7.740314e-08  1.070243e-07 -5.037706e-08  2.746241e-07
 [35,] -1.039302e-07 -1.039186e-07  1.202317e-07 -2.797564e-08  2.537397e-07
              [,211]        [,212]        [,213]        [,214]        [,215]
  [1,] -1.057832e-05 -5.419322e-05  6.418845e-06  1.586560e-03  2.744272e-07
  [2,] -7.865230e-06 -5.730726e-05  7.170658e-06  1.061768e-03  2.189849e-07
  [3,] -8.716570e-07 -5.029497e-06  4.776493e-06  6.809045e-05 -8.892703e-08
  [4,] -8.749614e-06 -5.376965e-05  7.436628e-06  1.266012e-03  2.558446e-07
  [5,] -6.085936e-06 -2.312521e-05  4.637859e-06  9.920107e-04  7.582986e-08
  [6,] -1.480738e-06 -1.759697e-05  1.435607e-06  1.442980e-04  5.819808e-08
  [7,]  5.160585e-07  1.283979e-05  4.688622e-09  4.937858e-06  9.492130e-09
  [8,]  2.982668e-06  2.086335e-05 -2.624630e-06 -4.081189e-04 -7.407157e-08
  [9,] -5.743224e-06 -3.157653e-05  4.667309e-06  8.573944e-04  1.471678e-07
 [10,] -2.005022e-06 -9.776428e-06  1.450450e-06  3.072942e-04  1.251247e-08
 [11,]  4.021714e-06  2.415909e-05 -3.691009e-06 -5.943637e-04 -6.080773e-08
 [12,] -6.613826e-07 -5.891059e-06  1.140837e-06  9.008183e-05  2.173744e-08
 [13,] -1.620428e-06  6.209417e-06 -7.112561e-07 -1.759307e-04 -2.889372e-08
 [14,]  5.083293e-06  3.081784e-05 -4.493053e-06 -7.360083e-04 -1.197308e-07
 [15,]  1.549162e-05  8.683247e-05 -1.346235e-05 -2.303073e-03 -3.561976e-07
 [16,]  2.027929e-06  9.411577e-05  1.556601e-06 -2.128422e-03 -7.409839e-04
 [17,]  7.370707e-06  3.743497e-05  1.212588e-06 -9.122732e-04 -3.139294e-07
 [18,] -1.458807e-07  2.001384e-06  4.838038e-07  3.816048e-05 -6.540479e-08
 [19,] -8.337062e-06 -4.129814e-05 -1.152365e-06  1.075826e-03  1.155914e-07
 [20,]  1.290246e-06  9.370536e-06 -2.604292e-07 -1.930081e-04 -6.056219e-08
 [21,] -1.378070e-06 -6.839557e-06 -1.797914e-07  1.801578e-04  3.978491e-08
 [22,]  5.216095e-06  2.528306e-05  2.580625e-06 -6.861062e-04 -1.024342e-07
 [23,] -4.404503e-06 -2.235981e-05 -6.123591e-07  5.715621e-04  1.742220e-07
 [24,] -1.961686e-06 -6.195872e-06 -6.316519e-07  2.773638e-04 -3.581826e-09
 [25,]  7.500090e-07  4.940344e-06 -2.005470e-08 -1.062679e-04 -2.621241e-08
 [26,] -4.181130e-06 -2.099134e-05 -1.021271e-06  5.075404e-04  2.279802e-07
 [27,]  5.760028e-06  2.722298e-05  1.229324e-06 -7.260207e-04 -2.447906e-07
 [28,] -1.359592e-04  1.997292e-05 -1.366845e-07  3.177830e-04 -6.687659e-03
 [29,] -5.859113e-06 -3.211042e-05 -8.178968e-07  7.192675e-04  2.429875e-07
 [30,] -1.063905e-05 -5.943416e-05 -1.585435e-06  1.329862e-03  5.713883e-07
 [31,]  3.052403e-07  7.178186e-06  3.039231e-06 -1.931899e-06 -2.631583e-09
 [32,] -1.215661e-07 -1.960881e-06  3.979207e-07  1.063216e-05 -2.539222e-09
 [33,]  2.088703e-06  7.309650e-05  2.411830e-05  4.323627e-05  6.022204e-10
 [34,] -4.555268e-07 -8.561388e-06 -1.928756e-05 -3.619557e-05  1.966724e-09
 [35,] -1.057366e-06 -4.049464e-05 -1.987638e-05 -4.413618e-05  2.216815e-09
              [,216]        [,217]        [,218]        [,219]        [,220]
  [1,] -6.975178e-05 -3.918904e-01 -5.947631e-03 -6.920931e-02 -1.580391e-02
  [2,] -2.619464e-05 -3.031225e-01 -2.706821e-03 -9.441841e-02 -4.886820e-02
  [3,]  3.719437e-04 -4.526981e-02  3.622743e-03 -2.551690e-02 -2.200671e-02
  [4,]  3.490915e-05 -3.421778e-01 -3.340998e-03 -8.910792e-02 -3.979050e-02
  [5,]  1.521236e-04 -2.393936e-01 -2.596747e-03 -2.963616e-02 -8.968005e-04
  [6,] -6.309014e-05 -5.175229e-02 -3.906537e-04 -2.620325e-02 -1.776037e-02
  [7,]  5.857000e-05  1.306188e-02  6.146798e-04  1.289872e-02  1.168649e-02
  [8,] -1.281957e-06  1.106482e-01  8.639309e-04  2.851875e-02  1.419156e-02
  [9,]  5.931966e-05 -2.189870e-01 -2.018281e-03 -4.192426e-02 -1.457586e-02
 [10,]  5.441651e-05 -7.313603e-02 -6.697148e-04 -6.796743e-03 -2.979127e-04
 [11,] -3.369549e-05  1.735059e-01  2.283513e-03  5.751256e-02  2.565774e-02
 [12,] -1.463224e-05 -4.287184e-02 -7.272830e-04 -3.236506e-02 -1.725921e-02
 [13,]  7.712168e-06  4.338385e-02  6.584266e-04  7.661749e-03  1.749555e-03
 [14,] -3.616571e-05  1.985281e-01  1.839069e-03  4.993007e-02  2.156611e-02
 [15,] -1.646826e-04  6.097057e-01  5.772130e-03  1.435972e-01  5.722268e-02
 [16,] -5.904018e-04  4.349082e-02 -3.995570e-04 -5.608562e-02 -1.025933e-02
 [17,] -2.856349e-04  1.346356e-02 -5.974771e-05 -3.860881e-02  1.146480e-02
 [18,]  1.388930e-05 -3.663116e-03  5.235618e-04  1.462983e-02 -3.730526e-03
 [19,]  2.897543e-04 -2.612007e-02 -8.274727e-04  2.103927e-02  1.950809e-02
 [20,] -2.968576e-05  8.069524e-03 -4.571956e-04 -6.513880e-03  5.285637e-03
 [21,]  4.469824e-05 -3.962611e-03 -6.948585e-05  6.107441e-03 -7.303703e-03
 [22,] -2.126926e-04  6.730003e-03  2.601411e-03  1.614593e-02  2.902552e-02
 [23,]  1.705128e-04 -1.066497e-02  3.953679e-05  1.746481e-02 -1.162352e-02
 [24,]  8.392142e-05 -4.651691e-03 -7.627605e-04 -3.029816e-03 -2.163103e-02
 [25,] -8.209212e-06  3.690354e-03 -7.201747e-05 -2.567231e-03  4.217911e-03
 [26,]  1.485675e-04 -3.152237e-03 -6.430699e-04 -3.183392e-03 -1.271217e-02
 [27,] -2.181132e-04  8.807894e-03  6.008711e-04 -9.585441e-03  1.957890e-02
 [28,]  1.226782e-04 -5.037587e-03 -7.915526e-05  6.883187e-03 -1.510955e-03
 [29,]  2.080057e-04 -1.216461e-02 -6.071965e-05  2.046817e-02  6.268789e-03
 [30,]  3.811307e-04 -1.771622e-02 -2.595383e-04  1.259511e-02 -2.584408e-02
 [31,]  5.298041e-04  1.222731e-04 -1.119510e-02  1.338065e-04 -4.492350e-05
 [32,] -1.187239e-04 -4.764349e-04 -2.436122e-03 -4.648951e-05  1.822022e-05
 [33,]  1.830127e-03 -3.460985e-05  1.914640e-02 -3.058775e-04 -1.381817e-04
 [34,] -8.025973e-04 -4.095952e-04 -6.747167e-03 -8.224629e-05  1.108739e-04
 [35,] -9.070821e-04  1.713576e-04 -1.052983e-02  1.102467e-04  1.010176e-04
              [,221]        [,222]        [,223]        [,224]        [,225]
  [1,]  1.173117e-02  7.355614e-04 -2.755602e-02 -2.408590e-03  2.194037e-02
  [2,] -2.462087e-03  2.147345e-05 -1.108565e-02  4.629035e-03  4.678637e-03
  [3,] -2.454392e-02  3.803049e-03  6.238179e-02  1.926946e-04 -4.063717e-02
  [4,] -2.599151e-04  1.085224e-05 -3.044387e-03  3.112547e-03  1.393712e-02
  [5,]  5.798967e-04  4.405127e-03  1.582861e-02 -3.373284e-03 -2.669358e-02
  [6,] -7.338852e-04 -1.101774e-03 -8.933363e-03  2.218221e-03  1.018377e-02
  [7,] -2.822824e-03 -2.076857e-03 -9.172343e-03 -6.556236e-04  8.839676e-03
  [8,]  1.114562e-03  1.102456e-04  8.095623e-03 -5.581555e-04 -3.188431e-03
  [9,] -2.344706e-04  1.276935e-04  4.673211e-03 -1.391331e-03  1.375603e-02
 [10,]  2.261680e-04  1.801880e-03  2.472518e-03 -2.258952e-03 -9.604176e-03
 [11,]  8.323852e-04 -3.806986e-03 -7.946165e-03 -4.687000e-03  2.580886e-02
 [12,] -1.639998e-03  1.012278e-03 -2.761615e-04  5.326529e-03 -8.450343e-03
 [13,] -1.298688e-03 -8.142966e-05  3.050562e-03  2.666405e-04 -2.428887e-03
 [14,]  1.352406e-03 -1.010065e-03 -2.729179e-03 -8.166640e-04  1.554406e-03
 [15,]  3.252265e-03 -3.882609e-03 -7.406754e-03 -1.831868e-03  1.196121e-02
 [16,]  1.446169e-03  2.896178e-03  6.746813e-03 -4.354623e-03 -3.406759e-03
 [17,]  5.357277e-04  3.388223e-05  1.153619e-02  5.519017e-02 -2.223554e-02
 [18,] -2.161440e-03  1.535186e-04 -1.264446e-02 -5.084874e-02  1.875976e-02
 [19,]  1.254283e-03 -2.083640e-03 -2.462467e-02 -7.622308e-02  3.459231e-02
 [20,]  4.668214e-05 -1.624921e-04 -1.172489e-02 -5.856950e-02  2.098357e-02
 [21,]  8.251295e-05 -1.810582e-04 -8.942051e-03 -1.990673e-02  1.617232e-02
 [22,] -2.336754e-03 -3.820428e-03 -1.137292e-03  4.755359e-03  2.591041e-03
 [23,] -2.733762e-04  1.023767e-03  4.359909e-03 -1.471805e-05 -1.145926e-02
 [24,]  8.559783e-04  5.231937e-04 -1.614787e-02 -8.813385e-02  2.768457e-02
 [25,] -8.520000e-05  7.394226e-05 -1.757926e-03 -1.443810e-02  1.253188e-03
 [26,]  2.273868e-04 -4.584125e-04 -4.276977e-03 -2.103705e-02  1.075174e-02
 [27,] -2.670824e-04 -3.202055e-05  8.543562e-03  5.307180e-02 -1.719362e-02
 [28,] -2.149611e-04 -2.714227e-04 -8.717540e-04 -7.684853e-04  3.557472e-04
 [29,] -5.440026e-05 -1.493404e-03 -7.454133e-03 -8.835388e-03  1.556097e-02
 [30,] -4.547278e-04 -3.428390e-05  1.334287e-02  4.524522e-02 -2.459204e-02
 [31,]  1.484286e-02  1.240898e-03  2.264662e-02 -3.088333e-03 -1.320180e-02
 [32,] -1.307860e-03 -8.849732e-04  4.657240e-03 -4.500967e-04 -5.860361e-03
 [33,] -1.221318e-01 -1.854577e-02  1.227639e-02 -5.366864e-03  1.402263e-02
 [34,]  5.545421e-02  7.497895e-03  6.282438e-03  7.532608e-04 -7.700445e-03
 [35,]  7.914680e-02  1.171351e-02 -1.696190e-03  1.839262e-03 -1.224178e-02
              [,226]        [,227]        [,228]        [,229]        [,230]
  [1,] -6.536302e-04 -2.838237e-03 -4.763297e-03 -2.321884e-03 -1.616913e-02
  [2,]  7.015257e-04  7.634356e-04 -4.701950e-04 -4.310153e-03  1.836531e-02
  [3,]  1.377703e-03  5.594957e-03  7.984291e-03  2.062883e-02  6.059413e-03
  [4,] -1.095908e-03 -3.482456e-03 -3.376108e-03 -3.190270e-02  7.031879e-03
  [5,]  3.952916e-04  4.676558e-03  5.514870e-03  4.357117e-02 -1.589606e-02
  [6,]  1.649572e-04 -4.112025e-04 -2.143426e-03 -8.985557e-03  1.434835e-02
  [7,] -4.364969e-05 -1.818965e-03 -1.390843e-03 -7.539696e-03 -5.497777e-03
  [8,] -3.202266e-04 -4.811848e-04  4.349086e-04 -7.679186e-03  1.857815e-03
  [9,] -1.076130e-03 -2.242944e-03 -3.073947e-03 -1.088221e-02 -4.871883e-03
 [10,]  3.197996e-04  4.459600e-05  1.620955e-03  1.009592e-02 -2.100723e-02
 [11,] -1.419003e-03 -7.076522e-03 -5.554015e-03 -3.291293e-02 -2.982954e-02
 [12,]  8.663599e-04  3.795952e-03  1.863883e-03  7.160380e-03  3.266648e-02
 [13,]  7.235948e-05  3.142042e-04  5.273160e-04  2.570418e-04  1.789988e-03
 [14,] -2.100010e-04 -6.111247e-04 -4.286463e-04 -8.965482e-04 -4.661352e-03
 [15,] -4.827976e-04 -5.019793e-04 -2.086905e-03  2.820826e-03  2.934153e-04
 [16,]  1.251917e-03  1.131660e-02 -9.723187e-04  3.971293e-03 -7.534995e-02
 [17,] -1.014143e-04 -8.207112e-03  8.857753e-03 -3.258264e-02  3.693236e-01
 [18,] -1.811719e-04  5.934473e-03 -6.778917e-03  2.573961e-02 -2.965950e-01
 [19,] -4.809262e-03 -2.279276e-02 -9.182633e-03  2.190239e-02 -3.197041e-01
 [20,] -5.012484e-04 -5.095847e-03 -8.140326e-03  2.712087e-02 -4.002785e-01
 [21,] -7.092619e-04  1.235558e-02 -3.729360e-03  2.769958e-03 -1.333651e-02
 [22,]  5.874303e-05  1.806798e-04 -5.614801e-04 -2.838888e-03 -6.661480e-03
 [23,]  5.792723e-04  3.309377e-03  2.521885e-03  5.046058e-03  2.852299e-02
 [24,] -1.255030e-03  5.850160e-03 -1.054462e-02  3.754206e-02 -4.802958e-01
 [25,]  6.872022e-04 -3.258328e-03 -1.278605e-03  9.129973e-03 -1.481651e-01
 [26,]  1.329637e-04  5.666845e-03 -3.390858e-03  8.082866e-04 -8.835664e-02
 [27,]  2.258265e-05 -5.095791e-03  7.121308e-03 -1.631113e-02  3.035627e-01
 [28,] -1.233774e-04 -1.218217e-03  1.125147e-04 -4.470666e-04  8.354073e-03
 [29,] -9.857299e-04 -3.057298e-03 -3.591262e-03  6.459007e-03 -6.109376e-02
 [30,]  2.821306e-03  1.239136e-02  7.113449e-03 -1.980050e-02  2.454038e-01
 [31,]  3.829774e-03 -8.329581e-04  6.180949e-03 -1.674058e-02 -2.009855e-03
 [32,] -1.225193e-03 -1.147731e-03 -1.001393e-03 -7.010812e-03 -3.259235e-03
 [33,]  7.993666e-03  1.580589e-03  4.452168e-03  8.647947e-03  2.824923e-03
 [34,] -1.353885e-03 -1.069348e-03  3.654044e-05 -5.964163e-03 -2.750380e-03
 [35,] -1.186013e-03 -8.656673e-04  1.990514e-03 -8.672901e-03 -3.970122e-03
              [,231]        [,232]        [,233]        [,234]        [,235]
  [1,]  1.764610e-02 -3.771500e-03  3.768522e-03 -1.272766e-02  6.597029e-03
  [2,]  2.262460e-02 -3.498029e-03 -5.488190e-03 -6.963021e-03  5.264690e-03
  [3,] -3.604012e-02  6.113112e-03 -1.561472e-02  2.231862e-02  2.625694e-03
  [4,] -1.209850e-02  2.470162e-03  2.472028e-02 -1.377442e-02 -2.181735e-02
  [5,] -2.310335e-02  3.761504e-03 -2.927890e-02  4.063819e-02  1.030696e-02
  [6,]  1.566718e-02 -2.169480e-03 -4.562040e-04 -1.234947e-03  6.643477e-03
  [7,] -5.251941e-03  1.283744e-03  8.478513e-03 -3.755719e-03 -7.707245e-03
  [8,] -1.422330e-02  2.444272e-03  1.072526e-02 -4.055979e-05 -4.107237e-03
  [9,] -2.076508e-02  3.022303e-03  1.185468e-02 -4.419692e-03 -1.128818e-02
 [10,]  1.351996e-02 -2.386995e-03 -5.999738e-03 -3.727074e-03  4.506501e-03
 [11,]  1.995311e-03 -1.557684e-04  2.282185e-02 -2.232889e-02 -1.009731e-02
 [12,]  7.142100e-04 -8.551744e-05 -5.545120e-03  6.023225e-03  3.133353e-03
 [13,] -1.953494e-03  4.175202e-04 -4.171904e-04  1.409002e-03 -7.303175e-04
 [14,]  1.158307e-04  1.022722e-04  1.418542e-03  9.509773e-04 -2.581340e-03
 [15,]  8.928054e-04 -5.318280e-04 -2.930386e-03  1.738580e-03  4.385177e-04
 [16,] -6.443492e-03  3.305184e-03 -3.089967e-04  1.466371e-03  3.065156e-05
 [17,]  3.097838e-02 -9.302699e-03  4.170086e-03 -1.074413e-02 -2.726912e-03
 [18,] -2.248772e-02  7.128541e-03  1.418560e-03  7.915487e-03  1.605492e-03
 [19,] -2.654117e-02  2.964970e-03 -9.258568e-04  2.000894e-03 -1.712252e-03
 [20,] -3.094388e-02  8.471848e-03 -8.124665e-03  5.131555e-03 -3.455940e-04
 [21,] -3.817129e-03  1.012442e-05  4.943581e-03 -7.867115e-03 -6.017416e-03
 [22,] -2.336426e-04  3.171608e-04  9.643815e-04 -9.982101e-04 -5.297736e-04
 [23,]  5.416127e-03 -1.874362e-03 -1.868825e-03  6.751374e-03  6.759292e-03
 [24,] -4.120597e-02  1.219992e-02  1.019696e-02  1.362415e-02  3.835269e-03
 [25,] -8.727380e-03  2.738998e-03 -2.396699e-03  2.651516e-03  2.142027e-03
 [26,] -8.962278e-03  2.417710e-03 -1.855105e-03 -9.006199e-03 -8.195587e-03
 [27,]  2.423457e-02 -7.405457e-03  1.244354e-03 -3.234153e-04  3.764227e-03
 [28,]  7.169224e-04 -3.600354e-04  1.768545e-05 -1.587634e-04 -1.374087e-05
 [29,] -9.364951e-03  1.481013e-03  4.605912e-04 -7.438365e-04 -2.952647e-03
 [30,]  2.174389e-02 -2.802159e-03  3.167299e-03 -4.774560e-04  3.161548e-03
 [31,] -6.142373e-02  2.141119e-02  2.129838e-02  1.212316e-02 -1.295215e-02
 [32,]  1.785119e-02 -9.534953e-03 -7.720828e-03 -2.108205e-02 -1.046147e-02
 [33,] -1.785005e-02  9.679909e-03  3.110162e-03  7.447532e-03  1.825622e-02
 [34,]  1.007803e-02 -3.374160e-03 -2.370522e-03 -9.064718e-03 -3.490321e-04
 [35,] -1.867591e-02  9.563823e-03  5.073000e-03 -4.284131e-03  6.088725e-03
              [,236]        [,237]        [,238]        [,239]        [,240]
  [1,]  9.825218e-04 -5.921823e-03  1.975997e-02 -2.731306e-02  8.604666e-03
  [2,]  1.602368e-03 -1.050063e-03  9.866359e-03 -1.233139e-02  4.665833e-03
  [3,]  5.810222e-03 -8.450676e-04 -5.893477e-04  1.207244e-02 -6.653231e-03
  [4,] -1.124611e-02  7.594557e-03 -2.366034e-02  2.573518e-02 -5.965503e-03
  [5,]  6.172879e-03 -6.202216e-04 -1.129289e-02  2.538123e-02 -9.689766e-03
  [6,]  1.665945e-03  3.034016e-04  5.597450e-03 -6.564780e-03  3.450716e-04
  [7,] -5.593463e-04  2.413711e-03 -8.871224e-03  1.378846e-02 -6.776095e-03
  [8,]  6.083634e-04  2.036501e-03 -7.071277e-03  4.069734e-03 -2.359413e-03
  [9,] -4.996386e-03  1.443822e-03 -5.824358e-03  6.861375e-03  7.969505e-05
 [10,] -8.676117e-04 -1.480365e-03  3.824109e-03 -1.292604e-02  5.601245e-03
 [11,] -3.587409e-03 -5.564021e-04 -1.505617e-03 -3.582414e-03  1.193143e-04
 [12,]  1.483118e-03  1.590234e-03  1.651787e-03  6.522319e-04 -8.093690e-04
 [13,] -1.087691e-04  6.555695e-04 -2.187508e-03  3.023665e-03 -9.525709e-04
 [14,] -2.530589e-03  1.639182e-03 -6.572545e-03  7.891586e-03 -2.432310e-03
 [15,] -1.963670e-03 -1.178187e-03  3.502409e-03 -1.664725e-03  2.382514e-03
 [16,]  1.936444e-03  1.996962e-02  6.658667e-03  2.570588e-03 -5.498052e-03
 [17,] -9.389794e-03 -9.988904e-04  2.473761e-03 -8.108746e-03  1.369198e-02
 [18,]  6.331663e-03  1.192357e-02 -1.161697e-03  1.012350e-02  2.165289e-03
 [19,]  5.053089e-03 -3.768575e-02 -1.089753e-02  1.013225e-02 -1.097978e-02
 [20,]  1.201166e-02 -2.787901e-02 -1.058544e-02  1.892487e-02 -1.445852e-02
 [21,] -7.890138e-03  6.087435e-02  2.454324e-02 -1.485103e-03  1.053163e-03
 [22,] -1.983605e-05  1.931358e-03  6.670091e-04  1.785571e-04 -5.848098e-04
 [23,]  1.596361e-03  7.726668e-04 -2.995817e-03 -1.233836e-02  7.418769e-03
 [24,]  1.434724e-02  9.663792e-03 -1.053115e-02  8.109390e-03 -1.515211e-02
 [25,]  7.290710e-03 -1.317197e-02 -1.107587e-02  4.852486e-03 -9.651726e-03
 [26,] -2.635918e-03  1.830118e-02  1.111948e-02  1.059216e-02 -1.236576e-03
 [27,] -4.604397e-03 -2.486206e-03 -7.838928e-04 -1.597575e-02  9.812688e-03
 [28,] -2.335440e-04 -2.193405e-03 -7.490889e-04 -3.038495e-04  5.947469e-04
 [29,] -3.770214e-04 -5.914664e-03 -1.315769e-03  3.061510e-03 -6.227289e-03
 [30,] -2.330992e-03  2.594211e-02  7.074633e-03 -7.900717e-03  6.198347e-03
 [31,] -7.452187e-02  4.149509e-02 -1.606431e-01  1.052371e-02  4.034000e-01
 [32,]  6.423405e-03 -2.833182e-02  1.186579e-01 -2.891176e-01 -2.218908e-01
 [33,]  1.192002e-02  1.942165e-02 -8.068087e-02  2.932603e-01  7.548415e-02
 [34,]  7.941670e-04 -6.684246e-03  2.684743e-02 -4.465736e-02 -1.884870e-02
 [35,] -5.787939e-02  2.854285e-02 -1.092858e-01 -3.203608e-02  3.488878e-01
              [,241]        [,242]        [,243]        [,244]        [,245]
  [1,] -1.148208e-02  2.895021e-02 -7.023304e-03  3.053024e-02  6.160269e-02
  [2,] -1.158816e-02  9.805767e-03 -1.369977e-02 -2.004904e-02  4.384965e-02
  [3,]  2.960014e-03 -6.148992e-04  1.709989e-03  2.472218e-02  3.330511e-03
  [4,]  2.207691e-02 -2.636752e-02  1.909158e-02 -3.355773e-02 -8.403685e-02
  [5,]  9.744640e-04 -3.186376e-02  1.148265e-03 -1.269814e-02 -2.743186e-02
  [6,] -4.394668e-03  4.068479e-03  3.489324e-03  5.057218e-02 -4.319806e-03
  [7,]  7.886794e-03 -1.872031e-04  1.686159e-04 -5.728730e-04 -1.299131e-02
  [8,]  4.169839e-03 -5.414517e-03  5.064199e-03  9.589741e-03 -2.763852e-02
  [9,]  1.725006e-02  2.689930e-03  1.088167e-02 -2.322555e-02 -2.965554e-02
 [10,] -8.066362e-03  9.310050e-03 -1.017572e-02 -2.143015e-02  1.959035e-02
 [11,] -5.689651e-04  5.594024e-03 -3.637408e-04  9.810641e-03 -2.454327e-03
 [12,] -7.251238e-04  7.302108e-04  4.704085e-05  1.270570e-02 -4.993220e-03
 [13,]  1.271112e-03 -3.204904e-03  7.775079e-04 -3.379820e-03 -6.819664e-03
 [14,]  3.833887e-03 -9.959357e-03  4.562271e-03 -2.745151e-03 -2.480527e-02
 [15,]  2.609295e-03  2.144897e-03  5.287576e-04 -2.206470e-02  1.011998e-02
 [16,]  2.323532e-03 -3.365537e-03  2.433856e-03  5.424583e-03  1.259912e-02
 [17,] -6.359513e-03  9.617981e-03 -3.790677e-03 -2.111811e-03 -6.499195e-03
 [18,]  2.032496e-03 -1.246308e-02  9.197363e-03 -3.823164e-03  6.845159e-03
 [19,]  6.213983e-03 -1.028963e-02  7.026322e-03  3.923592e-03  1.473698e-02
 [20,]  1.105961e-02 -1.616491e-02  1.578980e-02  3.182187e-02 -1.904561e-02
 [21,] -3.636031e-03  6.634023e-03 -6.786544e-03 -1.020500e-02  4.590702e-03
 [22,]  5.005300e-04 -9.631229e-05  4.967888e-04  6.614265e-04  1.446859e-03
 [23,] -9.393255e-03  4.227458e-04 -5.495775e-03  4.690672e-03 -2.811880e-03
 [24,]  1.471825e-03 -8.585198e-03 -1.094713e-02 -3.228496e-02 -2.082577e-02
 [25,] -4.834457e-04 -7.207160e-04 -9.391243e-03  6.205447e-03 -4.774083e-02
 [26,]  7.295907e-03 -1.232640e-04  1.095366e-02  1.822985e-02 -1.639701e-02
 [27,] -1.132615e-02  7.165587e-03 -1.121015e-02 -5.016691e-03 -6.128497e-03
 [28,] -2.889491e-04  3.892438e-04 -2.543388e-04 -6.053747e-04 -1.395377e-03
 [29,]  3.519328e-03  2.123172e-03 -2.224494e-03  1.085813e-03 -1.838963e-02
 [30,] -6.146412e-03  2.065339e-03 -4.431798e-03 -4.215202e-03  1.599936e-02
 [31,] -6.861571e-02 -6.973039e-02  1.731837e-01 -3.138821e-03  2.122930e-03
 [32,]  1.286492e-01 -1.481813e-01  4.138201e-02 -3.870155e-02 -7.264633e-02
 [33,] -1.005675e-01  2.046081e-01 -1.478518e-01  4.168546e-02  6.068996e-02
 [34,]  8.001564e-03  3.474180e-03 -7.835570e-03  4.935916e-03  2.994060e-02
 [35,] -8.116913e-02 -3.914728e-02  1.429656e-01  2.851372e-02  9.401119e-02
              [,246]        [,247]        [,248]        [,249]        [,250]
  [1,] -2.393583e-02  3.418450e-03 -1.595259e-03 -1.577676e-02 -2.467985e-02
  [2,] -9.558043e-03  5.018104e-03  2.715791e-02  1.049933e-02 -1.394158e-03
  [3,] -7.448141e-04  5.154163e-05 -6.343479e-03 -7.229424e-03 -1.938568e-02
  [4,]  4.470655e-02 -8.667367e-03 -2.224247e-02  2.162420e-02  2.545050e-02
  [5,]  1.758734e-02 -4.374220e-04  2.406862e-03  7.792957e-03  5.189811e-03
  [6,] -2.732844e-02 -5.077695e-04 -1.988127e-02 -3.158667e-02 -1.350284e-04
  [7,]  1.989981e-03 -9.939469e-04 -1.412453e-03  7.551593e-03 -2.800862e-03
  [8,]  2.752783e-03 -2.843660e-03 -8.126257e-03 -5.321554e-03  5.330218e-03
  [9,] -9.218694e-04 -3.134593e-03 -1.829128e-02 -2.016344e-02  8.483181e-03
 [10,] -2.756873e-02  2.629706e-03  5.917717e-03 -1.561310e-02  1.371250e-02
 [11,]  5.379516e-04 -9.837385e-04  4.275035e-03  9.538932e-03  1.601169e-03
 [12,] -1.021577e-02 -5.214893e-04 -5.501006e-03 -1.201033e-02  1.918298e-03
 [13,]  2.649792e-03 -3.784360e-04  1.766016e-04  1.746551e-03  2.732158e-03
 [14,]  6.517277e-03 -2.189667e-03 -8.607364e-03  1.021196e-03  9.667690e-03
 [15,]  2.025137e-03  2.894129e-04 -4.422961e-03 -5.107712e-03 -1.771879e-03
 [16,]  2.761767e-02 -1.508856e-03 -1.591881e-02  1.423782e-02 -2.808290e-02
 [17,] -1.956381e-02  3.158389e-03  1.876632e-02 -8.910138e-03  1.974423e-02
 [18,]  1.330102e-02 -1.426644e-03 -8.740577e-03  6.516066e-03 -1.114459e-02
 [19,]  3.256654e-02 -4.180260e-03 -2.191825e-02  1.662754e-02 -3.104895e-02
 [20,] -3.487519e-03 -2.096973e-03 -1.055834e-04 -2.148002e-03  3.363963e-03
 [21,] -7.773005e-03  1.110610e-03  3.434049e-03 -2.229715e-03  1.269185e-02
 [22,]  3.318471e-03 -2.108206e-04 -1.998431e-03  1.715204e-03 -3.261224e-03
 [23,] -9.162103e-04 -8.465066e-03 -3.563914e-02  4.493764e-03  3.642879e-03
 [24,] -4.029216e-02  5.642693e-03  3.784103e-02 -1.817818e-02  3.797811e-02
 [25,] -8.179750e-02 -6.175085e-03  1.208590e-02 -3.886115e-02  1.150435e-01
 [26,] -1.311715e-02  4.807296e-03  2.322068e-02 -1.059439e-02  9.429909e-03
 [27,] -9.959110e-03  8.922146e-04  4.452180e-03  3.057647e-03  4.494018e-03
 [28,] -3.051813e-03  1.666978e-04  1.759892e-03 -1.575862e-03  3.110451e-03
 [29,] -2.565553e-02  4.607378e-03  2.617593e-02 -1.727239e-02  1.983193e-02
 [30,]  2.263247e-02 -5.017018e-05 -9.066547e-03  1.719143e-02 -2.157442e-02
 [31,] -4.932338e-03  1.753526e-02  9.118226e-03  2.822471e-02 -1.228116e-02
 [32,]  2.475115e-02 -1.057924e-02  8.958369e-03  1.066384e-02 -2.583529e-03
 [33,] -8.321583e-03  5.230057e-03 -1.036796e-02 -2.671436e-02  3.534141e-03
 [34,] -1.096789e-02 -2.588025e-04 -5.014144e-04 -5.192873e-03  1.830635e-03
 [35,] -3.452416e-02  2.950486e-02  4.569090e-02 -1.182678e-02 -6.934499e-03
              [,251]        [,252]        [,253]        [,254]        [,255]
  [1,]  3.526655e-03  2.444872e-03  4.210628e-03 -2.731222e-02  1.101469e-02
  [2,]  2.294723e-03 -5.200439e-04 -8.605214e-03 -2.136671e-02  4.521587e-03
  [3,]  3.409692e-03  2.009241e-03 -3.689212e-03 -2.174928e-02  6.873252e-03
  [4,] -2.931284e-03 -9.781169e-04  2.614395e-02  4.961962e-02 -1.382700e-02
  [5,] -2.920659e-03 -1.187025e-03 -2.850064e-02  1.612473e-02 -7.553718e-03
  [6,] -4.284844e-03 -1.346674e-03 -4.997069e-03  9.269997e-03 -3.701335e-03
  [7,]  1.311024e-03  3.712333e-04  9.531491e-03 -2.166541e-02  1.070057e-03
  [8,] -1.022478e-03  1.858036e-04  1.402859e-02  9.101210e-03  1.448133e-03
  [9,] -6.372230e-03 -1.016422e-03  5.865275e-04  5.687182e-03 -2.225643e-03
 [10,] -2.862698e-03 -2.050352e-03 -7.706386e-03  1.365396e-04 -4.108126e-03
 [11,]  2.796657e-03  1.474723e-03  2.831313e-02 -5.562856e-03  4.914312e-03
 [12,] -2.849659e-03 -7.709983e-04 -1.415565e-04 -4.674545e-03  1.404672e-03
 [13,] -3.904148e-04 -2.706571e-04 -4.661333e-04  3.023572e-03 -1.219371e-03
 [14,] -1.660277e-03 -7.664286e-04  2.822296e-03  1.790165e-02 -6.704226e-03
 [15,] -2.445483e-03 -4.614810e-04 -1.083838e-02  1.170918e-03 -1.779495e-03
 [16,]  7.564656e-03  8.441257e-03 -1.016575e-03  1.995033e-02 -2.364426e-03
 [17,] -4.315645e-03 -2.553819e-03  3.662295e-03 -1.223574e-02  1.502513e-03
 [18,]  3.605831e-03  4.116967e-03 -8.682046e-04  1.067924e-02 -1.372537e-03
 [19,]  1.171843e-02  4.623932e-03 -1.128861e-03  2.472894e-02 -3.026918e-03
 [20,] -4.903839e-03  4.219884e-03 -1.444255e-03  6.475665e-03 -5.792699e-04
 [21,] -7.774303e-03  5.955905e-03  1.256993e-03 -1.166953e-02  1.111709e-03
 [22,]  9.281696e-04  9.949237e-04  3.301792e-04  2.466909e-03 -2.808330e-04
 [23,] -1.177285e-02 -2.709656e-03 -1.604920e-02 -4.477769e-03 -4.185706e-04
 [24,] -1.349226e-02 -9.881107e-03  5.392325e-04 -2.739550e-02  3.353473e-03
 [25,] -2.254871e-02 -2.173236e-02 -4.698930e-04 -4.307497e-02  2.322063e-03
 [26,] -8.955650e-03  6.610498e-03  5.051621e-03 -1.026906e-02  2.020616e-03
 [27,] -1.270224e-02 -1.586433e-03 -6.092924e-03 -1.338241e-02  1.898221e-03
 [28,] -8.371893e-04 -9.346124e-04  1.128424e-04 -2.205637e-03  2.613867e-04
 [29,] -5.730362e-03 -3.056450e-03  2.388736e-03 -1.065200e-02  1.376209e-03
 [30,]  6.750143e-03  6.325610e-03  7.129667e-04  1.496321e-02 -1.729173e-03
 [31,]  7.247796e-03  2.449402e-03 -1.176473e-02 -3.108936e-02  4.775867e-03
 [32,]  2.790929e-03 -3.682700e-04  2.284343e-03 -1.601743e-02  2.519852e-04
 [33,] -6.599202e-03 -1.546939e-03 -1.441013e-03  3.461022e-02 -6.203326e-03
 [34,] -1.420349e-03  9.538026e-04 -1.199812e-03  1.492827e-02 -5.262406e-04
 [35,]  7.250756e-03  9.680808e-04 -9.314649e-03 -1.219381e-02  5.193305e-03
              [,256]        [,257]        [,258]        [,259]        [,260]
  [1,]  4.144360e-02  1.502433e-02 -2.609598e-03  7.224840e-03  2.186754e-03
  [2,]  1.985070e-02 -9.860593e-03  1.448424e-03 -4.748233e-03  3.330677e-03
  [3,]  3.660831e-02  6.226557e-03 -1.594156e-03  2.738619e-03  1.649155e-03
  [4,] -6.688827e-02  9.131505e-03  1.900813e-03 -2.284222e-03 -5.869459e-03
  [5,] -2.112236e-02 -3.464245e-02  1.555084e-03 -4.578630e-03  4.833090e-05
  [6,]  1.645037e-02 -4.902054e-04 -3.892285e-03  7.836072e-03 -1.892018e-03
  [7,]  5.151127e-02  1.509283e-02 -1.274939e-03 -2.271206e-03 -3.326692e-04
  [8,] -1.151143e-02  8.377696e-03  1.265722e-03 -3.076860e-03  2.958557e-03
  [9,] -2.161925e-02  1.471406e-02 -3.590702e-03  1.229669e-02 -7.240599e-03
 [10,] -1.188904e-03 -5.121613e-05 -3.756705e-03  1.045277e-02 -5.170747e-03
 [11,]  1.605970e-02  1.586874e-02  1.363078e-03 -5.086886e-03  3.737158e-03
 [12,]  1.096004e-02  2.857544e-03 -2.508336e-03  6.701513e-03 -1.938153e-03
 [13,] -4.587973e-03 -1.663254e-03  2.888930e-04 -7.998187e-04 -2.420824e-04
 [14,] -1.594424e-02 -1.639329e-03 -9.906839e-04  2.804203e-03 -3.129734e-03
 [15,] -1.034057e-02 -3.188341e-03 -1.912240e-03  7.342168e-03 -4.194602e-03
 [16,]  7.755329e-03  3.590342e-04  4.729486e-04 -3.395781e-03  4.555166e-04
 [17,] -4.156592e-03 -1.161306e-03  6.410385e-04 -1.724444e-03  5.680916e-04
 [18,]  4.343403e-03  1.554486e-04  3.370973e-04 -2.384583e-03  2.260602e-04
 [19,]  8.696462e-03  8.481444e-05  1.295797e-03 -4.615233e-03  3.380388e-04
 [20,] -2.225799e-03 -2.460693e-03 -2.311514e-03  9.892773e-03  1.400538e-03
 [21,] -6.113921e-04 -2.328411e-03 -4.353419e-04 -1.629979e-03  1.835036e-04
 [22,]  8.615536e-04  3.584896e-04  6.006062e-05 -4.126364e-04  3.762023e-05
 [23,] -5.745402e-03 -7.969376e-03 -4.177615e-03  1.940454e-02  5.386938e-04
 [24,] -1.153567e-02 -1.983563e-03 -1.445640e-03  6.010638e-03  9.510699e-04
 [25,] -1.493081e-02 -1.031767e-02  5.988612e-03 -1.771474e-02 -9.039756e-04
 [26,] -4.193856e-03  4.478258e-03 -2.706423e-03  8.560793e-03  2.371497e-04
 [27,] -8.300838e-03 -4.336919e-03 -4.308881e-03  1.886538e-02  2.600341e-03
 [28,] -8.591036e-04 -3.972822e-05 -5.218005e-05  3.756453e-04 -5.060336e-05
 [29,] -5.307203e-03  4.185873e-04 -3.248876e-04  1.130150e-03 -8.393103e-05
 [30,]  6.456885e-03 -1.786548e-03  1.296877e-03 -5.831382e-03  1.770364e-03
 [31,]  2.185055e-04  3.961945e-03 -1.757132e-03  2.503792e-03  4.809658e-03
 [32,]  2.580088e-03  4.435721e-03  7.716698e-04  1.533713e-03 -2.151014e-03
 [33,] -1.835941e-02 -2.974651e-03  8.313339e-04 -3.967830e-03  1.017238e-04
 [34,] -1.645247e-02 -2.519399e-03 -2.350066e-04 -5.208501e-04  1.355213e-03
 [35,] -5.207299e-02  1.253683e-03 -3.392202e-03  1.127178e-02  5.031139e-03
              [,261]        [,262]        [,263]        [,264]        [,265]
  [1,] -4.565976e-02  3.041078e-02  2.174049e-05  2.178403e-03  2.904308e-03
  [2,] -1.573856e-02  1.044275e-02 -7.059611e-03  8.695658e-04 -1.517747e-02
  [3,] -3.400820e-02  1.692518e-02 -6.063466e-04  8.924234e-04  4.490462e-03
  [4,]  5.833711e-02 -3.845263e-02 -1.106613e-03 -7.702575e-03  5.460458e-04
  [5,]  2.794735e-02 -1.883136e-02 -1.368965e-03 -1.587062e-03  8.938649e-05
  [6,] -1.036594e-03 -1.591162e-03  1.341366e-02  4.324813e-03  2.441980e-02
  [7,] -2.395601e-02  1.564444e-03 -2.707665e-04  1.380460e-03  5.253776e-03
  [8,] -6.549288e-03  5.723572e-03  4.957199e-03 -9.561343e-04  9.970399e-04
  [9,]  1.858559e-02 -9.934247e-03  1.990607e-03  5.415215e-03 -2.683860e-03
 [10,]  1.734853e-02 -9.238366e-03  2.912562e-03  6.044695e-03  1.782212e-04
 [11,] -2.899959e-02  1.961923e-02 -1.823039e-03 -2.456124e-03  7.101162e-04
 [12,] -1.186140e-02  8.912750e-03 -5.225518e-04  2.878826e-03  3.113227e-03
 [13,]  5.054718e-03 -3.366595e-03 -2.406759e-06 -2.411579e-04 -3.215185e-04
 [14,]  2.294982e-02 -1.558935e-02  1.298200e-03 -9.898314e-04  3.554780e-03
 [15,]  1.387017e-02 -8.414539e-03 -3.315776e-03  1.387681e-03 -5.289861e-03
 [16,]  9.597356e-04 -4.479690e-03 -4.491878e-05  2.586522e-04 -6.289937e-03
 [17,] -1.188704e-03 -1.306084e-03  2.909525e-04 -1.286697e-03 -9.493717e-04
 [18,]  3.552002e-04 -2.847066e-03 -2.610939e-04  1.558514e-04 -3.896784e-03
 [19,]  1.296375e-03 -5.916288e-03 -2.864160e-04  8.131049e-05 -7.279412e-03
 [20,] -1.195459e-03 -8.328507e-03  6.458115e-03 -2.148754e-03 -1.061069e-03
 [21,] -1.221641e-03 -4.133224e-03  1.365057e-03 -1.181291e-03 -2.798753e-03
 [22,]  1.193570e-04 -5.256705e-04 -2.233198e-06  9.750657e-06 -7.487136e-04
 [23,]  6.359172e-04 -4.632741e-03  1.049660e-02 -4.390543e-04  6.393927e-03
 [24,] -1.570782e-04  7.072022e-03  2.794892e-03 -6.124026e-04  1.073642e-02
 [25,] -2.952353e-04  2.743177e-03 -2.391440e-03 -1.278926e-03  9.572040e-04
 [26,] -5.975831e-04  1.212229e-02  1.336388e-03  9.558311e-04  1.335495e-02
 [27,]  2.493542e-04  4.061813e-03  1.001608e-02 -1.166234e-03  1.482135e-02
 [28,] -1.056789e-04  4.958311e-04  4.911900e-06 -2.860560e-05  6.960398e-04
 [29,] -1.401282e-04  5.156691e-03 -8.182016e-04  2.185597e-04  3.588644e-03
 [30,]  2.672471e-04 -8.845422e-03  1.280137e-03 -1.448653e-03 -8.819484e-03
 [31,] -6.849575e-03 -4.701477e-03 -9.522017e-03 -4.775796e-03 -1.303982e-02
 [32,] -1.399287e-02 -1.259514e-02 -3.734329e-03 -1.802438e-04 -4.421210e-03
 [33,]  4.757828e-03  1.834799e-02  1.152178e-02  6.102396e-03  1.516036e-02
 [34,]  2.264523e-02  2.061664e-02  2.516015e-03  1.412257e-03  2.058517e-04
 [35,]  3.142206e-02  2.326781e-02 -1.240491e-02 -2.755839e-03 -1.985487e-02
              [,266]        [,267]        [,268]        [,269]        [,270]
  [1,] -2.549286e-02 -9.363830e-03  1.204376e-02  1.476986e-02 -1.662233e-02
  [2,] -6.482546e-03 -4.339609e-03 -1.922382e-02 -1.069038e-02  1.110595e-02
  [3,] -1.226258e-02 -3.027504e-03  6.684600e-03  9.390805e-03 -1.049085e-02
  [4,]  2.150141e-02  6.564934e-03  4.956137e-03  4.682312e-03 -9.433880e-03
  [5,]  1.313165e-02  9.126187e-03 -9.687273e-04 -4.144789e-03  4.891940e-03
  [6,] -5.809354e-03  2.278441e-03  2.858565e-02  8.220437e-03 -1.740716e-03
  [7,] -1.990030e-03  1.011736e-03 -2.461105e-03  3.145991e-04  7.506206e-04
  [8,] -5.953746e-03 -9.185292e-03 -1.629608e-03 -8.388905e-03  1.348742e-02
  [9,]  1.438233e-02  1.269396e-04 -2.086892e-03 -1.205536e-02  1.696105e-02
 [10,]  4.098961e-03 -8.107899e-04  3.056395e-03 -8.026394e-03  1.322221e-02
 [11,] -3.516081e-03 -2.759911e-03  2.641284e-03 -7.226520e-04  4.842400e-03
 [12,]  3.566882e-03  2.278399e-03  9.959910e-03 -1.638323e-03  7.638909e-03
 [13,]  2.822161e-03  1.036613e-03 -1.333293e-03 -1.635082e-03  1.840159e-03
 [14,]  8.824298e-03  4.087511e-03  7.078805e-03  2.060703e-04  1.451773e-03
 [15,]  1.144882e-03  1.132552e-04  1.233792e-03  2.942754e-03 -5.693839e-03
 [16,]  2.243127e-04 -1.527741e-02 -2.190425e-02 -7.204048e-03  1.784303e-03
 [17,] -3.031403e-02  2.644812e-02  5.977384e-03  8.423354e-04  4.529607e-04
 [18,]  1.065917e-03 -9.933171e-03 -1.346611e-02 -4.396425e-03  1.099947e-03
 [19,] -4.237185e-03 -1.358290e-02 -2.425286e-02 -7.969595e-03  1.960339e-03
 [20,] -7.997967e-02  4.952857e-02  2.175739e-02  4.207097e-03 -1.378871e-03
 [21,] -4.011487e-02  2.914508e-02  4.269443e-03 -2.886032e-04  1.047844e-03
 [22,]  1.716059e-05 -1.812936e-03 -2.580186e-03 -8.482652e-04  2.098235e-04
 [23,] -4.068661e-02 -1.064322e-02  4.484925e-02  1.204249e-02 -4.065652e-03
 [24,]  1.613703e-02 -1.009319e-02  3.605708e-02  1.197059e-02 -3.661291e-03
 [25,]  9.886346e-03 -3.048523e-02  7.871666e-03  2.394472e-03  1.350330e-03
 [26,]  7.354494e-02 -5.709906e-02  3.025810e-02  1.227620e-02 -5.343388e-03
 [27,]  1.363525e-02 -4.659787e-02  6.109613e-02  1.951524e-02 -7.530699e-03
 [28,] -2.489445e-05  1.691161e-03  2.424791e-03  7.974665e-04 -1.975072e-04
 [29,]  1.349687e-02 -3.671414e-03  8.042121e-03  2.934459e-03 -7.782765e-04
 [30,] -3.559823e-02  8.519849e-03 -1.902318e-02 -7.468781e-03  2.330311e-03
 [31,]  1.120237e-02 -1.010528e-02  5.283606e-03  3.353418e-03  1.650733e-04
 [32,]  9.452199e-03  1.367105e-04 -1.712656e-03  1.320003e-03  3.427735e-04
 [33,] -1.198818e-02  8.418940e-03 -8.322426e-03 -4.516573e-03 -2.540416e-04
 [34,] -1.042078e-02 -1.077062e-02  4.716820e-03 -2.303735e-03 -1.576152e-03
 [35,] -2.897928e-02 -1.222575e-02  1.364998e-02 -5.423945e-03 -4.795939e-03
              [,271]        [,272]        [,273]        [,274]        [,275]
  [1,] -2.296971e-03  8.070315e-03 -2.040813e-02 -4.334774e-04 -3.003607e-03
  [2,]  3.491574e-03  3.553141e-03 -1.115187e-02 -1.052126e-03 -1.799538e-03
  [3,] -1.949587e-03  4.910519e-03 -1.338807e-02 -1.889375e-04 -2.291579e-03
  [4,] -4.689237e-03 -8.587708e-03  2.589279e-02 -5.151744e-04  3.533569e-03
  [5,]  2.146506e-04 -4.353738e-03  1.122809e-02  3.811720e-05  1.431571e-03
  [6,]  4.902540e-04  6.721968e-04  6.265292e-03  2.092691e-03  9.449619e-04
  [7,]  1.113757e-03  5.708872e-03 -6.558770e-03  3.040633e-04 -1.855593e-03
  [8,]  4.165117e-03 -3.461571e-03 -2.234199e-03  1.091598e-04 -1.198022e-04
  [9,]  2.132295e-03 -3.039401e-03  9.672835e-03 -1.292134e-04  1.270186e-03
 [10,]  4.181531e-03  1.224302e-03  7.848397e-03  1.947184e-04  7.536028e-04
 [11,]  1.346235e-03  4.543157e-03 -1.654755e-02 -4.120530e-04 -2.779343e-03
 [12,]  1.251366e-03  3.736568e-03 -7.287901e-03 -3.579694e-04 -1.729364e-03
 [13,]  2.542839e-04 -8.934162e-04  2.259262e-03  4.798768e-05  3.325113e-04
 [14,] -4.198164e-03 -1.072501e-03  1.187884e-02  3.765707e-04  1.911460e-03
 [15,] -8.555187e-04 -1.850443e-04  4.933815e-03 -9.986285e-04  2.639035e-04
 [16,] -4.543843e-03 -6.551271e-04 -1.636396e-03  3.890827e-04  6.872304e-04
 [17,]  2.577198e-04  1.285872e-03  2.042552e-03  5.945127e-04 -1.164327e-03
 [18,] -2.642297e-03 -2.855922e-04 -1.351128e-03  2.000911e-04  4.012508e-04
 [19,] -5.101353e-03 -6.307529e-04 -1.659329e-03  4.611054e-04  6.882216e-04
 [20,] -3.456903e-03  3.145477e-03  3.886565e-03 -1.400532e-04 -2.179756e-03
 [21,] -1.735870e-03  1.519609e-03  2.392027e-03  6.096953e-04 -1.151265e-03
 [22,] -5.377896e-04 -7.311116e-05 -1.922864e-04  4.472215e-05  8.106207e-05
 [23,] -6.484404e-03  2.849731e-03  1.250847e-03 -3.632881e-03 -5.451902e-04
 [24,]  2.975053e-03  4.960514e-04  4.378163e-04 -2.605128e-03  3.013146e-06
 [25,] -3.205040e-03  1.366698e-04 -1.379104e-03 -2.472942e-03  7.864540e-04
 [26,]  3.274094e-03 -1.545776e-03 -3.784213e-03 -3.936003e-03  2.094798e-03
 [27,] -3.546843e-03  1.232433e-03 -1.511168e-03 -6.203534e-03  1.095206e-03
 [28,]  5.030651e-04  7.251586e-05  1.812403e-04 -4.292608e-05 -7.610138e-05
 [29,]  2.459805e-03 -3.435154e-05  2.617961e-04 -3.434247e-04 -1.600161e-04
 [30,] -6.243425e-03  5.207585e-04 -1.899447e-05  7.334859e-04 -1.894395e-04
 [31,] -6.895439e-03 -1.972758e-03 -7.994398e-04 -1.009283e-03  2.708530e-03
 [32,]  2.392730e-04  2.623374e-03 -4.940217e-03  4.328919e-04 -1.734408e-04
 [33,]  1.230199e-02  2.633710e-03 -7.299043e-03  2.529100e-03  3.297702e-03
 [34,]  6.433114e-05 -2.486580e-03  4.319953e-03  3.841564e-04  3.646949e-03
 [35,]  5.133949e-03  2.265160e-03  5.374946e-03  2.152601e-03  1.133543e-03
              [,276]        [,277]        [,278]        [,279]        [,280]
  [1,]  1.166669e-02  1.317377e-02 -4.609284e-03 -4.797254e-04 -3.566667e-03
  [2,] -2.030193e-02 -1.374634e-03 -1.793629e-03  7.854674e-04  7.701936e-03
  [3,]  7.303436e-03  8.171325e-03 -2.661823e-03 -3.310140e-04 -2.152611e-03
  [4,]  3.783201e-03  1.231884e-02  6.022216e-03 -1.310438e-03 -2.900845e-03
  [5,] -1.592588e-03 -4.821496e-03  2.122988e-03 -5.758663e-05  3.469698e-03
  [6,]  3.416219e-02 -2.033763e-02 -1.976194e-03 -3.208905e-04 -8.125869e-03
  [7,]  1.945821e-03 -2.328631e-03 -1.837189e-03  2.195771e-04 -2.627688e-03
  [8,]  3.901727e-03 -2.022359e-02 -2.251718e-03 -6.496938e-05 -3.727133e-03
  [9,] -1.605374e-02 -1.215930e-02  4.867472e-03  2.098470e-03  1.441410e-02
 [10,] -3.603469e-03 -1.410309e-02  1.685710e-03  1.202461e-03  6.430832e-03
 [11,] -2.463951e-03 -7.460305e-03 -3.124867e-03  8.120777e-04  7.284615e-03
 [12,] -4.845151e-03 -9.279159e-03  2.300709e-04  1.755473e-03  1.503562e-02
 [13,] -1.291549e-03 -1.458389e-03  5.102661e-04  5.310752e-05  3.948443e-04
 [14,]  2.995120e-03 -4.072879e-03  2.915668e-03  4.041269e-04  1.288480e-02
 [15,] -5.136617e-03  1.224859e-02  2.314618e-03 -5.993258e-05  1.865323e-03
 [16,]  6.580038e-03 -1.564826e-03  1.264473e-03  1.569979e-03  7.636018e-04
 [17,] -1.604914e-03  3.111617e-04  5.916609e-04 -1.349067e-03 -1.218284e-03
 [18,]  4.049344e-03 -9.711379e-04  7.761928e-04  9.575657e-04  4.627049e-04
 [19,]  7.019586e-03 -1.679462e-03  1.524186e-03  1.416079e-03  8.455655e-04
 [20,] -1.346704e-03  7.646013e-04  1.322329e-03 -5.808744e-04 -1.257076e-03
 [21,] -9.174119e-04 -1.256520e-05  5.352848e-04 -9.302818e-04 -1.210338e-03
 [22,]  7.767708e-04 -1.844866e-04  1.496946e-04  1.854543e-04  8.912006e-05
 [23,] -3.756616e-03  2.998432e-04 -2.614475e-03  8.802626e-05 -1.857267e-03
 [24,] -7.854379e-03  1.435379e-03 -3.600686e-03 -8.349404e-04 -1.826375e-03
 [25,] -3.713817e-03 -1.492727e-03 -3.866755e-03 -2.995307e-03 -3.674589e-03
 [26,] -5.196371e-03  1.215650e-03 -5.415660e-03  2.258175e-03 -2.114399e-04
 [27,] -7.319513e-03  1.169147e-03 -6.695640e-03  1.590102e-03 -2.678513e-03
 [28,] -7.284061e-04  1.732679e-04 -1.399922e-04 -1.737985e-04 -8.453803e-05
 [29,] -2.180975e-03  4.831308e-04 -5.314415e-04 -4.764192e-04 -4.185166e-04
 [30,]  6.262597e-03 -1.593639e-03  1.742492e-03  7.179087e-04 -4.539238e-04
 [31,]  1.036152e-03  2.889358e-03 -1.214199e-02 -6.894143e-03  4.765935e-02
 [32,]  8.870460e-04  1.374064e-03 -2.118763e-03 -2.255340e-03  2.783378e-02
 [33,] -8.851587e-04 -2.172863e-03  1.223843e-02  6.884798e-03  3.140484e-02
 [34,] -7.962303e-04 -7.389443e-04 -1.794663e-03 -3.916314e-04  1.593756e-02
 [35,] -7.556911e-04 -7.774346e-04 -9.858915e-03 -6.012132e-03 -3.512659e-02
              [,281]        [,282]        [,283]        [,284]        [,285]
  [1,] -4.236045e-03 -8.331046e-05  1.205324e-02  1.506870e-01 -6.111785e-02
  [2,]  1.458023e-03  2.176464e-03  7.970814e-03  1.302712e-01 -9.462954e-02
  [3,] -2.853078e-03 -1.826107e-04  7.297075e-03  9.275498e-02 -3.757392e-02
  [4,] -2.656640e-03 -2.127271e-04 -4.336206e-03 -3.222287e-02 -1.151162e-02
  [5,]  1.653927e-03  8.851748e-04 -4.441474e-03 -4.984640e-02 -3.075027e-03
  [6,]  4.876744e-04 -1.908802e-03 -5.398639e-03 -6.240247e-02 -2.613952e-03
  [7,]  7.203312e-04 -2.621317e-03 -2.809514e-03 -3.143355e-02 -2.286800e-02
  [8,]  3.388325e-03  3.559958e-03 -1.407248e-03  2.048899e-02 -1.161275e-01
  [9,]  2.757334e-03  2.109541e-03  8.298092e-04  2.899831e-02  7.077592e-03
 [10,]  5.939185e-03 -6.071899e-04 -1.147867e-02 -1.523527e-01 -6.623925e-03
 [11,]  3.871535e-03  1.535181e-03 -3.198509e-03 -8.842354e-02  3.959639e-02
 [12,]  4.706439e-03  1.539489e-03 -4.353238e-03 -9.941496e-02  4.753307e-02
 [13,]  4.689471e-04  9.222801e-06 -1.334342e-03 -1.668165e-02  6.765991e-03
 [14,] -1.037702e-02  2.575846e-03  3.592352e-02  5.832201e-01 -1.418994e-01
 [15,]  6.377672e-04 -4.162470e-06 -4.146864e-03 -5.590818e-02 -3.589986e-02
 [16,] -3.185991e-03 -2.984612e-03 -1.802175e-02  7.015916e-03  2.346221e-04
 [17,]  3.145936e-03  3.255670e-03  2.505041e-02 -4.877535e-03  3.402414e-03
 [18,] -1.828239e-03 -1.866065e-03 -1.160762e-02  4.305369e-03  1.547144e-04
 [19,] -3.407461e-03 -3.131199e-03 -1.884102e-02  7.817307e-03  1.734788e-04
 [20,]  4.715118e-03  5.208245e-03  4.304339e-02 -5.782814e-03  5.137754e-03
 [21,]  2.552456e-03  3.014465e-03  2.489324e-02 -3.037706e-03  3.659070e-03
 [22,] -3.761990e-04 -3.521926e-04 -2.125275e-03  8.282473e-04  2.740832e-05
 [23,] -1.978130e-04  2.134234e-04  7.962963e-03  5.412020e-04 -1.209707e-03
 [24,]  8.379435e-04  7.041927e-04  2.555978e-03 -4.375929e-03 -3.474993e-03
 [25,] -3.465447e-03 -2.942776e-03 -1.880545e-02  4.803518e-03 -3.195023e-03
 [26,] -4.618645e-03 -5.289569e-03 -4.365625e-02  3.703779e-03 -9.963201e-03
 [27,] -3.907560e-03 -3.809773e-03 -2.558681e-02  3.709434e-03 -8.944883e-03
 [28,]  3.527059e-04  3.304125e-04  1.995085e-03 -7.766890e-04 -2.597374e-05
 [29,]  1.180993e-03  9.174961e-04  5.317986e-03 -3.669996e-03  2.047596e-04
 [30,] -1.452708e-03 -9.055531e-04 -4.526528e-04  5.308244e-03  2.649544e-03
 [31,] -3.557810e-01 -3.620143e-03 -1.624907e-01 -1.137459e-02  3.394828e-03
 [32,] -2.162275e-01  1.880230e-02  3.140961e-01 -4.577318e-02  6.921744e-03
 [33,] -2.029241e-01  8.979991e-04 -1.145156e-01 -8.394197e-03  2.768976e-03
 [34,] -1.099865e-01 -4.619933e-03 -2.118416e-01  1.237724e-02 -1.050451e-03
 [35,]  2.164980e-01  3.987334e-02  4.413172e-01 -1.916539e-02  2.724071e-04
 [ reached getOption("max.print") -- omitted 250 rows ]]

